Bus_Voltage,Grid_Frequency,Active_Power,Reactive_Power,Label
229.19863421552736,50.18125355385025,484.0426657075334,121.22958952676711,0
230.99565259080453,49.993373040162425,475.3530078869591,120.13813652408143,0
230.8562684158578,50.08935577230152,476.8461515799858,118.55354930165858,0
227.89032940527787,50.0403375231718,493.3481628842292,116.77573850615406,0
231.6325060656251,49.87680481644236,479.23968588017243,117.47271877069971,0
230.99384974603257,50.02636791926206,482.95569103481006,121.00604751295648,0
230.80282119099977,49.87651215114249,486.6729617671747,116.84431328500543,0
232.50352058614516,50.02519468927121,481.7960955314635,121.22809377629555,0
229.98113339963294,50.08973381199516,485.93738148850235,115.72449912037257,0
229.70751499190087,49.906970250921056,469.94120394175354,116.93771425167071,0
229.64576193969276,50.05118363637364,480.69198808980514,120.03892680372886,0
229.08045963662727,50.02655962305597,475.96990704314044,120.35511280536754,0
231.04388794902442,50.12484831299275,483.719183128975,119.37873734494265,0
232.1723947830926,50.034933266734,480.9245190034562,120.97013975806139,0
230.06648372145906,49.99978147298748,473.2120657619827,120.77925935600251,0
229.9963447517552,49.87266023406478,476.2246630066368,122.62790490287277,0
229.59911317824327,49.99292934915916,471.77665568855923,117.41215478105843,0
230.6258906740249,50.0538234279616,479.2920609165537,118.75186739660941,0
228.42129963976876,49.942556789407504,479.75637778357617,123.3221831349819,0
231.63239129227628,50.02228570557704,479.31257094204113,121.60505087513054,0
231.4569074834436,49.7605996936251,486.88241942648614,120.79297838766254,0
229.60952654381924,49.98806588525318,477.8018635078863,115.26243477158079,0
230.87086930347,50.061567630510105,476.7624363344448,118.58086952501935,0
230.95420041523192,50.07533265733754,485.5422878423591,121.31670013691469,0
232.0407576947156,50.06900366809747,485.4132280419267,119.6267165339372,0
229.44873043375162,50.14275405416182,488.5551808766497,119.3606417484357,0
229.29842299564936,49.99540741571983,483.3691348840941,124.44176724786907,0
231.1783868730462,49.974793713687895,483.8514845350707,120.61364940373748,0
230.08038991349542,49.88538753881616,468.1959497735159,122.17771155196857,0
229.5991546197376,50.03457676487689,474.71694839095915,118.38967413974922,0
230.88859776421324,49.94091881979443,480.7166995605965,119.74347121963598,0
231.34070327743953,50.103974334843535,479.26790567638795,122.11660877899962,0
231.3920781182092,49.88872264177223,477.30932149038165,118.44769720851079,0
229.92130719665792,50.00137925457637,480.7529492772207,120.23177984581523,0
229.56151748025448,50.01875291436827,487.74284992330274,118.76712232547843,0
230.67660399641065,50.14840213191527,478.2363086066953,116.94970804792031,0
230.13789752681296,49.875901966074665,482.2078549996152,117.31116161553987,0
229.03869767292744,49.96022286036735,475.9750527514881,121.03808448990922,0
230.4374481758713,50.00678501224095,489.82152113199,120.5865516036171,0
231.61413944921537,49.920889598907785,477.3157424238635,121.88305244663471,0
231.78129615647413,50.239048100026594,479.9353018524269,117.95523849502503,0
228.9620897992972,50.00990579705942,467.3919979755072,117.15433106000208,0
230.24180083952442,49.92896265193753,475.1598897467674,120.69926087552966,0
230.6313676263177,50.07626417995636,481.64985150430545,118.93980911649182,0
230.63466621886093,50.032962278754034,481.7783865564453,119.77776766927717,0
231.15617762805704,50.042832373170086,467.3611240355514,118.86416003154737,0
229.98529000208075,49.981578531057686,469.7866612027559,119.05386661204477,0
227.7921421219761,50.28182967642117,474.06265823229137,119.09793056046318,0
228.99747851002738,50.13017613235224,475.2071947495451,118.04135953584108,0
230.04556075414152,49.86407175123559,477.8552793365538,123.8428574970944,0
230.89104767791198,50.19980515479413,471.6292271314021,117.70581485635094,0
227.51835089771708,50.05154849955698,467.87217639877116,116.65619242348103,0
230.85162966024467,50.05913347541227,481.6781021270955,119.40984050268524,0
230.5360240000183,50.05243407262961,476.77589180724544,120.47706171348761,0
230.90324981106582,50.00328191518528,482.2384138545807,120.18337140539262,0
231.38108809020835,50.041638961456094,485.2118901453213,118.70586503185676,0
231.02008416635624,50.02262927765473,476.8788033028422,121.319499782187,0
229.9747007296529,49.96251849345852,472.646192072895,118.36216720976523,0
229.0361206143989,49.859616072994875,485.1646981992935,122.20394154371309,0
231.33659095821994,50.15372072622534,485.5071312751237,120.12122283941102,0
229.58656376272398,49.99212820310391,481.671251203518,120.38968128142635,0
228.80725514363243,49.98230500802291,477.6698958509086,120.44387441368765,0
229.76219063106214,49.955190624185484,482.91791283781055,117.11609784736406,0
230.065421065865,50.159401081006116,481.77113767318025,119.91609694106732,0
230.67052280577838,50.21792151108292,486.28104760895883,119.40560839628273,0
229.85018634933115,50.12802758671369,478.81458348254915,115.23290189602842,0
230.5006473278508,50.1208875811825,472.015204308669,118.66384786484174,0
230.38618637376175,50.03734078513463,483.6817658165311,118.60918599303217,0
230.0140893651904,50.17163304993516,471.2828853473235,118.01350976587179,0
230.21419548798164,50.12748737187014,478.6515448876856,117.15633288258421,0
232.40555624408827,49.84553094408558,472.03320767885725,117.8780494078109,0
229.99035424575752,49.90515810850403,489.04237615955856,121.26289966348044,0
230.5318329441921,49.99414928955514,479.46846612839073,119.57146116618105,0
230.12329234329368,50.21869116611605,481.23617094602827,119.998442804028,0
229.2494065507546,49.9618379990007,484.21730605640414,123.30066771671527,0
230.0505568767389,50.04009669279311,474.9434347804219,120.94274033116054,0
231.1935670369957,50.11267877405779,481.25697121834366,118.60560836225112,0
231.45946529913616,50.0626758566148,480.30655164402606,121.7318735600757,0
230.12042086132988,50.06989555321822,478.66863557101965,114.1709153741583,0
231.10628211501992,49.86911313593231,477.49635506721944,120.09388250105111,0
231.8536876210335,50.03807212783602,492.11211755798905,118.93700681269958,0
229.11355715854913,50.01013819781033,474.8796242674062,121.78368695301984,0
229.88382648929166,49.90952273568471,482.60793345226347,118.75556152697578,0
229.6341388095838,50.106214349483615,488.6245980845231,122.32018684336659,0
229.08702853914397,50.03511192516212,474.3931082275938,118.92063486043308,0
232.44868500694278,50.10699020295514,478.85899292354435,117.10660776866911,0
228.52096255259445,50.00689199798756,475.39072147841983,119.61954734636703,0
231.53917230972178,50.128069400105666,484.4858355287163,120.02892866074808,0
229.2744445636366,50.17647088474372,490.71919403078056,117.50117447142881,0
230.07745458087294,49.971328912008644,478.1519012235315,120.95157242088256,0
231.49713490893043,49.850898485895456,475.04973555919145,118.81146745822848,0
231.25796435084555,50.04048488516048,478.8869222341079,117.59553414772351,0
229.91817398725058,50.06358261428663,479.9169352769698,119.84176715811296,0
231.46762400303348,49.992735158605306,477.88863494703776,118.10079374539994,0
230.71751176657799,49.964394664969625,482.07025458075293,122.3524627607514,0
229.0969634328571,49.893156678864656,485.7200194720246,119.70293461956932,0
230.29172865437306,50.09871038483895,476.8396860024333,116.97988262610507,0
230.79178522468348,49.98459810240028,482.22325184937336,121.97300434303318,0
231.5301687632759,50.27278507105189,483.3684081297531,121.48149794746898,0
230.34229869214207,50.01584521892733,473.12969298667656,120.32755832419014,0
230.4478884056184,50.0447785585109,479.6296235822254,114.93927195497118,0
231.5216881505997,50.117231922123736,483.88915689342275,119.84606302184741,0
230.70481047227997,49.92603016645368,480.9775495825829,121.11339944220991,0
229.95462484628166,50.15309375943868,473.00241387264373,119.9229954033378,0
230.4899526623676,50.115817098673915,483.37586242862966,119.10888113866862,0
231.62764807456912,50.051957704908595,476.6041093370567,119.75424624780707,0
230.2296835680373,50.10073463081463,485.9611917503187,119.79058182422564,0
230.99758310191214,49.99250672679994,472.2973631896552,117.38470418180617,0
228.4685577493945,49.953219016767775,484.02091224297754,119.66666645690653,0
228.43532880496932,49.91466100133132,478.17092477164215,119.95664862685666,0
232.47249590696978,50.00663559166517,489.6590599867111,114.55835407815495,0
230.32553565307478,50.086366112915684,486.4396919735048,119.06016419838603,0
229.72941596639433,49.95756627169407,482.84683434393537,118.40775049727989,0
231.09416698209245,50.06175874082283,469.9621670757662,116.91744647952034,0
230.30856526079663,50.01490842215719,481.4556502791407,118.74665034032552,0
230.5481943482697,49.86244338688684,474.1423371685606,114.63154123222188,0
230.08601152375127,49.83801064855146,484.51545090050325,119.57919433215508,0
229.72996817551902,50.04463544799167,479.2657398598321,116.44107695035564,0
231.9314325640691,49.92979666729627,480.4165177852116,118.27040018530953,0
228.74026722165542,50.09403842069097,471.7295598299863,116.58218365866878,0
230.20147864123103,49.8960515088293,480.7822984174773,119.44921059280023,0
227.27030580710965,49.983614566544254,485.5759878125461,119.38309873862259,0
230.46620002804414,50.087145661177885,480.11445407534717,117.00986935569068,0
231.46326874225667,50.01325250362599,488.9946838153172,118.43499883095552,0
230.67866043616112,50.012978403429045,483.2629752160359,122.33328816870167,0
229.89013388896927,50.16179590345639,480.3322663188105,119.10712101332359,0
230.56249016827294,49.93871069207151,484.20064077365026,121.61665006691905,0
230.6225007846066,50.15526843463015,483.4325244896898,120.06763304415496,0
228.57074938996112,49.989397203734335,477.2483285317168,118.7555473572468,0
229.59841244644628,50.1415342184156,475.42166714164364,120.8669212601408,0
230.72052850376295,50.10451366305491,475.951117458151,121.57391872535857,0
229.1514268565005,49.907126171225606,479.62235686975856,117.60297824556558,0
230.14178876364622,50.05068982266734,477.4190657614835,119.23658787945917,0
229.43415389122305,50.143038988832124,477.4052774176915,118.04748014926263,0
229.97653799270634,49.996332659671346,481.6125385532398,124.85591921175309,0
229.6185769569691,49.97754843982894,480.48575602002614,120.42904301992154,0
231.36749166414876,50.099068751113045,479.7452187597037,118.99623676542839,0
229.2290729035047,50.00467654615872,476.70687960055636,120.0713013555936,0
229.122686252364,50.083894103714286,476.6064972417595,120.8889735725179,0
229.93440464571108,50.03923322213952,476.92922244141727,117.44976483715922,0
231.29947847111183,49.89036754245067,472.91188461832365,122.86445588792685,0
228.85887513412797,50.1474091563661,483.9862723448549,118.06160089287708,0
231.17376824520136,50.16892349484805,476.71139776183514,119.37931079178595,0
230.31208433852322,50.092974835459614,472.85902002005207,121.39264381939198,0
228.5623602604104,50.06658103690464,475.17675299030077,119.58840409198817,0
229.67415356903643,49.99443259133599,480.5457567179963,120.54018502810524,0
231.56312334108136,49.84828633226786,477.0533880265636,120.9069579700885,0
231.64926984894922,49.79125213141762,482.9176739349551,118.4983676623823,0
228.81954161221114,49.932622940779765,476.6879918817107,117.97488881273495,0
230.13229822202334,49.96945201249526,473.94065707432054,121.54798318465183,0
231.12196632451258,50.10791650610498,474.4360361805102,119.93690960357807,0
230.89390601157152,49.97431781431807,477.5091160394008,121.93012404806936,0
229.46039614517193,50.00697109310342,477.1557733433985,123.12885320293502,0
229.66357913891463,49.984952295615436,467.20197513314224,121.31796319905644,0
230.38320968844474,50.04343557691246,478.30355016808335,119.6524430184452,0
228.62601942821397,50.04911177933001,482.12584224281346,120.59462279110943,0
229.59720234739035,50.15586692354276,479.2373361971491,120.63855251099723,0
230.95024030551315,49.92703262364622,479.24303571931034,118.03319129549459,0
228.99816587090228,50.07984555385389,476.5984526303571,120.84371921590079,0
230.65180115409476,50.13328261362978,488.8939076410247,117.48530224574955,0
228.08343421998944,50.02682045816099,481.77921208089793,116.80058222171074,0
230.45634949285903,49.96828410473558,478.002759912124,119.401650868298,0
229.39486943476214,49.87368849315869,483.47072628974286,120.64473077057488,0
227.48052537052885,50.08102546858327,481.68453895453354,122.27317686099268,0
229.41782532541697,49.95903741070573,481.6347216588826,122.4102018239588,0
231.27298282467328,50.08221850811914,485.9271417230634,116.91611641771432,0
229.21989606739882,49.948107611719145,480.6725367955519,117.16677354693232,0
229.50951315543773,50.115597851205926,479.9447348558088,121.01347681532083,0
231.34080103425921,49.99777634356683,486.75374096057664,124.8495278650827,0
229.2493014123386,50.03379352500681,471.38562405957083,118.04120535159244,0
229.784947365678,50.026865382006456,477.95955074296364,118.96340432444013,0
230.8019307885992,49.942622770666794,482.9913117888972,119.78685150632889,0
230.1404732249547,50.119689439044066,478.02118353860715,118.83244715222564,0
230.12371623402828,50.18978848709268,475.3413209680339,118.68919498938592,0
231.5521899198135,50.12711046265564,471.87342864548253,117.42403036990076,0
230.82955547485076,50.00381011602772,476.9214026337914,114.82022970597862,0
229.68734728447396,50.00868109570064,484.97846402780795,118.53835536609984,0
231.79399830273093,49.9151609951914,485.0955565626262,119.97384126730509,0
229.56928726166666,49.992298788667675,471.5719241480124,122.46313792348984,0
230.1620169160364,50.095160679638546,472.838103615176,120.61156649556709,0
229.86043110918965,49.88394989475703,480.24157726074975,119.69547488395473,0
230.13923486643105,49.97560144280938,480.34681478730715,122.27226340544873,0
230.10399180774937,50.0259476009881,476.5832417559585,120.55089357202388,0
230.33468150746384,50.109104953006266,476.565867559892,116.83000632468969,0
229.83841956113778,49.89493859812156,479.1685667200093,118.9887739253248,0
230.9621005738337,50.003471383981555,479.1605462025655,118.35572080936974,0
227.90940050939395,49.99035178010244,475.4742272696689,121.52867350664823,0
228.48097905237546,50.064929885733775,483.26534456553725,118.09911263362048,0
231.41969606405044,50.01000275163898,478.602608229631,116.60505676584552,0
228.1615561758312,50.02030784058358,476.59692637916265,122.94935166079789,0
229.305311388374,49.97807520370725,477.38230828319877,120.84277124046223,0
229.76225370696267,49.90740474805671,477.24562291411735,118.21109750894837,0
229.93805229173034,50.225824927787535,487.13662888572503,120.05476918122581,0
230.46297148118276,49.99403431242942,474.5141494377087,121.20052971606454,0
228.98971756727948,50.08861381126435,487.7045158450386,121.77422238778848,0
230.39075735900573,49.7666923060102,479.71187927483004,120.3447422700652,0
231.6174568871205,50.01944860459135,479.076457624426,115.03824362390979,0
230.94358083638494,50.095932319244554,483.66906085023487,118.96528710949318,0
230.67879522696518,49.93547900855545,483.68475269101793,120.60730659150117,0
227.92623340439815,50.09588205618038,477.7977789411845,121.78318930794963,0
230.1363558796211,50.14538095351909,479.6314819800683,119.520305429828,0
230.63327428294994,50.169922487085636,483.82570532430384,124.07835574458257,0
228.43376927218722,49.89336070495971,479.7545506607351,121.74084569920609,0
228.6702179550131,49.949127794501116,489.9968899688771,118.91078962620553,0
230.54630355386544,50.04034525763475,474.97992341905547,121.39463420137587,0
228.92047808823685,50.028652667196006,488.6669528452763,118.25116961392601,0
229.77664321035368,50.12866308754722,473.7349916974582,125.37229016045285,0
229.42660580706814,49.803796207259296,492.44022205871056,118.75455215032652,0
229.4724921146076,50.12236967745316,479.83725961812587,116.74666911805498,0
230.76914216988683,49.9151772376178,477.1167215522788,121.11067250349494,0
231.5805333120656,50.05237099780615,482.2291845754201,122.56089320898673,0
230.09109121133164,50.0703936654399,485.67669746900293,119.55928450206373,0
229.98759778945458,50.02624588795443,476.2018965404417,120.58392378020488,0
228.90251355246943,49.92215181837912,471.5531530717483,119.54295046539796,0
230.1500797995734,49.9284805481412,481.72825197218197,122.4810042667643,0
227.88954701234135,49.88762577440009,475.6112997916644,116.67439458933953,0
229.85594506860926,50.09157144679385,483.4418942406909,118.72289990209863,0
229.84283473579762,50.1078341027983,477.1075098765125,117.27679392729023,0
229.48837881920167,49.985022360267116,486.89115758882184,121.56621126119387,0
230.0429496957128,50.05619505247542,470.933704307776,122.39760453277331,0
229.97153027644637,49.894168505495344,487.7655111412114,125.71440285473139,0
230.08505387428193,50.23141023644002,478.86171474962725,121.61315953728776,0
229.39614119769934,50.04941338171982,483.3969610345403,121.76515344531052,0
229.41131227117558,49.938043340395815,492.40933261970434,122.10963416965117,0
230.8124081001075,49.98986212453185,475.1904058340647,120.8473811338894,0
229.9187341990354,50.083727410480186,483.4724427827366,119.31092961896077,0
229.9370626637998,49.909162764936646,483.84793836893283,121.30697566321116,0
229.08437534926034,50.08715478313255,482.2664758961667,120.39006457904553,0
231.00974238783556,50.053441412581996,485.4117440534087,121.52621025355042,0
230.4696170634923,50.01173525921224,480.30210032509206,118.70115054302491,0
230.91694113517082,50.170603062309674,483.39110138145577,118.63689786101338,0
230.35184482543823,50.1031830883311,466.61935506404905,117.97540978419707,0
230.1630529654371,50.08200562974388,479.461293066201,117.01237979178963,0
231.10147183340592,50.20188993436986,477.0217208730486,121.32087641042685,0
228.9621704398303,50.14847711720399,482.3223507201125,120.4299944584376,0
228.8897330335677,50.10297680942197,481.84951418938493,118.95166471370806,0
228.94960330148862,49.970178927723346,476.1701982050993,120.52334762037754,0
230.02053167969348,49.95217622479201,477.1865220568087,119.996591567678,0
230.47940298744248,50.02941702957792,479.4062704251189,120.4373901855741,0
229.28776747737885,49.843860586805434,479.0853746916861,122.02123076531412,0
228.7369102097214,49.851580795182095,472.7857750034102,118.59967691725853,0
229.7058361999109,50.11804010657824,477.1683400087908,117.74833394938356,0
231.41115612910195,50.05712961759987,483.47965494754385,120.34589868441142,0
231.29396617042187,50.124498462362375,475.20634140897005,122.2537359964615,0
231.759030647327,50.002938669445776,475.1120713312957,119.63361265589636,0
229.98486615747447,49.88801675525009,476.99754937412786,118.64414876148774,0
230.8705853330843,49.9946406180078,478.47688744470196,118.93814030698566,0
231.41491252777982,49.96988829642167,476.1756859537206,122.10891095443858,0
230.21924757798,49.94945486718711,478.15731606595466,117.99260391926798,0
230.42503435263234,49.98490874359478,479.506992148289,118.2529175359226,0
229.3195813739935,49.909671875134165,482.8495501513846,121.7202573012531,0
230.35737541941643,50.04537585628009,473.6717842463495,121.70098168841501,0
230.50426514037184,50.1581032115542,478.25238574385503,120.89745514848492,0
231.9213664873054,50.173400675614396,481.5247376857569,121.28486400602269,0
230.86942465141826,50.20562000085824,476.2911580097613,122.90853768381655,0
230.4766597388125,50.05560536713841,487.1178826917103,119.23160161253928,0
229.79173535694616,50.13101956150121,490.44105946911105,119.9250511478088,0
230.15189279533888,49.92992567922948,476.20373252976026,121.32292463920687,0
230.55900216414224,50.228049031658166,484.7384697435965,118.34500606880005,0
230.95698332789573,49.94203244052972,490.26101071698025,120.05094611283744,0
228.26682154387083,50.110836685884394,477.5680506601315,120.70575721192391,0
230.84820304748243,49.77096897499734,480.70816222296946,119.95652614939176,0
230.0774673936537,50.035053610203384,477.9803255719921,116.86320325370859,0
229.6205040074017,49.97215693775167,469.99744959816843,120.90008570197156,0
230.20195789572278,50.07635488700181,469.8633809685488,120.03839504857356,0
230.93229609466567,50.07840077888789,483.2279328140466,117.98974286079253,0
231.5128477549865,50.25128410198816,478.9112136200639,120.62031748828875,0
231.61349767236442,50.04541774372088,475.3404612809983,120.23663904474337,0
229.16048972839823,50.04150543323681,473.49707386633787,120.23384013537141,0
230.0388374185495,50.099305112401346,478.8609176865506,117.59024761190149,0
231.79307610842713,50.04061641397539,477.0229229157725,117.5141589787147,0
231.72083829475073,49.963393909628266,485.48823156154924,123.28934992989964,0
230.6438044714369,50.08650516466065,483.8299142712479,118.34616110367509,0
230.7681907292708,50.07948013516188,479.3594153468645,121.30998596980676,0
229.12515843646068,49.88627925226612,474.4998016513001,119.2811161320324,0
230.9088606855227,49.97325644472463,481.31195046231875,120.31680253747854,0
231.02413574613956,49.9843343772396,476.33524992757964,118.83346908217409,0
229.33949263853248,49.9843153910486,479.4097160247862,117.38085151184376,0
229.05244847255264,50.092881273635534,491.53410806351917,118.79202961527236,0
227.90701928012297,50.15801190162106,477.16758954517576,118.1343730604616,0
231.80034786843277,50.019201940091804,480.83638996517743,118.95622527557977,0
230.498636814634,50.011692097690165,479.3391286706417,118.20239424338132,0
228.77539061513255,49.937126191962136,486.38586595136485,117.72467144800532,0
229.14095839915404,50.07695268228157,475.5203250062252,117.98323384268788,0
229.81631526353735,50.06415157310489,483.4280783550299,121.44302077430291,0
228.80220342962932,50.11768833302786,486.453573064992,119.85330427476161,0
229.4246423649843,50.1829996192418,485.85225767353194,119.94018930532421,0
229.94452067448972,49.92552859549923,480.75699687578236,118.25465126065622,0
229.75083087531172,50.07479933646926,479.96997570706475,119.33682414255878,0
231.44103376694176,49.876847413823874,484.199716224911,117.4406158512332,0
229.20707062053097,50.038700382565246,475.62670994560915,120.52108407343822,0
229.7538147197911,49.91229370223612,482.094590225378,116.62593665546099,0
230.88613533342763,49.819935443787095,486.6455373198002,119.3842687631996,0
231.6781809841127,49.83772176834326,468.72544027110257,119.21784927067452,0
230.06801909642894,50.08034891097266,468.26893788630395,120.23374303198595,0
230.45411563320235,49.94518809730502,476.5763824818627,117.42940979390211,0
230.69085735435655,50.04587528717567,472.3008198132778,117.02567042750121,0
229.5158493153425,50.097943935419224,477.6940638485725,117.33198072709203,0
229.6943252559271,50.019164469996895,482.1372528947003,119.03572946372289,0
231.09129592707487,50.070770039854274,481.29802868818376,119.65680809783093,0
230.00995657426105,50.03714519313708,481.68056695449707,118.55670495801732,0
231.30813776130987,50.000123484064,475.9681077116265,119.86463563420867,0
230.59308094618348,49.90099173735937,476.2072513793211,121.3572696304402,0
229.38161613456347,49.967604047594364,473.1782839041976,119.19212265034983,0
229.5099465165465,50.03819002931063,480.57985151144834,120.60636529794695,0
228.1541596055513,49.97755639609211,480.73934136514976,122.60817959313484,0
228.9977959597844,49.89870081269132,481.9519032273164,115.52271455641392,0
231.6137649408911,50.02969013866849,485.06973749006096,125.66781475814585,0
229.82343501942344,50.07223980518476,485.1549302805039,119.65265792100752,0
231.749577694596,49.95457294861387,481.46442219892873,119.89522336813727,0
229.52884678915086,49.858860318507844,489.3181058374711,120.05505391353518,0
230.42517893627772,49.9431459510032,482.0856108734038,120.81003892580635,0
229.4524500693395,50.1643848631967,482.1765919167064,120.41353834770673,0
229.8810284298804,50.13232190540351,482.2132775204433,122.27923663326851,0
230.22136049940593,50.101940129398,485.9276510991867,117.00417083033074,0
228.92554942953362,49.99123465928725,483.09042615915183,119.11964141417101,0
231.193819553995,49.80142357676203,479.17764954687334,119.02699422215609,0
229.28055800238454,49.91411932963557,485.88616111612237,123.31640627019327,0
229.91475481986248,49.93287932224243,472.34701250384506,119.51916449454814,0
232.02382557148687,50.0716019000847,482.7909250068384,122.51943235242194,0
230.2443159248844,50.040570912949875,477.7872396201996,120.32778123828895,0
229.9853506435904,50.07147929371342,482.24264842122335,120.86044712485113,0
230.21234691629016,50.23171755072961,476.3279952846358,121.89758303403286,0
230.21976946572528,50.135594645717916,485.388118603324,123.0053235839788,0
228.95492839049456,50.09848226096768,477.6812866193832,119.80601514372529,0
230.32538952306106,50.17470188816163,485.1625514247069,121.74044055761615,0
229.03879511293863,50.130684614969354,481.8644813217602,117.77600341880279,0
231.1007385108637,50.057569993085984,483.79244093150703,123.55931211422876,0
230.57485312593965,50.183815698601954,486.7033382018445,118.78144404542473,0
230.4675023385549,49.98196349342673,477.98018369230283,120.33215091881362,0
229.1327787411465,49.859261059221076,469.8536388720328,120.10401185848797,0
229.41334879213267,50.18816250627575,475.3067983202573,116.86207227662777,0
231.08242509591062,50.06816468351074,483.0994960931748,120.96596632116703,0
232.62348126096688,50.08461448394078,471.272092012375,117.23787495749647,0
230.36171566342955,50.06217002976635,471.39461255257703,119.3691516422255,0
230.27510491669537,50.143303087164625,474.77765786814507,118.62548796775963,0
230.84716878539982,50.04656442292089,478.7732289013981,119.5357129342162,0
229.35722661078907,50.02485023077821,480.1457780887208,120.27859929793345,0
230.5393697031551,49.918750561833086,490.149119962069,122.04190684239806,0
231.83965657632214,50.064114887266456,489.28545856473846,119.9845546844153,0
229.17917719743923,49.93722098662368,483.9145703982736,122.55948978259374,0
230.79454815457493,50.1263606528903,473.24573157234704,114.92323303830364,0
230.37096139844442,49.89319401224461,473.3897025017908,119.44782143481102,0
229.9773315585139,50.028039459219784,483.7621911215991,120.09469042459794,0
230.249896087594,50.11143841415837,475.5289690522404,119.2542510430849,0
229.27327491747883,49.984364367464714,473.22043918142504,114.51639419766205,0
232.15008774026438,49.973583399989124,478.28023763727134,116.6858410561709,0
228.58255315056564,50.06443420279784,474.78942824184185,119.4066096513407,0
229.62399617034393,50.00921886913531,487.68704917590594,120.47437314208373,0
230.89669299285885,49.92780386615296,477.65967257986523,118.80886083717267,0
229.38231197625242,50.02130670004994,478.62775015451246,120.91767326136028,0
229.65813011568596,50.057755075295375,485.7070760777976,119.03227477223432,0
232.45204437867488,50.034991166559365,490.25497782553555,119.80391482055762,0
231.40682640166986,49.88456353316991,479.56225280232286,119.86261887554564,0
230.91158022459237,49.993175744360336,477.56500056090044,121.35719428559895,0
230.70447654989795,50.18557674786865,475.5735885578156,123.26515529657681,0
229.62871202285828,50.03378583495374,480.1519970445439,118.819292531967,0
231.3444047456138,49.94076462766052,482.8105720345718,124.27273866516913,0
229.6335896475122,50.11777418512632,486.64557591585725,119.7156611265316,0
228.77357597062084,50.01827847109953,471.7535446319938,122.15987389216158,0
232.29469262963318,50.06390364621407,478.75545671423816,121.65263472980777,0
231.9540724776428,49.81311286845868,477.4287448281712,124.03197227968263,0
231.2911794322676,49.854036793740924,471.66562405492186,119.19246224650907,0
230.22771010786738,49.937809139418334,486.5867778981069,116.86839260865625,0
231.22146424700577,50.101496069720774,490.4907141044864,120.02603241507904,0
230.19824562735184,49.926564729113345,485.6638143629511,119.78676553460566,0
231.76548032994182,50.09690899879103,482.6296379450287,121.18778269872722,0
232.53605875407632,50.03050007092045,469.9705892932976,116.69803141634827,0
230.59168345430783,50.036722369718596,477.58153968027614,118.83830200491036,0
228.83058421389578,49.993344644429484,485.66577701055195,119.87537923928757,0
229.93248181057845,49.941630505979674,484.24881410103774,121.3527457203489,0
231.93681686117802,49.99836135463682,481.5518910005757,120.12234833404808,0
231.44552121944523,50.00041884959544,480.6424115059871,117.53586502627061,0
231.4571365145303,50.01575763544698,478.3676893716372,119.46808183688461,0
230.01519415697138,50.20469647704137,481.95910871972757,121.06209351923938,0
228.15151357945092,50.05647892529446,480.92445240046845,123.62655317660833,0
230.23373506618657,50.088101621237385,476.6978435847415,121.58138094431341,0
230.85939920441166,49.69872215449762,484.766884296934,115.73374527985357,0
231.35703466319288,50.008334630947914,476.7481744649093,120.4355771451607,0
229.2623754119248,49.93108625974377,477.5396204599098,120.0139464890497,0
231.63263008597056,50.13032141862871,474.8623779600316,117.81234989316143,0
228.83278570437133,50.11320190598784,478.1900096864169,118.08211018314779,0
232.01247398500394,49.88893431916745,480.9854215990754,120.59783266864854,0
228.09595552793223,50.13451964043925,472.8450715302966,120.11900491786537,0
229.96755683224495,50.156936865931016,482.41539018339597,120.56634614442822,0
230.77648625400064,49.833905411903395,485.6264350639951,117.37481273095145,0
230.55742600955583,50.026415440046385,487.9430497899944,120.56044727985007,0
228.54861102555418,50.060599916375715,481.2141229675498,119.48291493438622,0
230.26256545090882,50.00233045696979,483.25841008225495,115.78195554620682,0
228.2511735970338,50.04114789519728,480.9300205305009,118.93487265189225,0
230.8795857777254,49.97878991430499,476.53217360265296,117.05255413081147,0
229.0608896710472,50.12490737319204,486.71343352619346,120.10579034841456,0
230.1262798824243,50.038294602007696,484.9728191100785,118.95782578675839,0
229.4334252194952,49.95547733667398,482.885552727865,121.8448837893175,0
231.60374657021828,50.114894609074234,481.53048128752783,118.70623837968957,0
229.64062150200186,50.11714306951393,480.9749893599615,121.28907082687788,0
231.25580106737124,49.92048925408264,481.1153189502274,120.14078682753141,0
230.4872676166985,49.994991936238755,479.2835953488605,119.05718296547039,0
230.62158186581277,49.961259742842444,473.5207206362925,119.30467586261507,0
228.74631276439132,50.0609085743285,481.7894844412658,119.94603127756417,0
232.33235394761553,50.06287966946001,481.12909217923135,120.21940967522379,0
229.6049153033865,50.02658721821194,473.68914878892457,123.48736262164869,0
231.43760663607952,50.093278359259855,481.997827159964,117.93850342955605,0
231.9919051784991,50.19790435227524,476.81641705179044,118.4248183572901,0
229.42396748811487,50.105707490277204,485.87220505825314,118.05452506699709,0
229.5265617210284,49.822647938552635,484.8247774027178,114.59661956149994,0
230.8937927520626,50.065120288486405,474.2411650646643,114.74093803307679,0
229.6094818447855,49.969554665505804,471.1418893612969,120.05609751119285,0
230.1271900334717,49.97230053657831,476.63409341432043,118.6401123018879,0
230.98184723050974,49.988157889683016,480.50885054974145,119.1262712908225,0
230.1611792137987,49.98332769518654,481.4337236762746,117.65055137556851,0
228.81118230073594,50.00917927667076,476.31515977184483,120.83715754854714,0
230.7015051732111,49.97022113076312,463.6922089032496,119.61723053650267,0
228.42871831303856,50.14617780823889,483.7867590447334,116.58757040132643,0
229.5610224995588,49.92571593945017,476.05142118969854,121.75464753343022,0
230.01949085837558,49.955662654384035,478.82893955619784,119.96810118385552,0
228.6976897576183,49.81880043431436,476.66920220192605,121.22934074534854,0
229.742484494005,50.045389918204044,471.88286397762135,120.58575034845218,0
229.72131149433662,49.975620488104326,480.22042871682385,123.27266525758864,0
228.34602740399473,49.980811530445216,478.98564211415254,119.53903801630088,0
229.6270646436354,49.94820206202052,472.2415095321971,118.84087255470092,0
231.27128087033915,50.038255520802785,479.55813568805223,122.8738853257148,0
230.00417422496247,50.1137264782842,484.06321998981826,119.04076961421755,0
229.31327088451692,49.994218412301215,484.16030703868444,120.46829176693318,0
230.55507781394246,50.04143947567252,476.6340415938028,121.01131595985751,0
231.78790790125663,49.93049514111569,480.3426381045472,121.80230816837539,0
232.21099717091536,50.076554413230866,473.81914704038167,120.78216395108086,0
230.35438727277693,50.15572048962049,485.14219060611566,118.8521227891053,0
231.53181927261116,49.9659394589013,477.7596677265534,118.60569684707696,0
232.35483104792058,50.112307003958534,485.5383611165102,119.30195278139448,0
228.7410381340034,49.87171271325148,479.6555244399109,116.95282703018871,0
230.64609911217818,50.2971064461697,477.6213394982454,118.82116086334754,0
230.59330723500415,50.03592632446361,480.4921889349316,123.81449361155433,0
231.02525160034702,50.19361452769458,480.95171795042705,119.39767451785157,0
229.4362052334622,50.0713601687502,481.8556166697856,120.33228714244379,0
230.13262969623594,50.03085316806368,473.13889327211723,119.38771500361591,0
230.54118884793266,50.097078296118866,474.4461427474465,118.03676071377008,0
229.4062426568781,50.00256878659284,476.90439369485296,122.75507194003072,0
229.56640535137205,49.95788492741496,481.41021310162773,120.47615701407787,0
232.04225293667983,49.92337831232609,479.49732306320385,119.10070857460825,0
230.77069899078725,50.111991312731845,474.7034199118558,121.43923441440235,0
230.33736812919534,50.05837033634304,469.92345156655983,118.38115149053813,0
230.7289151708854,49.85525256809884,491.5105725676707,116.4180439900147,0
231.64759421124432,50.07038094012434,476.1635138156126,120.83348601599906,0
231.07348972145263,50.03747506373836,480.6642959563397,113.57922524177827,0
230.8980813696623,50.114900643950065,475.653242454813,121.15026542223546,0
230.1213845172869,49.90282441573549,482.5166829491849,118.67026298341158,0
229.97484667816747,49.95589506266954,485.012028610828,118.00954965459131,0
230.6258235287298,49.980551552855005,484.3535527072596,118.95378384807124,0
230.46165836284305,50.02254697462661,481.5090683330703,118.56029769502062,0
228.33973837977376,50.076222338748444,484.25162109405625,123.95765877993547,0
229.04887521516332,49.992083696791504,476.99521327877136,121.10698759455667,0
228.6607685448579,49.93546550426398,479.1129769309106,123.04184412212685,0
230.9908538877634,50.0823324707504,475.97044813528123,120.30088525645,0
230.83732430211418,50.183127787040306,478.3727905452495,119.35509426735265,0
229.96110118392707,49.986229092512886,488.7861402032408,122.44661335530616,0
228.89850069243005,49.865612401775955,479.9209602218099,122.02804159372103,0
229.71726756594708,49.88140168787924,485.4135220781395,119.5152492703415,0
229.85758658309703,50.0397968770975,478.60251619361594,120.13860135696251,0
228.6141234699993,50.02859156680531,484.9276499652298,121.19950408699023,0
229.94137153194364,50.162514399053855,471.8139873386252,122.28783242994992,0
229.63582824238344,50.11346188791489,480.36113042850803,119.98538755811484,0
228.40163384830691,50.00092679041107,480.97743790779344,121.68283371914661,0
230.1913533506133,50.16622126200794,471.52613490119484,120.2962033051042,0
230.04377653669445,49.847839502633185,488.1168955554806,117.03480428451587,0
230.9957149609613,49.959613500345455,472.6374262450627,123.7329015376017,0
230.60317919750716,49.95412795516981,468.47445341901823,119.37909885667797,0
230.42555563960158,50.06729001064362,475.6676336816243,118.58095625345065,0
230.47757752660638,49.87760830531205,478.78293742644377,120.49635028948495,0
231.0337983093884,49.959224865309665,479.4170165043005,119.67905510590032,0
229.65974625350327,50.29927297845934,472.22301216579706,120.34960126510929,0
231.65860354854914,49.99350715810691,484.0219343678898,119.34194523624117,0
229.0874032431894,49.78775576612034,475.3307675580749,118.50340902172921,0
232.16735394440863,50.279572591609266,478.13900998506017,121.76798868307435,0
231.96323442536035,49.96720817898939,465.800997028515,121.83358552565426,0
229.3516365066438,50.0320463467543,489.49524032429326,121.01328913767982,0
230.43519622756855,50.118656670429075,474.80207749650623,119.38015210788417,0
230.11567156936138,49.698481880347835,478.70096599586805,120.49958967800295,0
229.65201105406558,50.26093075438245,479.01216005618943,118.94434420303162,0
230.96362699049521,50.06184990855028,481.49570741337686,121.10250604656802,0
228.93628339576068,50.061504878361745,476.1291503821963,118.23002364788434,0
231.0966238894209,50.05613255396966,486.92505740934484,116.48086464034456,0
229.38656382731168,49.92043479916087,485.60792890475574,114.96790838040505,0
230.74074563761346,49.87839569880012,467.0076704221415,122.62026315129265,0
230.40888298517396,50.072275839157115,481.1721666351351,116.98338549356055,0
229.6390690622911,50.171890991524194,477.4833487361176,125.71645551059245,0
230.67195713767768,50.07800676367248,481.2189650189789,119.12996617136737,0
228.98058942742563,50.01048133865184,474.1126728073712,119.12880016453289,0
231.42685052495958,50.22014797734717,482.71765974466734,123.61615335693078,0
232.1572568046035,49.96008045801474,486.12934517338164,121.28447005776253,0
231.04558875305386,49.89782765107132,467.34167412313184,119.75513159442868,0
230.52844990076957,49.92643334848825,483.3316566385569,121.15607336428356,0
229.63882749807033,49.98092820411263,486.086292934694,118.28724584368847,0
229.99923448666564,50.09482430093018,482.7864711746545,116.41612755140048,0
230.78146401864072,49.99460233291398,483.12350948844124,121.22958750288556,0
231.12131517068127,49.81544516326382,478.49522004106836,121.55072591166767,0
231.35326364829277,50.00395084291997,477.75863747713225,121.03555177766331,0
230.88019134294794,49.99792656020565,476.61060446577665,121.84392890229059,0
231.04187175608686,49.892842017575994,475.4215577507118,121.47732590177836,0
230.68671613907068,50.059925827953506,485.4972498257352,117.51157649681477,0
231.34722592172537,50.112708781739904,476.50306445797116,120.71713879651631,0
228.66083412796982,50.0389744991162,474.4290809640392,122.10854213833488,0
229.2546756043129,49.98138498734281,474.04328365480603,123.10581997216534,0
229.61220103048575,49.90175043846519,481.6746680281631,119.8160350666947,0
231.59831668766773,50.00422944798172,482.309546271544,117.27359329785554,0
230.0376212912163,50.07076988900907,478.0870379359656,122.90350197167149,0
230.27183418997527,49.91765644323074,474.6370402059256,120.00641376340171,0
230.47369419058214,50.06071073858441,476.28587150005757,116.79547977192388,0
229.99673081744342,50.09112100483689,474.43856155003385,120.98961127463546,0
231.00589358069703,49.93241855744443,483.40451838983705,120.46018812039705,0
230.7405141554776,50.06218330245946,478.9637512795517,119.82519579836148,0
231.36849604564827,50.09058953226819,487.466371325081,118.44021733976523,0
230.00106352030696,50.08767689134786,481.1024539923018,117.2068133103723,0
231.03448065259707,50.08295570808496,479.7872298517668,115.43489734908383,0
231.7036190551613,50.030609290459545,485.8402720116666,117.56732774476716,0
229.61630920090684,50.019475521848435,479.32109886227005,117.49247182916773,0
228.83551282529683,49.993318151056535,480.1284207026235,117.0294210545837,0
229.77864027437911,49.98563052515524,476.6286900734012,119.78146652616876,0
229.0704727283812,49.85639110067788,468.6226827279195,120.79428744638496,0
228.05291475874176,50.134658088159306,482.04055571636957,119.13908292050984,0
231.89291674101105,50.023228511579525,478.13991855214044,123.8902872623134,0
231.303090983285,50.13415157930272,483.11833746416505,117.10049355959214,0
233.79034255078358,49.916173643204175,482.1265201805867,122.60793744848603,0
229.57480360920047,50.13676476485073,478.94786370118857,120.66482523539545,0
230.52356737574715,49.88237337869431,478.75059708603806,122.6049318745072,0
228.78263331959448,50.085104143639384,477.9057934312787,120.96921642443834,0
229.82501046701066,50.01435468165862,478.17591554743046,121.12059620023484,0
230.51584631223702,49.94578812352055,482.4260522007359,123.63322567148681,0
230.53181552725115,50.05481548514977,478.14272695788344,116.61924542143973,0
229.85260260139626,49.92219248973444,480.08469699431606,121.10156758918313,0
230.20845201931138,50.088782761680044,478.57819465238236,123.21293781805564,0
230.9346271585908,49.9872290656011,474.65106258076673,118.68875156208358,0
230.19243411734124,50.06125816855759,476.76744195486293,119.28553009723082,0
230.9907382555967,50.01397987529867,481.9406691690861,119.46323518656585,0
231.21409428645734,49.93519677096175,476.7929786658721,120.8309747455253,0
227.9883465991174,50.17620915155904,473.63119988821916,116.05949452459718,0
228.79505506650867,50.2497716459469,477.35329459890426,119.34800554078296,0
230.04292039056605,49.962398682858506,479.86137838644544,116.23308160919046,0
229.3921250379045,49.93408165700353,476.5476067173864,123.02072565852666,0
231.4487513335985,50.257814456366866,482.07138699957966,122.20620329849858,0
229.0054556297509,50.03248887883105,479.800199410623,116.02708142515802,0
230.17537961353906,50.14229855483108,482.5838681207542,120.37384627950937,0
230.48993058002483,49.993798848434885,479.2848195012853,117.75504641655817,0
230.29025799888836,50.047668112039155,469.6852999076559,120.09333306302304,0
229.47097668870995,49.98463518574991,476.5968924779465,122.46294837258498,0
232.3037530942567,49.94939399683939,477.597659459638,119.74190121170605,0
229.63805104822302,50.08709568691312,473.9365910573987,123.62609733242628,0
232.43013673718454,50.088006953933316,477.45160038927605,116.89138189322954,0
230.51855548706314,50.15068399976137,471.04697987442654,119.68470150543853,0
229.9487928961322,49.85116294004129,485.6073569895037,119.11703941682896,0
230.2471229145485,50.024170919968746,481.23022059136434,121.24990886759161,0
229.13538841604475,49.973297595476055,470.42422640490145,119.08402697491657,0
229.2314507761252,49.96980938868769,483.2445531818108,116.22114409300329,0
230.31236114080525,50.05654213365319,483.1334351381869,122.02830815673232,0
229.71916379668164,49.922294207150614,488.0775092886729,117.94783085668352,0
231.2805750449719,50.000529915394175,473.2824871626244,118.66521828344861,0
230.97184187054725,50.011292678088665,476.8974993866601,116.16443902005511,0
227.64787920320038,50.115274088566686,478.73729097408733,116.6933193025863,0
231.23507001713546,50.170199124163496,474.58175470085905,120.17065586390991,0
229.18928144296387,49.86410655576959,478.48452125684855,121.87119156716993,0
232.0988483672201,50.0912391691459,484.8651283913366,124.10047045170671,0
231.39449526292927,50.19886891292067,475.56386005454794,119.82858879177792,0
229.3419460773067,49.95002151485646,480.95076842854326,115.59630965296337,0
229.07635208211056,49.89692681618206,477.1902469046554,124.39146569708419,0
228.54348399310965,49.92652331462635,478.3252807271662,122.90128796688295,0
230.33120356250964,50.047739868438576,475.86690404204296,117.26263256853326,0
231.8387315352051,50.116817651648994,480.6379440881836,119.46780078631382,0
229.32246050797383,49.96106975424604,482.73297401767707,120.95267054812551,0
230.5578918821851,49.82563322063193,482.4650660276543,116.61898908929611,0
229.5247890544595,50.11099766688069,474.9347773371388,117.7972029178286,0
231.68663256587868,50.10106061668243,481.0784648393202,118.72818234908873,0
228.5377489524422,49.882720837161344,478.3480401361223,122.51683422382436,0
229.78442121204554,50.00570697596087,485.41052140519184,119.06774333079058,0
228.97459208655474,50.07693491457644,476.33945106428297,117.94028136863533,0
229.7093253158087,50.01363182516359,477.7477623119635,122.01165249368033,0
229.66217349525283,49.867207733332584,474.39702961704586,118.99932931273476,0
230.7318123937786,49.90817941962923,484.85646278480294,118.70341380362851,0
230.20754741656773,49.95558494614343,488.3800128498092,122.22255647172517,0
231.87587014451108,49.91480823702756,476.47414047598704,121.5204860873504,0
229.31718081776603,50.18998728715437,477.1477495156469,123.67368861004837,0
230.2175637975203,49.85128609943709,487.2932820073292,122.60363962096913,0
228.63231910074754,49.95435841812981,485.63389435502495,117.13369928786534,0
231.89029243694011,50.04164668988554,482.120637532398,117.6861096835763,0
230.07959896446994,50.146691444266786,483.6438733080635,119.47650688191432,0
230.3353759111106,49.99107328705578,474.6317137208813,121.03195904722782,0
230.63254892529898,50.15548365459299,485.32992419836853,120.10691179109092,0
229.34244057170696,49.924882559198764,479.7947708027595,122.10049526193183,0
229.92547527144197,49.997606973736154,480.0280283881688,122.6013417041915,0
228.92096279282933,50.08153303997419,483.41950937247236,123.04751792312936,0
229.50677686573854,50.127235954528814,496.34201657904777,120.04947023007382,0
232.80898177722207,50.08660015142434,478.072924779952,120.6907656882611,0
230.28104694824566,50.12318210297728,470.98801394235807,120.0953274739446,0
231.20857048391846,50.03137202291537,474.28380334318916,117.97624477474147,0
229.89129760412993,49.987748830595734,475.60289319808925,118.87509638382983,0
228.15809210764283,49.99507749852816,479.7480527712869,122.27675736850331,0
229.78436821070918,49.99962836606167,476.05143376273935,121.09655742415393,0
230.05137769554042,49.97447024002654,475.4366963720297,117.78954319101749,0
229.81809363820395,49.926059237955,483.19968875637187,120.78993066734316,0
232.4360279263043,50.20724146868222,479.9440799566122,118.41023131914318,0
232.84736167856195,50.1118718531817,487.34987153030585,119.28378891874736,0
230.8421611690625,50.08149971242348,481.66540942636834,122.01454973280296,0
229.52909821586002,50.17093651873461,478.6220045839706,117.75651209488335,0
231.1097539923503,49.96027634447528,476.9909640668563,118.6626439145783,0
230.25077055294008,50.16915917648964,489.09850850402506,120.47652147246501,0
230.2388058672016,49.97950851499225,483.1083052351446,118.47772320866497,0
229.03790120269718,50.11252339091974,484.31898207249293,116.18469456778172,0
230.16329590955078,50.02007809986542,478.12676350166777,116.82158118019514,0
231.2908072435476,50.019270066457544,474.59528632734526,120.94798815779971,0
230.6538584990072,49.96328206925252,482.45827251455603,120.79595212869992,0
231.78616229098685,49.88814961883391,483.5408833660149,119.64759474036214,0
228.80225105215854,49.84225796151315,480.72613659173925,118.48585149733383,0
230.02763958693194,50.02458136780373,478.17209138566494,120.39602948391148,0
230.41173830942063,49.926046458721984,478.40525731374095,115.94471081802457,0
228.28429675722424,49.90024578766279,494.4158060190053,118.1793800537624,0
230.76985079476648,50.213596374614944,482.4272382607245,121.04383170974268,0
230.3029942875893,50.10820023492449,485.8484353745085,121.3933078408467,0
230.85390775480082,50.11019130332937,476.9418384931031,119.42079825375663,0
229.54864898250548,50.0375288930597,481.957445318089,121.8093964568125,0
231.32488535830737,50.07454248088395,481.92137845591526,123.3096267994657,0
231.2734785285277,49.931254409685174,480.40691663636767,117.767268937005,0
229.55748560419164,49.94241749009536,486.5666712812231,120.66915441267608,0
229.75317845105462,49.921563586718996,477.5507778713532,122.130906313522,0
229.8735298211157,50.10003752098194,477.21794517858706,117.22831298051507,0
230.74191957820477,50.02757424690225,473.04456167386684,119.28735186621768,0
230.36898764758325,50.08759208987493,480.35098133491766,123.57473547277549,0
229.65396999698578,49.96049099363495,474.1025412798222,121.87809419417106,0
229.6802295818419,49.96558476859637,482.5198993530571,120.8259930317851,0
229.4642253333513,49.90689685576371,485.6595227082414,119.2460795198441,0
230.78768695759538,50.04245716950952,486.8636078763696,121.54297034483997,0
232.33437359177722,50.049752761053966,493.49936736475775,121.00047140806655,0
230.26752183240825,49.91191282676303,487.77928590584764,122.34279266373812,0
231.39844072029257,49.886721997608866,475.307956601104,118.26526370918899,0
230.86189388454048,50.00517895172258,480.8995326128752,118.19843410126161,0
229.83124294863885,50.163085543644456,480.4028695967405,120.69054852360719,0
230.53676796684803,50.01314614669604,485.82130088313966,121.564816718519,0
231.7197877633958,49.87469370313155,485.58857361597376,119.2022793512414,0
229.627068550004,49.988953443699174,483.35662393623204,122.74263798225614,0
229.85234884503853,50.211511355859585,490.3448900524334,119.09026049581897,0
229.54647586505155,50.0718506463143,480.53112627972746,121.07402690382874,0
230.75478205356393,50.244178670660546,473.08148290859236,122.37094423343594,0
231.32784505084635,50.02838510266868,481.92677835582685,118.11601657140923,0
228.9767069697362,49.981993493842566,483.9223920461617,123.65445932647724,0
230.92276116320494,50.00637965378022,473.0017683594028,120.02563907212155,0
228.09763196698398,50.10922025424951,482.27940737998034,121.70782537609301,0
228.56288025594856,49.9236185111826,479.3452660385834,116.53273348589849,0
230.49428728748978,50.06831516132491,488.23084704516486,120.01320360509553,0
230.01398782153973,50.06863831772662,475.7790464444389,121.03190603168068,0
231.3670746113668,49.80691030627629,488.8608453324531,122.05527036637788,0
229.55118843906757,50.02599974481098,488.5008633002038,121.79614498416697,0
230.77365184754595,50.137337426947155,471.6228924052627,117.80395988188687,0
231.18720551903436,49.96825691478431,476.1520590466182,121.9341336359572,0
230.8265445773551,50.1203978882885,466.39170708004,117.78671968708589,0
228.40593978335164,50.19553046387641,487.2468969134225,120.97128030238099,0
231.3024133079729,49.9219607527557,484.1037766626404,118.43482419248768,0
231.01855301166154,49.88027975456645,487.708206808813,120.470093470364,0
229.47544013308482,50.01639351191156,479.6897776849186,121.756012836723,0
229.02640257882587,50.140595854251515,477.2459917248819,118.95658461220907,0
229.89484498792953,49.97750932887923,475.96482984848615,120.56090165696264,0
231.22526404665408,50.03626874862583,473.20877803299766,119.33754799462622,0
232.38240374500546,50.02132009592389,482.30178124655305,118.5997876456945,0
230.2410768183585,49.998706560883285,475.7295660112187,121.55277049425455,0
230.22626999821424,49.83655615537142,475.9661012123194,120.23685403277756,0
230.75062821774327,50.00662622825704,480.2809187410729,119.54797429310281,0
229.96471984563965,50.01583072721116,478.94328756870556,124.47596048999773,0
229.53180058909135,49.99527868256946,485.15356320332035,123.57172336717785,0
229.47427118050808,50.246977795299436,475.6736726771868,119.44122729629692,0
230.9896621726166,50.206550259522494,474.20258035892493,123.34142749149822,0
229.3300132625001,50.055270841782644,480.1270733480929,120.0040536430183,0
228.9679366727607,50.05473133596929,478.5231159755856,125.87999871915079,0
229.31986273463596,50.04171325050463,479.90680998646224,125.64443948108566,0
229.56358480345827,50.10003173537251,473.3337012922649,120.23107247740339,0
230.6011435197455,49.93627167813847,482.4224645225854,120.16768066446365,0
230.4750633747789,49.96406029785451,483.87419656759283,116.90561532132027,0
229.2146521470868,50.01260232109221,481.8150732784832,121.7726563380186,0
230.91647697651834,49.92711887012129,467.9376350595068,118.98648118217449,0
230.56193691084084,50.18197730075463,474.706081261696,119.74790317936481,0
229.93982115981422,50.02273969854469,478.47093936968696,119.10686064006387,0
229.65632354027494,50.10661253483194,481.5302934406953,115.87636392782841,0
229.78762229841843,50.05509089439248,475.90651097373,116.27916839560557,0
230.68302976379616,49.97726791381866,474.20055860483285,119.80139187355874,0
230.53122048946628,49.857161297313304,482.94112333953353,114.79612635732322,0
230.82385227889,50.0121792236386,473.36047578158076,120.39152968472256,0
229.50523667647803,50.08088460183664,481.4799356732645,118.73443585746118,0
228.46120122448033,50.08095046912419,482.4937132960206,119.57444497749688,0
230.85011321329998,50.07774600455498,483.10076185186017,119.28132876305672,0
229.60549847737525,50.15072635497032,482.7267405325527,112.94732092484263,0
228.44494888010126,49.92328628025226,476.7193965166867,119.51761034701764,0
229.2193953950335,50.13135840085232,478.672497184894,119.34327633780815,0
231.06268372867194,50.12754693940736,476.4165901324791,119.53215553307221,0
230.79987155111763,50.08849200187837,487.17034369124553,121.26200191895381,0
230.68772636395957,50.164488397968,482.8003756428648,122.21993009289716,0
230.8628387203076,50.159386595402424,472.86474045203465,124.18962418038255,0
230.93094961011698,49.93511919441767,480.33674658763243,120.71162123355943,0
230.70316384019054,50.199664278896456,480.770694570816,118.52897399818859,0
229.77822126000962,49.958300712192866,475.22813569169926,118.75712013230138,0
231.12457139607002,50.14491021333471,477.7758660161945,120.47576269414303,0
230.39902039139474,50.109780314012525,479.9951452241586,124.14828343777509,0
231.58587102507337,50.072143328072606,483.1120855818235,118.37473709651513,0
228.09607044622953,49.83475461961354,483.1923850123199,118.89147979534413,0
230.32297946365316,50.09003408884474,479.9909917353841,121.77468690807729,0
229.17538147664234,50.02708428016463,469.7014355127122,123.09608472133979,0
231.72636813039804,49.962443908716835,479.979798527088,116.72347834159325,0
228.55944478469524,49.87029608282862,484.10776615741247,117.97447702881516,0
228.202685006802,49.97495421981402,487.26955282567974,120.1105789972744,0
228.90920839235324,49.90801310207733,475.84867221489844,121.65727500059072,0
229.80480500525653,50.1540063844225,469.25813133942904,118.83979281111222,0
228.9526177364965,50.012914731508566,482.32713077152704,121.72507568986757,0
228.6521275911749,50.21228701927546,481.88477192250434,118.70547969097827,0
228.61481928312895,50.11167854692962,490.8137976400765,120.67050998934427,0
228.21347683992306,49.89408743955717,476.4731395286722,118.88223712960402,0
232.29295941345347,50.08078934671963,474.99395836258867,121.76048054507672,0
230.94260977823737,49.98800088839333,481.9001219800547,121.43543109562201,0
229.1126830548206,50.12160985753257,478.7052143821141,119.30063950265186,0
231.34048175571868,49.8998400579488,475.8981617179063,122.72881313263557,0
230.67947049149967,49.97426823452929,476.6818905477373,121.46213735417713,0
231.20050473912045,50.17421088381671,476.874299299925,118.07964093442635,0
229.4535583407503,50.06997437954288,477.7691667920178,120.74856856457166,0
231.0843826818752,49.943510727519765,480.3583563706597,116.96989778321102,0
231.4452044798473,49.98332135594594,479.7956382277566,119.4661042531906,0
229.7945214367135,49.90831448655448,484.0479991479728,117.63686349823016,0
228.94066600420328,49.955169383874114,473.8532288876165,115.96897285736817,0
230.93508881637143,49.972890179893525,482.34304499393477,120.36415230139038,0
229.68079819414487,50.14908201562712,480.8745457949715,119.98735899976126,0
230.1950823947009,49.78735502164014,480.0317194251626,121.97554974745823,0
229.0038738886855,50.09074974275785,481.98645670337646,120.5123879983747,0
228.82507177352207,50.10074946213241,476.97168319106584,120.1361298641716,0
231.06461548271358,49.99950815245691,482.76981455697387,121.94494078943123,0
231.10688703945792,50.13031175200894,477.3137337933752,119.52479007806599,0
232.21185188048116,49.927593520026996,472.0685151463985,121.34386797270429,0
229.5781721367819,49.95831577849957,475.2934441209659,118.0702234487064,0
230.4673130105013,50.07329468526696,480.8059992562239,116.76005993380076,0
228.8988901803498,50.07247502297416,476.5252299508468,121.18225285796676,0
229.51273775856396,50.146704291365985,481.46655991032037,117.64024546825759,0
230.14905085939878,50.04889056467492,487.1893655793887,125.73285345660061,0
230.57136676813144,50.01203531710973,488.5101591683697,123.86207360823099,0
230.93154785932958,49.89869043424367,483.6805238866622,120.60215648462803,0
228.77801024376566,49.89056128949343,488.56002914208074,120.7237585069911,0
229.94640544321254,50.34136334616307,476.70862613616424,122.6621475358275,0
229.30584446683352,50.02098982410008,472.66402769725227,120.47973474748862,0
231.19441809323945,50.10424015230739,484.8441151780577,116.13141240837166,0
230.3357868536438,50.045713701069445,482.31752736972487,121.68718544037247,0
230.95270496783465,49.94665812305871,472.80976769445164,121.17568105352338,0
229.86825517928506,49.81260151442582,477.36598961004694,121.487182268395,0
227.62801784166643,49.919441965718725,482.6049922420007,117.9601206463205,0
230.11964528641124,49.99081131248415,472.97619678595856,122.17459923417607,0
229.76452589033988,49.90894205934525,470.5475617898749,119.8455698585423,0
229.4521050293107,49.86411061410075,469.4646763150431,121.54651965748141,0
231.48158423893537,49.956318744026575,476.89121628545115,120.09193716520363,0
228.90061820401834,50.00878263179321,476.5455984828633,122.23412425764838,0
231.09593375790206,49.91512717406425,478.5330593698668,120.0006063650452,0
229.25853370434865,49.9114879997939,489.0583063188942,121.57607667874993,0
228.66963774678524,50.05863723846617,475.9991099952012,117.12529541425265,0
230.63742167965407,50.11411044249548,470.849597296978,119.03181998356797,0
229.7080552508056,50.0494344293447,478.0833010595289,119.34587478886327,0
229.04288084455706,49.893185370450865,480.78859473654444,126.07621159081306,0
230.7483497834497,49.95671946700794,483.01388175968765,123.26167025874975,0
229.20842347165816,50.078386245839866,477.64154825732277,117.73151855229519,0
229.643369629654,50.03456233596061,477.76444437416353,121.5987530876371,0
228.53217108719826,49.91216394783966,480.61373090498927,118.72009699013942,0
229.61620854828732,49.99063989866621,473.0850290927659,119.68683648636063,0
229.5102612813733,50.19727206021106,480.1713886099475,120.93812242526496,0
229.6785032286964,49.93261540047327,478.33083634936054,119.6386976382991,0
231.71831857698652,50.28534750395719,471.96086459090685,120.0569732288432,0
229.66528525156818,49.977312186515256,479.21355572192067,118.80899591788679,0
229.235538222904,49.97828545459765,480.25840379877764,120.35212934621698,0
228.28982807625576,50.09176762352003,475.3125204917624,118.71159217040172,0
228.90455803299503,50.02665278514738,482.7316382446652,120.10405263898318,0
230.02276496443108,49.889784662291014,491.3524575944514,116.51138330551234,0
231.34124074489483,50.1152291378486,489.80495193762135,118.20583744668528,0
229.19544223753883,50.17615666656597,479.1986401741354,119.26110034471452,0
229.33148804028994,50.05209240682871,480.20108474032355,120.85974245286103,0
231.41819813246943,50.03571984157866,487.118975130598,122.64374255464743,0
228.33448277409272,49.845901748106066,475.7804645474237,122.47669139591645,0
229.66425198002364,50.13760515770656,487.65783883908176,118.10179288933641,0
230.13185240898665,50.01143203125321,482.93059121798683,119.86421103383773,0
229.02720155079263,49.93828336092195,478.79702090057276,119.7690146291481,0
231.56405630563629,50.14546250617151,479.7558463483857,117.17853733415943,0
230.8332019347066,50.1216139072664,486.7362277262734,120.82242335411259,0
230.79948242716813,50.067732027704054,486.6177501844966,116.58100814348781,0
229.67503794433236,49.93993184557249,475.7319449016508,123.5368754907545,0
229.83296223903076,50.00829237512933,476.802219034132,121.90398023551893,0
229.77826244266737,50.08297670399911,479.344528295386,119.72724697521683,0
230.6187545475008,50.03194313570711,487.6064000882038,120.31536028411756,0
230.8310475359072,50.257971580325936,474.346085476417,121.5930008684961,0
230.34655623900423,49.981820291012156,478.346655990842,121.79003578129205,0
231.9881882864167,49.965686577572484,486.50094777962533,119.4992950192923,0
228.9606604594655,50.091878908750964,479.0693684121249,119.98480374852691,0
231.17812047176096,50.00182320273065,476.1092070518004,119.06248391829598,0
230.08067190272246,50.09186574317211,482.2170963630544,119.82543818706417,0
229.66289357405068,49.97074903971278,483.71552432372687,120.83011666603583,0
231.92796638056487,50.17266030899617,481.8978613065871,119.77554350919856,0
231.23406338283448,50.234324333287994,477.93242352353525,121.289120672304,0
230.4787305303968,50.16687090842375,483.451939121448,119.65399903912393,0
229.88308627554633,50.21804087327067,485.13997512375374,114.09781066020757,0
229.2884486912167,49.99165255688428,471.0934319745054,117.56980659611996,0
231.00073738125556,50.024653823124105,481.3046053569937,119.06063327627645,0
230.27328531440602,50.06612285736838,478.5666147155071,120.99140594022518,0
230.47195123746434,50.13428300756825,478.36391533203613,125.19136025236003,0
230.16295999909963,50.08044313973102,482.6729031741695,119.0226368045426,0
229.89065213691967,49.876977510946695,478.48865885242304,118.61079293891612,0
229.63548076817517,50.00385602564535,486.7262748148147,120.67545732767896,0
231.08436348826862,49.966329967575035,481.56829235534263,123.68716447663572,0
228.33647636987567,49.92409459382208,476.2809592318968,118.10267028180957,0
228.7813483760074,50.02617317480252,471.52178668444003,121.03269713986153,0
229.75201630495815,49.98166917046245,461.91625911145155,120.27801559548053,0
230.85542331227688,50.04565949558718,481.42875066450006,117.50771330213836,0
229.00928923649474,50.018941026370705,489.1766467588888,119.68664340933864,0
230.04255714959487,50.03923815559422,487.36136666207756,121.56879401047466,0
230.11015515687444,49.98491162158412,475.5369526609168,119.8885951746489,0
230.39144872832705,49.89035115781846,487.09805816237105,119.85627359716729,0
229.24912418627966,49.93000570299171,474.00967972707474,119.1894056742577,0
229.55957044325544,49.85227944702586,469.0530956158395,120.16190684668553,0
229.05488033987137,50.15661580730347,483.67085672092327,118.43364352243817,0
230.56985475775105,49.96782652057122,482.70015997297696,122.6813201028352,0
229.86007731416623,49.95578177159034,477.4234356034592,123.71346690672316,0
230.61268023366378,50.291371474203416,478.567206338176,116.58264104111848,0
231.06737554719754,49.83355169513712,485.13003541989815,119.43036623453135,0
229.2087699585772,49.87921203856392,483.0954950012153,117.85495442008052,0
231.62633020960766,50.03837438008092,482.86716400684406,118.71882797563605,0
231.51805929927275,50.146452232818184,489.05907805960834,117.47045175329185,0
228.99123971441486,50.04670188934311,482.5981099654872,119.697782143766,0
227.7795304572533,50.1021534145212,481.35321344629443,116.7936594082266,0
229.43946732964392,50.00015279516938,480.0932326289466,120.889291660803,0
229.1959926212532,49.97690401127462,472.7012860402285,122.18912122060564,0
230.5967880687643,50.04315220240435,488.24668541454554,117.20016660236018,0
230.28856968482933,49.98668648216678,482.9315316472458,118.34174856036944,0
229.00711074270092,50.20648521588545,475.3360115039328,122.44745526970098,0
229.98414928123913,50.22252926888643,483.51189940090967,115.15502668639371,0
229.497895834739,49.95460309235548,487.26890885510466,122.79220687810422,0
230.0164634532931,49.93556672840377,479.99353248770393,121.241053333087,0
229.16557337851245,50.135067558851205,479.779806017651,117.94811348214182,0
230.39974694974586,50.07642390633629,485.62752000846115,117.49357759806834,0
230.53567292982277,50.00870990487224,485.2688993771296,118.63783425367993,0
231.91651967463375,50.02572003885843,489.56601967359376,119.51517260687015,0
230.5275379010854,49.97403121615228,481.9465841828103,118.85562520138357,0
231.08259873306193,49.96466094699261,473.98897251365304,118.59716245583878,0
231.86533922925736,49.96008155828496,481.80009813955303,118.87332807850356,0
230.66476987059775,50.07371386050183,473.05257976553315,120.77901504615467,0
230.13239891236196,49.90167619844281,480.86379608900046,122.24348700738105,0
229.71426877929304,49.87237942019453,480.3812110937439,118.32667052091753,0
230.33244286868188,49.99584546894234,485.3257471946967,116.8379749440032,0
229.34398230451484,50.16644117551535,482.5929631948431,122.61137354375752,0
229.6304722213018,50.02853725290158,480.48726477689166,118.66190679421914,0
229.41803079544962,50.01576161593397,477.61220814403583,121.69268707815444,0
231.09100473371856,50.06808707970782,477.2607219437728,123.28589049346455,0
229.68832819813838,49.96529956257605,480.03035618746105,118.70207097666497,0
230.65729355195845,50.15017715863604,480.623723448479,117.8302575861151,0
230.15483812510686,50.05768852244095,472.0171477148338,120.74817382755023,0
230.97685565692026,50.044017024047356,474.9364932253401,120.92943726109229,0
232.2294255757764,49.833673989620685,475.39481765989905,120.63037964953217,0
230.0011708219941,49.978733370698095,478.31559911970277,122.51624206202827,0
229.47236059999926,49.985495685899465,476.5548872177653,115.64913094839407,0
227.54296829336016,49.93965299200243,483.9768203476709,119.06260938979892,0
230.75341216172484,49.988932947198656,473.6360973220394,119.5409470936552,0
228.87681483020498,49.95294725702768,484.63296508538843,117.59902624455589,0
228.98104001132256,49.93827217409107,484.9945284221925,120.45329862659027,0
229.13124371295478,49.83873821277772,476.93118814894893,120.38828110909724,0
230.6714126079566,50.01973619285942,476.75399832965536,118.3800942499724,0
229.51080398415863,49.975339062686395,477.6413787156643,122.15954164418562,0
230.26400529313338,49.982465388652415,489.85770566838994,123.59106004737242,0
229.686323033592,50.01966323821414,479.4688293595003,122.31300956286088,0
229.05195978580883,50.087245467907,481.3544664945632,122.71897489012231,0
229.95800779105033,50.19060461263351,468.83009667284625,121.81361986227931,0
229.0246625536592,50.183507789266535,480.82388534039916,121.60122831203505,0
228.9152492181092,50.05397837128946,471.31072233211336,119.52826507041603,0
230.13534365030296,50.064317615087745,484.27615927504536,118.48442853948004,0
229.4532778241442,49.88505352096598,474.3687640939577,117.77701791406328,0
229.62243572472306,50.00846340966414,474.3664265648118,115.24973345455783,0
229.87940470238755,50.121604802057774,481.2421397399194,118.8771326718545,0
230.65278008745935,50.16785189117513,479.866268506439,120.08405551900412,0
230.1648469344266,49.92671075057855,478.7350990879317,120.19601560460148,0
231.3363593935416,50.16354185898102,475.74435340633204,122.11352857570829,0
229.8826034923442,49.94512592867428,478.6324061073367,119.86248597353318,0
229.52451208809265,50.06250651730591,477.0417433390786,118.9509925711073,0
228.86201018272172,50.05580899875439,479.3818194849008,117.27442345294207,0
229.79642232309814,49.94453911598497,480.9096791295424,118.86032197091865,0
228.21643219568426,50.00541188089132,477.46336731354745,115.90898825769294,0
230.17870798572432,49.81908071770975,471.99429020338465,119.83293563229586,0
229.37389159190806,50.03255024213228,478.8562599036501,119.11862337684865,0
230.98481916184514,49.941452431262164,481.9356224530652,121.67662126534883,0
230.45496682392172,50.00432699406425,469.87041881101993,120.76635139005108,0
230.78464649836852,49.913523904380064,480.4971706446261,119.40858992139125,0
230.15223991339025,49.91419400107698,473.49167060641025,119.57222913205062,0
231.34957763876915,50.049399796807606,487.9748556399725,119.02884441003117,0
229.18948284572164,49.90947500522779,476.6348451423759,118.33883882503308,0
230.8502078871866,50.01785031317139,483.81521623463567,119.32290903693094,0
229.642344729352,50.07863897273331,477.9059596625693,118.82984626346276,0
230.5136480112646,49.94085139441925,485.5010596303768,124.23878099241499,0
227.9493752229839,50.041367828069696,477.15255192729694,121.2175184354163,0
230.32213718720575,49.95526153172081,480.5682462494268,123.8624901466409,0
231.0805433267829,50.10286656790157,481.9109206481166,122.14377987461583,0
229.72166496757052,49.87911796410994,478.37517433547197,122.52131284223947,0
230.7208269923186,50.00829347943005,480.1527734876036,120.59067108753143,0
230.25095413486136,50.24042832111836,471.41790893646345,118.18637040832887,0
229.47534917552576,50.12490404327998,479.75716688488296,120.87331988596178,0
229.0797123534208,50.07141327831054,487.99783909959353,118.98627762404666,0
229.78022918901505,49.930963596742224,483.0573915171701,119.92521404919317,0
229.25949462341285,49.97728772555096,479.32978266917115,120.62381528864881,0
230.21242283620953,50.29485989329932,481.719889985464,121.51322667147757,0
230.26337821293635,50.03501006914945,482.02002835660306,119.62647072975027,0
229.04657033842608,50.011543172132114,484.60720877276185,117.73230930728427,0
230.20455359123662,50.0171842425433,474.9581584598889,122.27267074049901,0
229.6517444321363,49.86662552974937,480.67021147136353,121.1156773820428,0
229.74228436578923,50.17416210355078,483.98687460859406,121.53111900953894,0
230.29557605228297,50.020566305128476,481.59542733257547,116.07785185903984,0
229.1705408162302,50.10601214244315,478.8050425568992,118.29864826742707,0
231.21722565257693,49.95646360479371,480.86213463722385,117.69908173819874,0
231.7097442960038,50.122926797232125,479.3924833550971,120.9475183965291,0
230.55763969331335,50.08861221759169,487.9532425074107,121.59363653855718,0
230.18277810248793,49.95584352451896,475.33058573518707,120.94543703986484,0
229.77524183645605,49.923301945320254,477.3666984451633,118.47913681077688,0
229.27194334673501,50.24779039615633,480.01290227779873,121.52898575128928,0
230.05151396997704,50.18355182913099,475.7974008470534,122.33706760479187,0
229.24204644787054,49.82676853599654,480.3612743880451,119.64403740141019,0
232.67555025444616,49.822956679978034,478.3433552058225,120.25626459399066,0
231.27345127222574,50.01501643076722,489.81347349217265,119.89816948302438,0
229.50613862400922,50.14400619760263,485.04916392106617,122.19535450282628,0
230.52622669002784,50.03811804598985,474.6535072698281,123.71506808222989,0
230.28740055303223,49.947458751493706,475.9122900382576,118.94711002296773,0
230.5154667544379,50.13757658223285,478.6316467039987,120.74483663802674,0
230.3903817167447,49.98018913065911,475.1083619650581,120.32606036114426,0
229.21912859254323,50.214566943357205,468.18521844189735,120.14783744799861,0
230.49803337811963,49.991149114708634,473.9078774280807,122.28956792238326,0
231.31841346912688,50.00971262048593,470.3760348602002,119.1440457740425,0
231.4064142277583,50.09847644798995,480.72579954641924,121.88175866830433,0
229.02022297317933,50.24609107791054,473.50130615318824,116.9618564119767,0
228.98012090447583,49.83969447038512,470.7389008912177,119.49646707320566,0
230.4444220916581,50.012623295625346,483.744666856963,121.80713090569127,0
229.83139527144274,50.04265854058383,478.2216859003121,121.53159851708443,0
230.9073649508935,50.18169795231914,480.4068921944037,117.5214269232781,0
230.61771349900195,50.17140999423432,470.3315742803935,122.82926276279346,0
230.0653735985472,50.17385076342076,473.31068975396107,117.84103875534106,0
230.54432643755416,50.13554221922309,480.7437520384347,121.6478233481256,0
229.65258805278708,50.0854237095006,473.36433495713817,122.6785100812358,0
230.21557149485074,50.07629292003557,476.4472156375733,120.83298254282498,0
229.69858554174354,50.07807846466671,481.7498071400943,119.89761048037383,0
230.85735034700338,49.99447492657659,478.82442941622276,119.75035483009229,0
230.3507974523706,49.94979073628453,490.28476533154105,123.93650413773466,0
231.0746477409245,49.96243141864426,482.83954319401744,120.5428142268295,0
230.48484344651126,50.09301326849291,479.5914372859341,116.29078959571146,0
229.7794179784455,50.018585250211494,478.9318854532108,119.32205045860627,0
232.3060391601821,50.177544880086096,482.4301956944575,121.43190976249763,0
230.0152115034583,49.96504119273986,486.29964506811035,117.3579886022771,0
231.72083494605585,50.0205337425349,477.23054861348663,119.06870390321626,0
229.43573591982613,50.11124917543582,476.328436140416,117.60616072306082,0
230.3000349823911,50.05205765837798,473.7995153367973,121.02515302239313,0
227.8922334116004,50.033648290831756,479.5195126302906,121.36922374738135,0
228.84944013152125,49.921178380107946,488.11902389861336,120.99233412867271,0
230.12054415196923,50.111201932822986,472.86318965366877,120.90102949495015,0
229.50827718180474,50.02481424501869,476.73866962659207,120.83840562948998,0
228.06723953555803,50.15347937955281,486.1891178867046,122.20496281086066,0
229.29780939005303,49.86570398533778,483.38351221484703,120.57376323771841,0
231.94641043038663,50.03239367774445,479.28910417923794,121.97708497951922,0
230.3970750499169,50.010539870001416,478.5547721162411,119.52450208528168,0
230.12543467949715,49.85031010150431,482.8426050758813,117.62417956922008,0
229.5139295942237,50.118516065675045,474.30158642360755,122.8510915189095,0
229.02687516681587,50.11841742162771,472.0802195252478,123.0388409369772,0
230.4846561611372,49.93434345059572,480.83436252686465,120.21413057087962,0
229.9755749125624,50.07628763328196,489.4297224713517,117.96033371714466,0
231.03138708697892,49.94719389275983,475.3230279931762,121.07805504648631,0
231.52162862471454,49.87571969425347,483.56795011397037,117.698863530878,0
230.4893242698033,49.96601378816066,470.18418235617935,123.18215357464103,0
230.3246974383282,50.09376947487067,477.5451960575098,118.82244756649685,0
228.55255124737513,50.07781555448404,487.7827768358176,118.15135652475709,0
230.11985338133894,49.9355067751874,480.50003202511243,120.53224220077827,0
231.91430876701403,49.99666727066435,480.9532184578939,120.07844591717443,0
229.91725555296958,50.039111362612914,475.70021371032516,117.47066250844779,0
230.12890563536953,50.10532925739041,483.5984974737276,121.05929267171696,0
228.90565306653278,49.84912600357665,476.84077296726383,116.57913040812362,0
231.12077473523604,49.896394372248494,479.92963606671196,118.5766602723208,0
231.26436393716435,50.030829085039144,479.33532164912214,120.02342596877106,0
232.3031267326637,50.03448831163965,471.20101548904427,118.42739502489695,0
229.1517925714557,50.07861018901881,482.04683506292884,121.2164473212179,0
228.97403423784044,49.954624323487636,483.15145539023126,120.31314640653687,0
230.439132057906,50.084380075763775,481.0798151552814,116.7602429709229,0
230.89709678310643,49.96350469245905,476.0144618547645,116.73396124315074,0
230.22778357625174,49.94670164273465,474.75759647587824,122.37519881804768,0
228.87266405897697,49.997983795580424,474.35613759532936,124.13765379973704,0
230.18456346658385,49.94507729483066,485.3169735717257,119.70907601143537,0
229.18108761038894,50.09436492151072,483.45601116512256,118.83613309983818,0
228.5373184707033,50.13019467377823,476.21095464638984,121.08213949515185,0
230.14481679360858,50.06703885402681,477.99144927154157,118.89644914839819,0
231.10554456295168,50.01350849115197,478.4794603560036,121.5681882014766,0
229.80086755900817,50.123664044259094,483.2254140354654,119.01480361649588,0
229.26510673291025,49.9199279403317,472.4489639761499,117.17091594018876,0
230.6130827814285,49.9760765475475,478.581265378564,118.49555120425406,0
231.11274594052063,50.02404968951952,477.87107948922227,120.44299924024544,0
231.30898470397398,50.16072922182226,474.5870598395178,119.57464609437345,0
230.7314835906126,50.214993891181344,486.2045428047629,118.37769677297484,0
228.654436140753,50.142277505127566,471.7287550738388,117.86627516084076,0
230.75472690464238,50.13372305398444,474.46438569375067,120.38031881541932,0
229.05910711202182,50.08330972288629,479.99734869843485,118.33317249555127,0
230.9643876110648,49.97022984566871,478.0460345295451,118.85974959561798,0
229.746298977654,49.9782050332791,469.16766304918764,121.11643086135454,0
230.47258320885996,49.89934267286429,481.13839295054925,119.77243147561627,0
231.21182013847877,50.05283411135054,487.2379626954896,120.21247940591327,0
230.76597111249637,49.981069006325455,473.6826564937713,121.51633474303041,0
229.83687791014842,50.02838319102498,468.5000691328264,118.45549914725896,0
229.96373333560052,50.134704177824815,481.16508976293727,121.05906544063564,0
229.93739903267627,50.15764817729678,484.15079332825013,118.19205211211086,0
229.51079411949968,50.13908736582993,482.58926604034406,124.67986949509951,0
231.56589934725855,50.083830021233766,484.8276716788578,118.77708349493602,0
230.8926246072097,49.92885467142519,483.27899723394563,119.7861933348077,0
230.9040260466985,50.13518030497214,482.4692568359962,119.41089061035038,0
231.33572751464044,49.96315463193727,474.62412107652807,122.52905069226702,0
230.68197814296968,50.13974280775859,482.4931132477684,122.1539589811269,0
229.87595175843356,49.905768440881644,481.5311902561548,119.37116455651945,0
230.5733909653951,50.05974395411859,483.6139447986968,120.45953211004974,0
229.53204760694084,50.097749400823254,482.3459095745587,123.64613547850281,0
230.9567165311281,50.015955274367776,485.9516135410734,121.30229527926475,0
230.85127080923905,50.18322207633142,476.8992462612458,123.31985940729831,0
230.46423123133795,50.07629214220994,483.8907622057241,120.83591547115697,0
230.83613903019167,50.030385865598774,489.67352337207,118.40755858392178,0
229.44833597358948,50.115333524151126,481.2590178603619,120.65572208297672,0
230.74161996371927,49.8015880974181,479.0267118574383,120.83924750570922,0
228.50088040091052,50.08269710252306,477.0731598936919,120.507198292389,0
232.078282856818,50.118844641001886,477.9457421696933,120.77560425926995,0
229.91267562576178,50.17223535733248,482.2089344798305,117.77290937145854,0
228.99604177708468,49.860817213190884,488.5363100232109,124.20624754987855,0
229.14810570608617,50.12372401704629,478.149539445383,120.60190802723548,0
229.23096824300552,50.116646782317254,478.4731331160338,119.45079199990401,0
231.00818301381358,50.06885792843942,483.2333629149425,118.47711286153157,0
230.24174994318275,49.94439145161867,487.5328690795463,116.17774741221709,0
230.85153252797969,49.966601960002876,484.5884395793838,119.48607298804951,0
230.00096215983652,49.95441671524674,488.1924566268152,119.4473251912093,0
231.196851081024,50.034196334379445,477.92931305909474,121.62048647671985,0
229.95670855941194,49.871020697169534,476.5666866553435,118.30825421447541,0
230.53158216854044,50.01807114682938,477.900630650213,121.67958198825967,0
230.39245483335708,50.183766086569534,481.6988542518736,117.96705265250927,0
228.92706582790552,50.135161762423635,488.9292096607103,122.40728813314139,0
230.37802866600555,50.11387273436688,481.6248649145651,118.98381181657543,0
228.72503226817503,50.10820643945652,482.0057588964933,116.94371459072414,0
231.0638914448627,49.97698060939358,482.74997292041076,119.20731894844717,0
232.0255517900089,49.797033450073904,485.24753417922153,125.46317023777192,0
229.68251642964447,50.03295700497391,483.1723971520444,119.98324854957566,0
228.05842340206283,49.896168777312475,483.77441733343215,121.44376024147282,0
230.69490241370676,50.08071091858042,478.11948107872246,117.7718150021969,0
230.79548222676604,50.024631673625954,483.7221522685702,118.02537358094364,0
230.28210626464116,50.01445944460894,480.41365533920936,120.98790617596852,0
230.94325297572445,50.10526994292258,485.75410041017227,118.8138837189496,0
229.5134564481445,50.076826147047576,487.00573551803325,120.24630287015304,0
230.0094320462353,49.955918311063286,473.4447974149347,121.05304037897059,0
230.36489164976416,50.024883111397074,478.3799363510976,121.48240082900975,0
228.4356989363925,49.90089069679883,476.6486011381781,120.59275285376783,0
228.27018720167936,50.046448011655166,471.64645640175297,115.29021521625164,0
229.81606980651796,49.96952107301001,482.70391440342553,119.26167109247007,0
230.5777034922164,50.08154437564321,484.34638108344205,119.63384470351002,0
231.19630306809287,50.02785303077166,478.1693026873503,122.06262349333032,0
229.41418462213522,50.011188194592414,477.42982443832244,123.17729455743199,0
229.94974504779512,49.91246475890881,477.03419089761593,122.65801718457061,0
231.00404068558237,50.106373042082595,480.2101702709393,122.12108117821938,0
231.6352461314684,50.07360696447338,481.39490021510125,117.4799763913715,0
231.47486120152098,49.98958326091316,487.5890576603563,122.81117392877651,0
231.57498173426612,50.077239150366275,487.48452514067475,118.88573513213251,0
229.72546285899514,50.007343699637154,487.1624811697792,120.24787884850328,0
229.19243733351564,50.10976730590009,468.233895115084,118.09177083816047,0
229.59359271942162,50.07044438454463,485.06935944472247,117.75779275619892,0
228.66739768985101,49.91549605277753,487.34745467001375,125.10670375182738,0
230.67780229084232,50.05076527328096,469.7628449550216,122.06671048561807,0
229.27937979280236,49.99494748486254,483.5961945588722,118.98998173290092,0
229.11740552807868,49.88096052393914,478.17905153594256,119.91969418867114,0
230.33587344795316,49.93948080027145,488.81002994461153,119.94204072766284,0
230.32874290723976,49.89328105169579,473.95940581024087,116.61407300167643,0
230.33894092577717,49.95007814870161,489.25022462610076,121.75859669164146,0
229.82232065863226,49.9688284006077,481.9663507076857,118.155419667985,0
230.35658848283,49.87575405891027,476.0854336009426,120.2018110867194,0
232.3830882995288,50.079341732756035,478.50491901563225,120.60253191552063,0
229.58780467927076,49.888145093478634,481.1517842356797,120.23898601220813,0
231.40036903229714,49.92860935432415,483.8071124824188,118.0156654709731,0
231.68665047812092,49.88105964632414,478.28330105431957,122.121935913791,0
229.44525039689756,50.042064164154695,478.8695495368279,117.01663517779933,0
231.09693619508576,50.13389913369487,476.9173691559415,122.24985188607572,0
229.85371968500698,49.94777602470765,476.19005696853156,117.2063525524702,0
231.95046230064352,49.9963986869518,478.77123425576866,124.42953352209886,0
230.8314306371178,49.92320024245957,486.90226376424755,120.89638748676421,0
229.85571251918083,49.99730411365359,480.1543849407502,120.79602597201966,0
229.30682770464125,50.04430671034634,473.2769211034686,120.8818612593546,0
232.2549102403832,50.18270760554909,480.3567338954558,122.10893923099705,0
230.36562236590512,49.87243853695906,478.9349105024721,116.81619896120286,0
231.43720629184517,50.06038343257324,484.878603254348,121.59357567505472,0
228.77188694591257,49.84119932703862,484.67125974941894,119.45620890014561,0
230.10201678110374,50.09154295864166,479.09560226949446,122.00260853282305,0
229.48929419215943,50.014258034603245,489.35714197320624,118.97111731286626,0
231.31131966641846,49.99104399447128,471.0841365112966,121.08123588469927,0
230.045900913326,50.11869367957632,486.1506134876574,123.48164857413835,0
229.72223830452984,50.16886445824027,477.5601830955146,118.81525050757112,0
229.7759490904492,49.86639743283427,492.7790264169728,119.68100742994802,0
231.37254786995962,49.96845976479858,474.52851963526996,123.50874053815768,0
229.86473105123804,50.261443063708455,482.5284156175989,119.95748038458878,0
229.55969116372472,50.01486198199004,475.91052400108043,119.01358115384329,0
230.4155857144347,50.13864150924117,482.38099044419187,122.59935031530594,0
230.79362131804086,50.01589248241506,483.67390558534015,118.8125499253336,0
228.61655726835926,49.89905225457942,487.74635412675417,119.02127823521451,0
229.45137691541,49.917765770285655,482.54965396606605,122.60143873177259,0
230.31880087144046,49.99580087956218,476.86406840662505,119.49303921708452,0
228.94512009442664,50.09673853989429,484.4201218991644,118.09552413294031,0
230.98621207625857,50.02005810015457,485.7669923657097,119.48762533743412,0
229.2022258008096,50.13876588241559,472.393990836523,117.84907462719407,0
229.76346182541295,50.05468245762763,474.8650305391916,118.94861185904128,0
229.79747852005187,50.08216498059818,483.0008929694573,117.34164159940059,0
231.56209567894632,49.9848473667507,462.449227389489,119.21184011351328,0
229.96795646123633,50.00711796671712,485.5133685020432,118.41526621111359,0
228.59873776589694,50.09886205170724,482.7099573085427,121.5783959776475,0
229.55972685306074,50.01781505826892,475.01312988161015,121.56066839511175,0
231.4260643238478,50.12325719736844,477.4018924332745,120.70662163586869,0
230.85985421632847,49.951583975992286,488.90072782211644,120.20725498428068,0
230.5412529042373,49.952395419607406,476.69068055197647,120.76917912506563,0
231.68287320122366,49.97633493439878,466.0067247859941,119.10291750411518,0
231.41341139977445,50.03671219998122,479.37505778231144,118.00904052027751,0
229.23386451163364,49.99805199894207,470.44259350855816,121.04380647327814,0
229.8126842196196,49.97058868029443,474.97676514396403,120.79359619686231,0
228.73403241935446,50.12171502327669,483.75634483022844,119.67164297293884,0
229.84353589804044,49.74881020267214,481.52659056769454,119.97476021894435,0
229.38004773558595,50.06527929801447,484.2676858363635,120.1184768743276,0
229.90136762605678,49.95344731987312,483.03292630539653,117.43809802248813,0
228.48948345115525,50.08733570134953,486.1493370317339,122.71422060664544,0
231.26282145625652,49.867812093469524,480.1474392322747,119.06665484267708,0
230.03157614191323,50.03036248011611,480.7582027798447,122.2440784456448,0
228.7886821437301,50.18291633283389,483.9178121848111,120.43480961148848,0
228.97745080288968,50.13699648504257,484.4936729148483,117.10768206421294,0
228.9846007616128,49.934313785531096,485.12019374709814,119.13593299471096,0
230.15620706490432,50.09900949440511,482.4469621776016,121.4769602295151,0
230.82835329144734,50.07861562725077,479.9434481764766,119.0090519904666,0
229.4065327939679,49.84125935456548,482.1157101869366,121.16143783738599,0
232.64664559316017,50.078734465594394,469.53677008910137,122.11040699577836,0
230.10459351397915,49.95443655446472,475.4917608480378,112.66301936240819,0
231.94859290068294,50.09015952860175,484.42299763477547,119.6571715101221,0
231.782080847673,49.970826714581456,473.1149945060125,122.9663766640824,0
231.45699279552946,49.94668517778102,483.16761736681195,119.69571105971802,0
229.7324384631666,50.131156650552164,485.94845649612057,122.51176534511984,0
230.2019344149038,50.05134487531057,484.72983772482814,123.15981334909354,0
230.2939448697084,49.97305243903435,476.993668500126,118.99747993977107,0
229.61033930491124,49.926784965208086,474.18767728694417,122.0834967145796,0
230.61004164638402,50.0893798993537,477.13818907812976,120.74136505276958,0
228.6531899530304,50.01322904536348,479.88134342340095,117.87080196090405,0
229.79042624103053,49.92823868456418,489.81170779193104,121.52142888000569,0
230.09830559321213,49.962937499895716,475.2530152122066,120.00099410465634,0
229.08939750272074,50.06841430113576,485.621630672887,121.30455549286506,0
229.77455385441047,49.95358125281915,484.99037886876556,119.44572587497136,0
229.50860425027182,50.234033835663915,476.95582735728107,119.2623428560248,0
231.14728496041675,49.977899903242495,475.99617161022894,119.25008162062332,0
231.88824233792604,49.977801354670255,483.4917106633399,122.34329958686295,0
230.43580623690406,49.94322857289528,480.1963774238183,121.20588517814367,0
230.13906186398083,50.02296383032181,484.7246696868927,116.65684643148745,0
228.91882967416788,49.97618069923501,469.7224267531455,118.87454972302497,0
229.41629400762298,50.06203504294829,477.49818999103275,121.24806280928294,0
229.01367466595866,50.26190846362552,473.9885431557914,121.49312868821973,0
230.22743447302935,50.25972524368434,481.9290578834822,119.18044227098261,0
231.47163173954323,50.205621274219645,478.48389309835994,118.91640368540506,0
229.76236342103812,49.90761878378592,476.70541764316437,119.29860706945611,0
229.01552963074764,50.06883840520787,482.19164389198517,122.85540800395054,0
231.9595306362148,50.1656909481035,482.8392537844357,121.52736108817624,0
228.7149128505089,49.95301528777461,485.47425139062057,115.54950460941228,0
229.27913730483434,49.91539072333831,483.5570168590609,123.18097996764266,0
231.48922816492626,49.91288977999895,485.7879300862318,119.04016251412718,0
229.12103261948792,50.04904134724251,487.96030620925376,122.97917602549006,0
230.37520690538855,50.07030287701806,476.7561616910473,121.16228001976202,0
228.64696040024532,50.09618757078357,486.8726555888021,123.83200450923525,0
230.6949168331595,50.07496056282081,474.174922457382,119.90951395803773,0
231.38620807216512,49.8567307802299,476.2236664418406,119.52437015372386,0
230.70456541029392,50.02518220802442,482.725728572772,118.37431917752072,0
230.95182898713884,50.00680252498833,478.1317149010421,117.91242567123268,0
228.1768323184529,49.9428185384604,479.0085441494287,119.92593030639674,0
229.636251394687,50.11469211248986,482.5260913501973,118.70606670235036,0
228.69515147106247,50.06325513468121,475.55612377701163,122.14781405363829,0
231.41656996508488,50.051263235494474,483.23497237671603,121.79293437885217,0
230.29287717712256,50.11286092010671,481.3526640906081,124.45594279737577,0
229.75992215694706,50.00491033888405,475.1278235679564,118.83119752686741,0
229.8047200071995,49.95083209498736,487.0303465869246,121.4816751565883,0
227.73018320481313,49.963624745359496,469.27988232501815,121.51291923650973,0
230.25311201761244,49.975609193227484,483.5280687023845,116.62442947422933,0
227.5068030197033,50.07437663651799,485.1798930071309,120.77187935801253,0
229.50949123138028,50.035916040942226,484.0384022847245,120.78264481315114,0
230.45896072610108,49.923717386362426,480.80374911355045,119.21959334102881,0
230.0098138359177,50.12140232565464,480.4298889858921,119.11180657180994,0
229.5365792897498,49.97736658639997,471.7968056377034,118.54717036949113,0
229.83202008997702,50.01026901707695,476.8870155296259,123.5082643590882,0
230.42227635466983,50.01610032789646,468.5924878223073,117.72464882356375,0
229.1085657416868,49.94782986735551,478.37831966052727,123.23654903340886,0
231.13815414904593,50.10965400656953,475.20668922923926,120.37210317203812,0
230.5390761700491,49.9918618978361,475.4261155278712,115.1163823383308,0
229.24535877318732,49.92810406735482,475.63974318545456,116.87787233016925,0
230.22246897853776,50.26876867293285,479.8919056524338,123.73290580821764,0
230.2172764169034,50.03913877249277,481.3435748424621,120.47608826593553,0
229.5472670176242,49.987199422246526,475.9738712575198,123.1240676620214,0
229.04793046436512,49.832500491820944,484.24066925322154,118.56192393882509,0
230.20912310186392,50.07888056703753,483.82155048089476,117.79778439056233,0
229.89098105163507,49.86465166631416,481.973070140411,118.61989777691309,0
231.43766233747675,49.90786574797617,480.59559157814806,117.93870419266972,0
230.44382215399335,50.028807065862416,477.24636247053456,120.77235943676153,0
229.62597187488117,50.090856464720794,478.57616122391323,119.69978818891902,0
231.96138966621422,49.93358418961909,479.04966842475994,119.21391678993453,0
230.68483087956292,50.082066591228525,482.95123471520463,118.92415454124703,0
231.00442873694448,49.99505744082246,477.24825798575375,121.24820538159413,0
231.91983096211663,49.86281267930041,469.50349077759216,115.4963427776857,0
229.52155800985383,50.10635529740089,482.1692471327379,118.61069451514422,0
229.96893578402216,50.00465890281946,482.5187729518366,117.4395345664377,0
229.8560134614746,49.871337826941634,470.3184003350201,120.369328548759,0
229.09030487312893,50.14368917534643,480.92869116385225,120.09000819603902,0
229.836514454088,50.24458988586648,474.82022086282234,117.23355119532063,0
229.60211832075348,49.98007743804665,482.4814635172476,116.9284622941771,0
229.79381799513442,50.12398035325415,474.3268536192555,118.77120203191649,0
230.2640776231909,50.195595440992896,475.2271027303676,121.38885228224152,0
230.0986678904443,49.918911343520634,482.18537161048556,119.95866634916085,0
229.78788415630356,50.012381466267044,478.3893611138394,118.62410729931203,0
230.55701993177902,49.96783796909156,486.7590489734893,119.52646100441035,0
230.75403150185767,49.98821379309471,473.65939828515627,119.67978157395626,0
230.25642661018048,50.021088563418765,477.6839990476833,119.52945532633767,0
229.8593490376818,49.89059729643011,475.67926875058697,124.91420382699759,0
230.02330283793415,50.05740975334298,488.0765704876417,118.06246222072997,0
230.9834058159056,50.05449564018108,487.67167704021915,119.67795888862491,0
230.13903447598196,50.04109200558239,481.3933235155104,123.6156474407956,0
229.00678362350158,49.985917276737354,486.24205843409493,121.67783081871677,0
230.49950874514568,50.06733474117289,481.3964486829122,122.35698861847307,0
230.6767391737105,50.00655694896947,485.7342873028909,119.54022097584443,0
229.73874396501944,49.920724658886215,477.2370141150654,119.0513085565546,0
231.40134739266742,50.245271651611915,477.1140424768418,118.15932608543811,0
230.70584340141457,50.05706815962966,474.77424829505986,119.98446632263256,0
229.72980142713834,49.98361097765925,469.8737727243256,120.36377821370168,0
230.68683637239647,50.0722253357919,475.66301180385597,119.27143151571781,0
229.49180981199393,50.06066019003764,481.3297695187953,120.7993275320861,0
231.67288842651064,49.90435365989605,477.4187734538751,121.53398475653894,0
232.19449982203716,50.098605234997294,481.5456206205022,115.42008508980759,0
231.172787454288,50.164992165162964,476.70066022350454,121.27907908510214,0
229.46716970646892,50.05900521099411,481.5186088194006,119.91562818364373,0
230.06400561577436,50.12770847529964,484.15384161332645,118.59021606671001,0
230.80666158574996,50.1317923363081,483.0110657109828,123.78355501575855,0
228.9203874860383,50.02398201589147,470.519121933229,119.16951182562093,0
232.10501604571743,50.25517646627333,466.2793283377295,116.82158408222837,0
231.95017251497967,50.17173945019918,478.6533371032784,118.81356231785222,0
229.60012282350743,50.21840159845291,486.52534132983095,120.21399045246874,0
230.66341793198185,50.07867363791822,470.7448903940037,121.85532254336451,0
229.92418878755035,50.003911749362814,478.92457433100196,120.35986821202664,0
230.48061239029056,50.05170001758462,479.97187842894476,119.29921164242127,0
229.59271979303267,49.908629116635076,478.67596291009835,119.33676317257111,0
231.33053036975767,49.81719827074507,483.01894921780803,120.99958914727482,0
228.72830358783946,49.86015370498368,477.68672315908645,115.18421552875456,0
229.56549075266753,50.199237942000295,484.43220278543515,120.8490013950701,0
231.34167892139968,50.09951085221063,476.05207794603797,122.41250558142983,0
230.05914396317522,50.07039291481616,474.92193265149155,122.78959913045877,0
229.33683428528596,50.08832219949437,477.40298227549295,121.5141149795155,0
230.05353810382152,49.991293126642766,477.75115475384695,120.11646344680389,0
230.7742097764197,49.98771949860793,476.491482561707,120.60452252484717,0
229.15831562460139,49.96451776126269,473.08866353627263,116.67020325516782,0
229.61842030809316,50.17001497590733,480.3245001358423,121.418410995543,0
231.5384170744121,49.991153016979304,475.06145559637116,121.58463513850614,0
229.6912955706513,49.99406034570963,482.8277167734699,120.3428073287565,0
231.0389440586615,50.031254101877714,481.7608057649379,123.97856083092837,0
230.01396255481956,49.99749606265245,482.32052863065326,123.08862372636449,0
231.1763267382965,50.16414223964867,475.4617438410917,117.98328385433389,0
230.29458236769142,49.963855911244735,476.1531081760515,116.42710111140507,0
230.00948851124792,50.088965084338895,475.4122644559863,118.61586528817642,0
231.41496519339938,49.953579048177495,479.96946541505287,120.88960153528687,0
230.76013964222892,50.06804854152722,478.71039249681473,120.57442663961382,0
229.33500882983031,50.04870542951432,475.1960452980851,118.24242609598105,0
230.2914078668678,50.013196373757786,482.08504332641184,117.82944015971849,0
229.2450041469178,50.09719542779756,479.9637421857016,121.26200692275032,0
229.16856472066445,50.08719408667454,480.1288431884169,121.91860445841343,0
230.23179225541477,49.898747838550285,482.6799252789566,120.69377226430682,0
230.6513299245554,50.03028496777918,471.64966094936824,119.05210464111514,0
231.33990357559279,49.935266685314794,481.0783476053456,123.28916355385545,0
229.95633200377176,50.085635197994726,488.0839138838208,123.0409151235894,0
229.25399730177423,49.97234638427424,485.0102963482495,119.69789828640215,0
228.82773509857185,50.04913603554128,482.122886545255,120.74112120973615,0
232.11823902993027,49.825333706255584,487.5336427566466,123.62283405164627,0
231.87543996151044,49.894881630901054,472.6961218744258,123.57522765563745,0
230.04824558677612,50.03685681874305,473.91216919491114,120.1261006164831,0
229.5015005672781,50.12509048156705,480.6067416799954,123.00839781117908,0
231.6955604117256,49.849601221727625,477.81182582141196,117.69417251526208,0
230.79446451486447,50.065162641336215,480.9263520217634,123.06553339360306,0
229.4414923309671,49.9855000606517,481.44571906928456,117.7757278089506,0
230.437148444887,49.962506017878205,475.3387053853626,117.76118897244008,0
229.81943549985095,50.0589663470394,478.25671835854683,120.92460711218521,0
232.18077926380414,49.95820218670969,481.26723322727116,117.01738826789298,0
229.6722055269275,49.96105314229776,474.66138345446143,120.730138247447,0
231.05186727707925,49.9877973579767,479.45359628840043,119.14511048798981,0
230.31288201773103,49.953946687983176,483.5824536809619,122.97092409776639,0
227.0063958101337,49.93182381075713,470.7943057067534,117.88496982160967,0
229.42030265793485,50.03692749956724,478.7896553803138,119.48548034142021,0
229.78105281096293,50.02671445696346,479.6112891593324,121.47677788564137,0
228.2780496869463,50.20460222506964,483.8472080349844,119.407757956498,0
229.2068294806088,49.98947615769478,486.0144016855135,124.68179564532797,0
229.94806000975026,50.18276901242752,472.38474912520246,117.62807945341481,0
230.3194605938184,50.03960484073437,468.1181104443135,120.09712408895531,0
229.4385249274083,50.0852364025175,484.54816967197627,120.55910618181252,0
231.44819612286614,50.12782782585862,483.6107230723748,119.68472592059095,0
229.09475857368795,49.709598768726714,475.938066325128,119.21552983719609,0
231.17904133954727,50.04759614829227,467.30285949221013,119.72252864021651,0
230.276546097988,49.963164811002244,485.4266279622976,119.27598192079694,0
230.2855920581514,49.9910811620909,476.76750858996144,118.17929397525715,0
229.09720093120654,49.982766438848195,483.52279959047695,121.29099797769685,0
229.04331897082676,49.991204130104556,478.87030866190605,122.2812503812734,0
231.94674695569861,50.20485135674456,481.37828003436636,120.46091184749343,0
228.68650976157676,49.98878465496812,481.1768239697319,114.90839236987864,0
228.93859454599112,50.16164436467587,481.3122535118762,119.6041592230618,0
231.41538147703372,50.03334284497084,483.915037708051,123.20438154263215,0
229.97898006738365,49.979859472514626,473.7277665191164,120.8461693552672,0
232.11055450617602,49.91069280867827,477.96264564112573,122.65620898291941,0
231.55047555761757,50.01420464968296,477.37073208687065,117.58067399763246,0
229.43037267248386,49.9660888267888,476.1001128785453,120.45722668945454,0
228.632104416023,49.76566826943085,474.9735854289462,118.22655382208715,0
230.783607020101,50.0276752580213,476.0973035289035,119.07604141196968,0
228.9318060851915,49.86479710640234,485.2716335070655,120.42976462399088,0
232.2424400826182,49.94670309594502,491.3672395386889,119.33755248269271,0
229.83354405430882,50.0823242606112,477.7503736944576,122.06353594635716,0
229.7575752476318,49.87045663132253,475.5537238784023,123.33828041261424,0
230.27207201943622,50.08154365948796,486.34943353461773,116.1156404932608,0
228.91964476137417,50.02218709139271,482.88236847751205,119.14068338492079,0
229.79614384390547,50.15908283125941,476.6645188020939,124.15004255060502,0
231.5175910722422,50.18314030543328,487.0771765582624,121.41492206486501,0
230.56956425065312,49.86963760962415,478.89857097990966,118.93841315307627,0
228.963831300803,50.06225947686596,485.34273580158793,117.12373775488985,0
231.3375416961837,49.904102050887346,482.7378817127841,119.53662600500947,0
229.0423062103326,49.924026817267155,485.0857402943471,120.91666247612642,0
230.93054563340667,50.04300286935862,484.7900546380815,123.416396990403,0
229.28385968127864,49.93749209352489,479.10379591899806,120.21895373848206,0
229.25911343700952,49.95028822710167,480.4803978004529,120.36904850152993,0
230.43969381437918,50.0629051092229,470.5123514680388,119.92468731706238,0
229.84143696187203,50.088749688941924,492.72789508620906,120.13117876934892,0
229.8612045383226,49.89912912838122,478.86625423554085,122.98409362991455,0
233.17714817230043,50.15009241151446,475.7340296328936,119.82128119371197,0
230.39173357951427,49.991870515033355,484.86138227565493,119.07567482214237,0
231.9898441115404,49.89594817994108,483.40329168258313,122.0179091149997,0
229.90064502979342,50.04769204768706,472.9019312427123,118.69836233728772,0
230.44510385061747,49.92715398935376,483.58366754916284,121.18676415171366,0
231.30071811682842,50.22014932882303,477.9967038520057,120.28269239463275,0
231.33693360284795,50.002751859920224,475.44847932320647,119.23274603546083,0
228.7239691820502,50.07256281885805,486.68597017671,122.6271456656451,0
231.90204411490564,50.16924318013637,482.31076450662675,119.89730143949265,0
228.76925734410239,49.93929704881597,489.5804590555737,119.00720974152345,0
230.93679917022087,50.03429498374308,469.11533955065,119.74174068182607,0
232.3553835672206,50.02492557482213,477.86979957655944,122.60316810567261,0
230.80497942247337,50.03282266379162,476.9327543520607,120.28944614226288,0
230.51513688835152,50.08693245680773,482.96017852966656,119.56328773617366,0
229.6736363660457,49.9793372742032,492.9962871301646,122.0934794593926,0
230.96756126569355,50.03377701710985,477.088659827517,121.13120279839464,0
229.78154875262098,50.03778274204847,477.4542666914469,118.98255405674045,0
228.82204486749052,50.09274253195453,482.10609010436974,120.39616959595304,0
231.37665870409717,49.933686672082054,467.6835512471208,121.02514657507865,0
232.4041515266425,49.9189708957928,478.5295026398786,122.10025792394259,0
228.94678770659294,49.971747717598944,482.74833124110467,120.7128284689154,0
231.0886347776885,50.06522782240017,481.73178353286096,120.30249245779052,0
231.59215161159347,49.99513376481135,470.94886912954036,118.59853854374718,0
231.24072932991635,50.146591212911915,483.7086480366795,119.09375342149846,0
229.1787837375885,50.208712704801876,483.66142877491063,123.5460756396826,0
230.2249971482074,49.829181365162995,478.63121967204427,118.20970851186422,0
228.56895353821804,50.08818033473359,482.3425376294945,118.65999701507805,0
232.41397246960443,50.1712773879753,478.18438834366214,120.42908063088485,0
230.3490680365759,50.006701588219755,479.5520716472399,121.2448217436203,0
229.05456972806977,50.030047174287525,476.3053193324606,118.19234557215042,0
230.159667140986,50.09385978156486,479.30225714075743,118.11464158166935,0
231.92940964966382,50.064877519406146,489.8380505673917,118.20858254085591,0
230.8616284708917,50.03377565162636,485.74715497408084,121.83773021787917,0
231.099503768961,49.947760505655744,473.3306917659592,122.00449472322983,0
230.55321459755788,49.88930064962794,478.6340991829212,121.77481012468459,0
227.82841744570533,49.982088372879545,483.8447110905656,118.02516742695977,0
229.75712602182443,49.83678624433534,478.67897356880087,117.7925035179206,0
231.78429297316802,49.99109352094291,471.3246705723321,118.64226619276972,0
231.05519063304456,49.94005700887229,473.67831734693164,122.19901224703104,0
230.58874150664732,50.006422878796435,480.4899261934951,121.40320721955491,0
227.26344558676408,50.12125549353184,483.0320422037294,119.0772219714015,0
231.8448737820031,49.94984593152785,478.771589261443,122.15041748657332,0
230.02344544881086,50.14658196158457,482.20138763676607,119.38236503953277,0
230.07856010560235,50.13393025693752,481.8614000207993,118.22933010162944,0
228.9715957877438,50.1051100553542,474.4366342898419,124.09962506096639,0
228.28751915405124,50.08127285763791,468.1687931922905,121.35397927644914,0
230.03382975574377,49.99517979012218,479.8919532704838,122.76297502306943,0
231.26306179353932,50.0195567721567,478.274719259959,119.72928376055873,0
230.67703584869946,50.01412060035294,477.1473546420666,119.71431542169744,0
229.61391328505132,49.98128805743577,474.6926290741135,116.6117933680312,0
232.18359483186725,50.12223721730188,473.62972430843075,121.67528068107238,0
230.45519097209473,50.116345588355955,487.73284071080633,119.96028413135572,0
228.46722714170872,50.09678308643223,479.95203950469767,119.3030392698372,0
233.03725989378253,50.1666170589091,474.25796990590067,117.15028896347222,0
229.66329867965672,49.981764091797466,477.42727539868037,119.47160921844929,0
230.2218384670407,50.168637125498236,484.9656384783146,119.63946970745215,0
228.47566404370036,50.14642687027515,477.5208833858593,115.62973113780166,0
230.60722184632775,49.99533974090246,480.31635616168404,124.29199436877218,0
229.76386798413137,49.93712112200327,472.17533889303945,119.53140921237689,0
230.2322691767473,49.92647980279101,478.4712210329541,121.70639067049913,0
230.18593419269953,50.062492934387315,479.19099898690183,116.56290434173103,0
228.85896610524998,49.95119058318726,470.8267860740131,122.89627346808959,0
230.51119028748207,49.969711908036565,476.4971251276925,118.43548875558207,0
230.21005795338016,49.924620657031944,485.7741511407735,124.21849339206862,0
232.64032535743357,50.045206128933636,479.10595124641105,116.30632283782276,0
230.3904427026442,50.11947663374569,481.41274245858034,122.2939276284711,0
228.9227750764572,50.0656421153583,481.2176144002264,117.10092819378822,0
229.04794317479585,49.990669480700475,487.9112386732346,117.97289258416123,0
230.62819050246264,50.0088812953615,482.00415382887616,118.94108243451834,0
231.87941810150247,49.99881478489421,480.9377151791236,118.88374353194897,0
229.33227960925936,49.81659863741706,479.84773832307417,120.26618787965867,0
229.18482732449186,50.00436556469796,487.03656308298207,119.09077419582655,0
230.33179991925763,50.01783362560726,474.50981580658816,118.89946465387305,0
230.68879650746564,50.040560186794444,477.3264361308291,116.77980110201342,0
228.77628967480447,50.18053248823122,489.9669787814756,120.6048415859708,0
229.23411207483682,50.10577640829394,478.9860787274052,117.2975337503388,0
231.08576090602284,50.07326004399149,479.9192248667339,118.31388775595364,0
230.07056359681667,50.09619619682065,483.6988617500903,120.47354137740044,0
229.4853756756844,50.01547855114623,484.03441793806803,121.11623460576399,0
230.50834978920963,49.938870083207746,475.7043718005127,121.928893183233,0
229.9870606204647,50.106440618858436,481.8124397090884,121.18567549203189,0
229.08238757895901,49.93832135099893,480.2785643722107,121.29958839891432,0
232.87564972446836,50.092070237550935,487.19865941165114,118.27866008518156,0
229.06189875371436,49.95958768410966,483.4580852919308,120.1674642785508,0
228.44821286193783,49.92814966344204,477.7407782173869,120.78337786423192,0
229.4798654302065,49.96251625728763,478.7296829401026,120.03245309901996,0
231.11562393174333,50.08617506246006,482.84886380344705,120.71039942866388,0
231.62738037785743,50.11625290709104,482.9782948283349,118.56237214622068,0
230.12454057937475,49.97253594081403,479.97024722433724,122.12585632488263,0
229.08890544214566,50.08378852095969,494.2732130707651,121.88330904254103,0
227.11215578476384,50.028260479984276,488.0215625882843,120.66840478481377,0
231.54212475726175,50.03501756331742,487.1278503441506,120.1978028321535,0
229.75521786566483,50.04148742715241,485.8650599958916,119.46721000009555,0
227.49927183567036,49.97907778669195,471.0257993707987,121.37022311877925,0
229.79990042546277,50.18719528903334,478.9631048628328,120.55172069355635,0
230.13214210351092,50.08739553956493,485.35748736077187,117.34717222983554,0
231.05376025916573,49.92382360615975,478.71417254487943,120.25797136324638,0
230.18407956011202,50.2422255762231,486.6537630968854,120.56770752744552,0
231.05395659881864,50.024183450209755,477.2182236148701,117.83921510663669,0
227.79099220532066,49.90926169588087,487.3915780952659,120.32855270256782,0
229.78779435974758,50.2408741048986,482.8874702539189,117.41074070533776,0
230.11429571356757,50.238406519846116,479.58361052174075,121.48110451985104,0
231.37328550494138,50.02483544485259,475.89301492077254,118.70366291267716,0
229.18753571331865,49.93825349454614,481.10311436622953,122.5949513144319,0
231.14280765282982,50.04490133284136,473.0358125465697,118.28249842114685,0
229.04148120874805,49.92678725805143,477.31218733363926,121.3526845892998,0
229.55489822960564,50.09368499673924,486.11605254840083,119.63006463607137,0
229.63925322107025,50.04213666024166,487.0146686819587,119.99717045074198,0
229.9038722370902,50.069687016456356,476.5101126010888,117.27574326022949,0
228.9655843184779,50.007249144051805,472.5219469907003,119.17312660805494,0
230.20090915580172,50.025930330334454,483.8636168359478,117.1026095534373,0
229.7653036708194,50.05451477552237,483.82945916425587,119.79970101827904,0
230.14630452998452,50.142437837650625,477.4211296318733,121.57553029654095,0
230.07088079847148,50.07377704421066,484.9686539564289,117.43028039959839,0
232.13180916044215,49.943304768810975,482.14374255528173,121.26279488025433,0
230.1075813963939,49.961812280248765,479.2850163458097,116.82752376298833,0
229.00882287061307,50.06146332460062,469.38756180463105,119.13388309777227,0
229.95913944617794,50.07776811773029,486.14006684122484,117.57307622453276,0
229.1548807924412,50.01950141557879,471.3322750116672,121.42709757662261,0
229.5496514286518,50.02013675869671,480.9490523247358,116.53442330622833,0
229.8296877861371,50.1285337479164,478.31964929316354,121.83224572367342,0
229.90616744749707,50.06323930299943,487.5639476692329,117.30460201852291,0
231.08383887845764,49.99885249225437,482.4408824372807,122.83762742962627,0
230.76416912083712,50.17699368582461,476.7805764376376,117.28530925616488,0
230.32655130597135,49.941851378341404,474.94811695899875,118.02159282808636,0
231.87536660614157,49.85063939354547,473.5154182612396,119.87424869596047,0
230.16883249739203,49.900534137593276,478.0854506219286,119.38043637285307,0
231.76276453458993,50.02141069638351,477.7300340468597,118.0280643832775,0
230.7203809931416,49.86290528645774,483.22575853763396,118.90299103765066,0
230.7072227281885,50.16474812943353,482.6005000961483,121.53488015433939,0
229.62293177105724,50.06724052789529,475.2976442200696,122.08979505857172,0
229.71168680022274,50.03950019097871,476.725119304347,118.23010968046627,0
231.98498324881743,50.23179054582497,468.64586205973524,116.13852795235205,0
230.05528179607973,49.94424952141647,480.89740712021455,120.85721245867437,0
230.36281680823282,50.05491770340769,476.6768326425901,118.93230103527321,0
231.57178852703942,50.034381331285616,476.5720051030432,117.82148040079586,0
231.32791366455265,49.99955136874391,485.8691044066691,119.23181721635301,0
230.51594068923262,49.933037387995206,479.5228104617298,123.49041608928677,0
230.8984634413251,49.85014832535433,482.10866027941626,120.81446103622345,0
230.61635365703813,49.96244695747685,488.1024617063437,121.88021836956393,0
230.66836320867614,50.04909735456709,482.2194575787608,117.98023178797315,0
228.80326914906274,49.887585312439285,478.4370865292962,118.8844832419019,0
231.97615962953765,50.03640247294997,487.2201318579698,121.62313908001047,0
231.93830376893055,49.95929957731958,480.03836723138375,120.87613630384574,0
229.9057964811972,50.08550516717619,473.72020406568424,117.09618461062148,0
228.57415196537193,49.898502979406736,482.8082984528358,120.9621971417622,0
230.30817544263638,50.21608246291833,475.05368979822003,119.91004924906677,0
230.20885510621582,50.18046578024292,478.88759420490726,121.46632312577933,0
231.0616124076168,49.9489580424566,480.2644173115086,116.25895016667494,0
228.75290394962772,50.092752611516005,473.27489949470345,118.30498929103526,0
231.24843304598934,50.088759505448316,481.3270876455579,121.0813528960454,0
232.076778397129,49.97901434119683,473.010527290946,116.78285226202883,0
230.12023683923613,49.981117924720756,480.19958743298673,119.51081934007594,0
230.5102378581216,50.09929322561152,471.1861514733097,120.44877698629216,0
230.15998789225202,50.10639183686475,486.74735639980895,123.04648429689394,0
229.33186419443174,50.03026015026952,489.1182554977332,120.60323318153331,0
231.1134458640832,50.11130686622943,472.5941750834751,123.82345835559578,0
230.77431666124036,50.10847307041296,480.66852682357063,119.21656721759508,0
229.51849500275156,49.89351134498369,491.03593871120836,120.81152965279534,0
231.83014378360662,50.23937483834,474.97556103509055,119.67153589022,0
231.75468032022852,49.954504072514894,481.38772487281216,116.90947956567791,0
230.20095840536968,50.08431720200214,483.15785015199674,117.99219433298688,0
230.135997409985,49.91022250418793,480.95579110771206,119.16188200901415,0
230.08374956633457,49.995945248096575,483.6337169382728,120.7640000780225,0
230.1705746344314,49.934175068740046,482.63389456786194,120.42041681206518,0
229.08692781465464,50.03241431042249,478.80670135629674,120.22867949089323,0
231.6556491223439,49.98517336502047,484.65930116918696,116.21337787774472,0
230.89954216793052,50.07575122601157,473.86751411187527,120.85493523265893,0
229.12930109171353,49.840798193878996,478.1927295630417,120.44094282626484,0
230.19569637576615,50.047378279421245,477.61173741838076,118.39718788775188,0
229.0344809494004,49.97861674085957,472.7048627140522,120.13251627174479,0
228.51227212464676,50.00549165836944,485.41239048750646,120.77790774366066,0
230.71446181725676,49.92127820971657,482.0227388483919,119.37969213336149,0
229.88984632024145,50.131257426672846,463.81851953176204,120.37460827546361,0
229.09294758129784,50.0563175340663,472.5148990992661,121.19106479192003,0
230.6823119994949,50.06774107360892,487.1969625906731,120.50032883727724,0
230.58528662096435,49.95910974962706,478.886778007535,118.581385676549,0
230.16120267823388,49.85712305553476,482.6196203697433,118.78147088661576,0
230.08222384004875,49.99437675781577,484.3770798296361,119.46634819758206,0
230.1047094406177,49.93003589681008,479.32654277955817,119.84557232215641,0
230.4437770834324,50.159234032155105,477.82624100356907,119.90384896453229,0
230.34182734448692,49.939657607626884,481.77459976747843,120.83259557903162,0
231.22460675365227,49.93145095391853,472.88894451263394,118.78995690633212,0
229.45760332091604,49.99825647883852,481.5135067561238,120.36242603295734,0
231.48949346376548,49.88249846824721,473.40170606584115,117.96314526639479,0
228.66444684405468,49.99055305093261,470.50932629637225,117.6579064675845,0
231.23167259367364,49.977534377824746,474.95359639411186,118.59706581082497,0
230.0264753389631,49.807821713609734,483.0148170739515,117.34862697499946,0
229.22756121363182,49.932023138396055,475.4625350055301,116.30570225246578,0
229.69111738197626,50.00312217351134,477.54301138345056,121.76798179014139,0
230.4556192118763,49.97645475002905,479.3098881383959,118.176575180805,0
228.1551323276521,49.90136889209204,478.7099529994745,116.79895182556436,0
230.35212891038776,50.27791551284311,478.58448096791733,122.5870246599714,0
230.0346824053428,50.11340419147568,479.8415853908126,118.04817092415865,0
229.35602939612306,50.16643735504024,475.09277694026724,119.70159808210701,0
231.5111114575399,50.10687911020929,484.40452970862145,115.36552192780712,0
228.5661659907936,50.07093210616636,485.8581240199762,119.95877092534467,0
230.63446235927927,49.96993182118209,484.3070761931815,119.77497431468497,0
228.44828748832168,49.7897723001377,489.86958523048355,119.69672375972526,0
229.35555150398898,49.95827510535961,480.47152976985365,122.97431093424306,0
230.63730584086886,49.91897805201657,483.01165340777845,124.89935221112248,0
228.80825091052316,50.10292650367685,482.15591107169735,120.89598732102458,0
229.46718400658185,50.088093681017426,478.60801392551747,119.72767010717676,0
230.0091945873499,50.018382755962094,483.79772175172343,120.54271158191655,0
230.22255667315747,50.01911448265645,489.0454382795873,120.71464619722057,0
231.13651544983065,50.03783999568692,487.9750695798506,117.74776931050667,0
228.0187366608057,49.940343131418,471.792345498979,121.28026734987424,0
230.69720684265116,49.96678654134149,484.03509544946684,119.7768182123275,0
231.87126029669508,50.06805991266785,483.23062108910034,117.33645010758842,0
229.61750137946007,49.88201182731146,477.9150213530139,121.87271988997985,0
230.92698194693781,49.85149861490818,483.53817173791543,120.660256933427,0
230.9527256351885,49.88645078272783,473.572106413981,121.65894315873697,0
228.74458725878608,49.997558049877334,481.6489698064874,123.01226525689798,0
231.34784420801054,50.09938608470207,478.5790757339137,117.98738361815442,0
230.89346257805022,49.91247646690926,482.705987185565,123.30985347314629,0
231.05140422859597,49.90600328305394,476.169421502695,118.17617110219284,0
230.11335854799697,49.92894812785493,480.3574270508257,120.02168924917886,0
230.94600388518018,50.099707596897424,491.0741779896848,122.5641310841949,0
230.60141805230356,50.02368998069592,475.7750616158867,120.18476057045295,0
230.8240166785058,50.05874886183367,475.0228814778116,118.85023896474193,0
229.81052883999268,50.027474491862286,472.49688203388143,120.82332369073721,0
231.67335780195754,50.06657665157258,479.30532167586574,122.4046944074499,0
231.40494935797085,49.87890793655246,476.6976731835107,119.6405858948961,0
229.3882192619014,50.139878513823106,476.9237919598145,121.36621808950619,0
229.983135299668,50.07337489582897,474.9720158849437,123.98282870753621,0
230.95117567788108,49.997667700647135,481.9515484148439,121.05118624517974,0
228.2600228404467,49.991173120723204,486.1490746360328,121.15466744749345,0
230.25529279549963,49.878987213782885,479.91246853271855,119.47429133473902,0
228.85835814026632,50.074496679532814,480.80857095332595,121.04695874320306,0
228.5761122334262,49.93636498189506,480.56347519782713,116.12799138740628,0
230.11017908519915,50.05676189805769,477.60023520509395,118.75785376740903,0
230.79531792062346,50.05976446683896,481.91943895833936,118.19854411502602,0
229.44178056817486,50.071653050755664,477.11595601186366,123.15246102870086,0
230.01142720246517,50.01612000838857,481.0803349114955,123.12887523997506,0
229.0226445552018,50.16339991599469,482.05826449795904,119.27801443664737,0
230.4992338734175,50.253039539824606,478.7679383231394,119.20552262351885,0
228.94774723406778,50.022504176278936,482.26150700724247,120.89488959230118,0
229.16705664332747,49.91786206082405,473.9662564250902,117.83503917624049,0
230.42895727685806,50.13851675666002,480.74647043013215,120.22851454846602,0
230.53338065770734,50.216506289372795,486.55017568429133,122.06868712348805,0
230.760435725611,49.937085348297266,470.951293985094,117.22434187686684,0
230.17974353032128,50.0549615089854,484.2868182095368,119.44003328824867,0
230.81186137570646,49.93978429137084,480.5897877629965,119.30096818141607,0
227.7195570654595,50.08875127718932,478.9535054759355,118.77883079516157,0
230.61063187512954,50.04792255830059,480.5170143375688,121.55810166292453,0
229.39347663202508,50.069322332601494,483.8430092802894,121.35840929607508,0
228.01923855785478,49.99533191835055,486.6727960826066,119.67269668239307,0
231.6055106145441,50.045255644871496,480.03135069069884,120.38467045063103,0
229.75084859466477,50.14071638771464,471.8042799567996,121.44585763143337,0
229.375092967259,49.95417643592554,474.62978943237334,122.55357217238775,0
229.94152776640377,49.87242114478581,475.7839319996367,119.51798112407451,0
230.98422454662878,50.00311434467398,485.5088317157506,119.08581904988034,0
231.8410735126446,50.02981166427519,473.1284953520312,119.93908078619846,0
230.27501362157642,49.98555840022067,480.0522060455688,120.54363287123095,0
228.96292025546592,50.056108282449024,485.71805147810716,121.63255350141084,0
229.36743982021633,50.20999311136514,478.14845126505094,119.58120298661727,0
229.88576802488595,49.86282474590165,473.24133097582086,121.75688079643851,0
231.23660313614423,50.171889490476815,475.32488035968515,120.78386015253493,0
229.60796737477045,50.17494114569003,484.9220690996692,118.76892475045229,0
230.30660772232022,50.042541607491266,481.82892492710346,120.65520533987646,0
230.5433592320485,50.1792457911585,470.5543961735876,116.51171281743964,0
229.12709068428447,50.006877780653014,487.3569560625547,119.07010373532763,0
230.73389454250395,50.04255293668378,478.4983233201935,118.18063009947171,0
229.20743231484377,50.115475272443355,467.3326001599378,118.77002170391133,0
230.00670859612072,50.23255751120535,488.39545998646605,117.57443743855427,0
229.8986960824655,50.205381747417384,477.56568865286016,118.90523922638336,0
230.65353650630672,49.874550178103966,481.0184945274627,118.09616785304088,0
228.9641093987037,49.805971817917296,476.3216355610587,118.36307906612731,0
229.70813456703127,49.90297971287575,478.69523808330837,118.05258492123424,0
230.59267478657858,50.29595146249084,478.9352199847447,114.36112611284895,0
229.2156829314517,49.90106045478657,481.42726902085593,118.59517962511465,0
229.0212501952747,50.05785959816489,480.2467302834953,122.50170008726334,0
228.91268067254452,49.97717866586137,487.0512351523588,121.88983230734242,0
230.0539881804915,49.92373518994665,477.37480202617905,117.92442068756799,0
230.57351637870173,50.03611320117424,480.92320965165754,122.90226651838582,0
230.30715422964258,50.026984448122114,485.41139843895377,123.25615968154854,0
231.33504404910113,49.9350991889725,482.1825817037382,119.73509634160875,0
229.64816158201043,50.04807470386927,486.5118541031297,119.50927906495461,0
232.5999750037818,50.00847838358703,476.3014451148839,121.92640533954813,0
229.3902820801248,50.07789789208121,481.4197101663381,123.99122168852696,0
230.053820087955,50.07093807284847,482.6140326500985,117.89793643235905,0
230.70146986014436,50.161113492232914,481.3182562304765,117.3091173631009,0
230.48815358324214,50.160433796156084,484.4415434564766,118.9365567606067,0
230.56912948092844,50.051369873810785,482.0910608012855,121.16563996626327,0
229.6437906611293,49.93216861569198,477.8974247024815,121.2358643732698,0
229.6403394370168,50.01487648387456,472.93926731026403,122.92967797227736,0
229.7582108598235,50.0054144001671,484.38409976106647,122.66621728236349,0
230.88304743360058,49.97810156069564,475.1306397859626,120.97067080621389,0
228.72320257621502,50.06032838356737,477.0369976899416,120.60087939758697,0
230.4795257013397,50.0665373149324,483.74922809979313,118.51173041229316,0
230.91155556555222,49.87932412281478,476.4247727418171,118.41126298828448,0
230.0634781930576,49.912572642238345,472.34544699314773,123.30473125106805,0
230.56837348953664,49.971363938886256,483.2294816121865,125.13266326833374,0
230.0901279321555,50.130409045419746,482.5898549380547,118.67803213085725,0
231.51372293093218,50.14893113903955,482.1969982678829,118.53395752230146,0
229.12617366292758,49.920035471706,478.49111787082416,119.94946247282618,0
230.68136446909526,49.95655526934698,474.6864623524079,121.06587591901362,0
232.14608418081417,50.00153692478154,477.4754764215797,119.74223652724233,0
229.12761007386837,50.07805168678928,472.66279609282236,119.45173055347959,0
229.27184242126373,49.88421490401089,477.6598537259694,117.56825161890937,0
230.60790058269302,49.998926295446864,475.0446082771619,121.10006147121915,0
229.88188752843206,50.199107791390055,473.9114682078606,122.0467998833352,0
229.70565402747295,49.982629515262325,479.9767945331863,121.74522755712348,0
228.04895960092094,49.826460515574034,481.3373486150357,121.57340403685816,0
230.54071159898982,50.091285344276976,483.1895137868363,117.20673289686763,0
230.11611697644167,50.09905209474843,482.2975451487951,120.28362003135818,0
229.2493013500915,49.86342238147265,475.2813223182516,121.05005442741577,0
227.39893253070105,50.168841247679296,480.8909104560662,118.9688418919366,0
229.41347641656117,50.035715261307885,478.47368215284945,122.16303086243542,0
231.84272966734517,49.973435642194595,482.4949649930116,120.52261075257182,0
228.75055916313121,50.114677961331786,476.8465506118933,120.17313341772315,0
230.74176691186935,49.954700384230115,480.2802715014534,120.85721368610332,0
230.92330278512762,49.926301514257084,479.30004020028224,116.02195162630784,0
228.13128377267964,50.14805433829122,473.92904583410615,117.67543201591155,0
229.36696615797703,50.081603936741466,481.64691061485325,121.07618087718456,0
230.968048941335,50.09604776814857,483.2188636520059,121.43188581061858,0
229.45999786941837,50.05224948024023,480.0457517065778,120.02424735089365,0
231.18616497756497,50.017720630837445,475.90048174561844,120.23426850021576,0
231.30044321228698,50.054909578026034,479.95011694408174,119.42375441706086,0
231.5235023090924,50.07778505116276,482.18784811823184,119.04722465002015,0
231.86050724844813,49.98650284315871,481.97726848504243,119.0059417354903,0
229.66277085065673,49.99845899260792,475.7737672414198,119.95229686140839,0
230.44004134315384,49.936997544933085,480.57022445407114,116.21507909480073,0
230.00639048415948,50.04233814898639,485.56322967379606,121.95635240336976,0
229.46359947049623,49.88683365118837,480.96538726486904,121.12060753417693,0
229.79750255577054,50.14268746819972,480.7379998812365,123.39773843003853,0
229.9752601504767,49.97450440997145,477.8875895530512,116.61613200763382,0
231.03314342467564,49.99456565580761,480.1296577333298,122.68431237084366,0
230.55295189921418,49.93888238994819,484.420608883668,120.64177321583999,0
229.08605262577407,50.103205859519406,476.6312773878724,124.23192796501276,0
229.02255201542872,49.94694184867301,470.2215425507422,121.68339096639103,0
229.47462504570044,50.26542252894784,486.7633653836505,120.28884569858862,0
231.40719807563582,50.020842857684116,475.22568329703887,119.28006187295257,0
228.9676420087409,50.04836509890246,483.26398733544045,118.92062071424792,0
228.81022106695758,50.03445367544184,482.33333195591456,121.09915664714937,0
228.84774525129225,49.87658342237723,478.02164901679714,117.22841673913413,0
231.91035259796647,49.973649541974595,474.44055401547547,119.77911886177472,0
230.7061240695001,50.174929860567964,484.08002108103625,120.55999923251152,0
229.671982164075,49.98187961156256,479.2995011709926,117.26146646198218,0
229.46556961363095,49.993390139577265,486.2477217139157,122.20737496925139,0
230.40633712907658,50.135783597418204,474.113532195836,122.42208174956629,0
231.4221542454414,49.99503694809571,477.21264525419946,125.2484405809524,0
229.14170052424703,50.20949720265466,467.12703775011084,122.35997454922834,0
229.3620984460861,49.917110330481165,478.7357656016068,119.25048542226335,0
231.08381507051152,49.96111872181511,482.1656703375007,119.64939212129308,0
230.09101529008626,50.0061365604041,485.9503542041494,118.37894905577699,0
229.6680118119982,50.10687407299075,470.8130903983965,117.02391140770861,0
228.7696170347227,49.98390019357858,472.222344461338,116.63341246385538,0
231.14626681183668,50.19465584817347,474.8544404731394,119.5772499067272,0
228.21515005230148,49.926478155397874,476.23816513853393,119.43686975971586,0
231.10378763053382,50.11700142977091,483.02116030787585,119.2628928249793,0
230.2507244300929,50.17298560173348,481.854988941829,119.49308025436893,0
230.4298417097187,49.944954773266396,474.34575702205376,117.63609551684559,0
229.8479174070975,50.07547349098708,480.2943627300904,122.26151778862634,0
232.80273132967767,50.04388760723914,482.2688673548015,119.46915710810327,0
232.2976722230117,50.211266488369844,480.8270818601935,120.72587877977762,0
229.94190357392065,50.148353816647685,484.8596762509568,119.38316527775795,0
230.23067253460343,49.991156377006114,483.7675711236747,120.75267556557205,0
229.06425459581953,49.98500217928401,480.6304208641795,115.54748166075282,0
230.9613972100016,49.89415843027605,480.411455821012,120.0448318917407,0
229.82656660776647,49.96073996360178,490.2656740654025,121.03286029888659,0
231.16336777303337,50.014488513268674,480.95405958027106,120.91079618415243,0
230.16170503056776,50.080859036749416,486.1561035346586,121.45345396142298,0
229.30658869485296,50.022237416309764,475.33627414569963,121.52342095772258,0
230.5849516337181,50.136365157867075,485.8759247997992,120.71824847212389,0
228.74695818808132,49.84629906541817,485.1342185257054,120.03838453255642,0
228.92514802774392,49.97902268618434,477.8332098262141,120.11394609335186,0
230.11495420863477,50.068897081313466,482.3574081051898,120.19698324638978,0
227.5031663357297,50.01052735062786,479.3777468721343,118.20413117762928,0
230.21193945054046,50.030921524778925,483.69740320444487,119.08657785180883,0
229.93964114141707,49.95624210732381,480.474881134944,120.69217491884574,0
231.11452803876773,50.177772682520015,481.2402857497363,121.7965814890906,0
231.67030194726266,50.08701719753865,489.39579943133697,120.1703879078159,0
229.38453740465656,50.0635050777127,486.4909231263507,121.1873820579813,0
231.3343517287582,50.0227828738199,481.91597517014594,119.3182821825334,0
229.99991966247083,49.96647886520676,481.7336882775638,119.28812830926937,0
230.01893597765442,49.99877264847035,478.57627301833566,119.11039915459298,0
229.8483877788294,50.03833793273862,480.8777512379324,119.88235619157138,0
229.6299735723984,49.98669923386723,480.42640935444155,118.39852538520195,0
232.30596615028492,49.958741237451115,473.5717904743611,119.73494700203118,0
230.84805757885056,49.95688766318455,474.8732661638873,122.60555406577235,0
229.83947388698286,50.14034423802784,483.41736686397223,122.68341278474256,0
229.99969745887515,50.06145986844932,474.60923062932267,117.06852534011699,0
230.54642766297252,50.01770314158811,478.9490600558289,117.20544437762939,0
231.85736704522716,50.08603606413047,475.3176300680091,120.47519202733027,0
230.98705178088156,50.14599115578175,484.53333329334004,115.52722457529244,0
229.8983264692372,50.114136219483804,469.6070786399471,119.30151389847434,0
227.46247096401896,50.06771914774339,484.94097974899813,118.93232000293337,0
230.4109294482991,49.93000522717707,480.3619843010242,120.7738412472439,0
229.79283552912835,49.98202566203458,476.42604582688887,117.12898830377505,0
228.69342713340924,49.92220170134913,464.00696876085084,117.12124062692679,0
229.9199343095274,50.03214114595572,479.00111844486605,117.53073755180992,0
229.90537386583958,49.93350364519754,478.51892428593675,119.76264665166362,0
231.64760207975664,50.1031761307301,486.92929573215827,120.65005754582732,0
229.00739147880827,50.05286355193717,473.4546363012476,120.56144214808849,0
231.4288520979878,50.20292973956402,474.7524194123703,121.28969149751056,0
230.43315192675595,50.06926104168628,480.5936748559558,117.89968686693621,0
230.41131458113756,50.02605402890669,484.44723516270636,115.5133416453902,0
229.75545866944634,50.08969039910789,476.9138628946497,117.121862911975,0
230.67251657532552,49.87082935087205,481.75647170554424,118.89739749251558,0
229.38782115057342,49.893127199158876,479.66156929391514,124.524776895426,0
230.044153180115,49.94000911921509,479.1342422571824,119.17911949359481,0
231.8607219858623,49.934432758371315,467.1478556141481,119.09741244383268,0
230.45158330647521,49.99857538582986,483.4341507523898,118.8797962209957,0
229.00639048108985,49.7626787901581,477.49730591579726,123.25907177340589,0
231.58700438780014,49.98963253269799,482.37442902476624,120.27151161351703,0
228.03514083555964,50.05960476598868,481.2565057858091,121.33941366743986,0
230.14569778817662,49.94544137796074,485.8440436734034,120.76830696935035,0
230.17127456091245,50.129627259312336,479.56642629147905,118.37775546961535,0
230.05706374856467,49.803404659268786,467.6893124234005,120.22796767854211,0
231.3726827760885,50.06011591912167,486.74864090645093,119.64959967923275,0
229.02663579793654,49.86512591297737,483.2316185683,118.38297132399492,0
229.2628957964983,49.980675299387926,472.80442927655815,120.04708620915727,0
230.23440096279884,50.17149539168632,483.6951462358038,122.59880915719687,0
230.89225818137072,50.145759921597865,479.6389710619852,116.69738701884137,0
228.31262347452898,50.01899888121636,481.95938322289805,117.74331239977612,0
229.57497121770976,49.84744643306374,478.0521941479123,121.37590209589706,0
230.22141278365143,49.99972178009082,474.3242074234306,122.4324676697262,0
229.69430644434502,50.05274857812142,484.7231240856291,118.53329016070712,0
230.37664376889953,50.06532633305428,479.2823631430734,120.50322870984976,0
229.33128971438578,50.04676661146407,483.487793578062,120.47093561587965,0
231.50551954913024,49.964636957266045,480.2795735984754,121.50619694418589,0
228.14967089841122,49.9671364349618,485.79152575417254,123.52880788224384,0
230.62822717747449,50.106997035409336,476.0644773141845,120.22771983508137,0
230.00603570659197,49.991333491461965,479.78497297015946,121.16628772698206,0
229.93186776549263,50.09141863600321,481.5570291909827,121.30059248573127,0
229.63806930678192,50.03965664923979,479.70437922139564,122.63890615333894,0
231.033637186831,50.041224538289896,478.1457719384021,118.52204563257105,0
229.91723561691308,49.99233213646867,479.94222286943835,119.72264272008074,0
230.41868805371865,50.1435879044668,477.6432227713799,119.24077217947553,0
228.137861253733,49.945357607372884,470.23542289397557,117.9136318225982,0
231.55261331886513,50.03493055913732,481.4790579867677,123.5712033434615,0
228.253569012319,50.104301979493115,477.84908436926116,117.58419795188094,0
229.02978335835692,50.02055648564356,484.3734122259999,119.94496171020484,0
229.28083969122812,49.99877489499276,475.20253397360096,115.22792305073905,0
230.51079982624367,49.96995437958051,481.3842119092529,123.58107906875907,0
230.58680652790025,49.936836200548306,475.28304305790465,118.93621031079327,0
230.37579812074586,49.867571549100454,480.8424930988148,120.4959696405816,0
229.52758594169248,49.991196135785444,479.2917283166971,119.09875565301718,0
231.3182991577326,49.94953907610962,477.9566387700503,115.51010259752434,0
231.5523274084338,50.042996626604904,473.7388159463799,115.18242470607787,0
229.81282391444267,50.059579135791864,485.59885579549257,121.53228770362821,0
230.51621585965816,49.90481324877909,479.72668338250736,117.77388071047486,0
230.05528541800427,50.19825049113757,486.9698708497629,120.05713978920997,0
231.73161626337995,49.89542630967634,486.4387192393457,120.29571159918332,0
228.4339531480761,49.93754501203365,478.77324382942135,114.31991418512222,0
231.11957054652268,49.94929940555621,485.97311969708994,121.75257120814017,0
230.0894598801403,49.923503262766786,482.07519547184705,115.73939579195475,0
230.82062190434536,50.00179530349776,486.23166542169065,119.64540886764523,0
230.56636780983217,50.10486249106325,474.29868274361206,117.9299985923268,0
231.64711450253282,49.94187031108069,471.5023167691274,120.44909285772962,0
230.1038644179701,49.9554872252659,475.0772426050852,119.51205297741147,0
229.43896650421837,50.04656309267623,480.201486386262,119.45238614657828,0
230.42289689523002,50.00416533085568,483.425168693968,117.47337541028737,0
228.48062073545742,50.06840356565261,481.9300494465988,121.82915551098377,0
229.27269448762829,49.893661550975274,476.42661037520804,118.70813961078565,0
227.6223140844801,50.21981178776556,479.32871545024926,121.28246943740004,0
229.97077842995168,50.14555623835009,485.60436229237064,119.35797727194792,0
228.77347553394944,50.08158753661105,476.72666594225166,121.5245686147033,0
231.74425340841213,49.96818207912839,476.9362006724057,118.30043304296855,0
231.402051478115,49.95224969793106,484.8755368183336,118.45502146557733,0
229.62806041308056,49.971308555335035,487.0264310571507,116.43596076939201,0
229.49322918381253,50.03271920391652,484.6953360922046,120.8415539194511,0
228.23512518294243,49.9248545585105,473.3565324095964,121.15850765747282,0
230.4986366074483,49.91477113734225,476.5352866946752,118.837473731558,0
228.46926540929442,50.054380359096825,481.3118479721836,117.95856291819136,0
230.379672269496,50.076543387137185,486.6332083557334,124.43968244429777,0
231.5165786298813,50.026708033076254,487.05459216555,123.23276615119237,0
230.3801191176204,50.08381174783596,478.53254751396446,120.47931128870931,0
231.24039853266484,50.07093561498736,477.2656034185797,120.65407124388238,0
229.27580591009547,49.977729507292835,471.31015574798744,119.45457126508953,0
230.0848576858046,50.149358954977274,484.5139011700854,117.13645435283001,0
230.70151595849404,49.94250369149346,482.4265604571375,121.9637768452223,0
230.2564337763912,50.02665550376785,470.7618295603454,121.4224578498966,0
229.6002236295236,50.12826398274059,478.8383494259931,114.98921051533625,0
229.2690127451996,50.04886729611354,490.9204023665924,122.20347651904038,0
231.32701362528059,50.15650990757903,475.0904501395851,118.30491119319014,0
229.04373258916385,50.24275418187063,484.4053550225904,119.38577785585956,0
229.64058171226048,50.028564547905916,474.4044532547781,121.81592509221825,0
231.23843928752274,49.97873603905482,473.13937371681345,119.0200832449548,0
230.81395882347877,49.96159255664497,484.5235589897639,122.39056726072816,0
229.19807559722477,50.09065377837917,476.9776788896894,119.60238617791995,0
228.73449175109369,49.958639745337635,489.19695059704196,118.53627956768499,0
229.9283341817583,49.973123851540045,467.0597317963237,119.05285738329623,0
229.86264579639146,49.851968917757475,480.4438310743636,118.18974572739509,0
230.47985546702773,49.84284153104168,480.67620188869313,117.87707433069511,0
229.8211627634116,50.19387505446034,484.03514149521106,120.37346160470554,0
229.03243651697247,50.139595231419385,479.61776181871693,118.41336087299302,0
229.53826338160798,50.183202075968794,480.1855766978345,118.53067245876483,0
229.61492314963033,50.18195615553866,479.8385264417034,123.06047348711587,0
230.48148018524273,49.90926105837867,478.83350905267105,117.72360418771682,0
229.5902602957621,50.034507742696135,477.0673526302099,117.04681897378677,0
229.53532169421808,50.02841470355062,481.8137545977931,123.67323025658685,0
230.69180476901448,50.096607469073014,484.0388123172187,119.98662952312067,0
230.58402502192604,49.91523731380446,481.52814307767153,119.74417169533653,0
230.32585058438542,49.90177895311816,480.5446962439977,119.3534579024347,0
230.60129197197588,49.90987584601285,478.02723769746814,123.32265045993361,0
230.383127965639,50.06865941301843,483.511573205646,117.65683713472896,0
229.93652390163257,50.07962588453348,475.8865611828532,121.50740151752659,0
228.71283767485,49.9797765695721,484.3578832859125,119.47447183693723,0
230.41385677384196,50.03383871641169,481.27018300579414,121.31426355494172,0
230.08438819536588,49.95671038729048,479.2641059322742,116.67565851850098,0
230.73240137365613,50.107797717637155,478.14214295884716,120.00801652100608,0
229.46943330050502,49.96890038701035,472.72031625125805,121.55445859255713,0
231.6598363565601,50.02710745308341,479.82413300045926,119.49609467386433,0
230.39913739304657,49.95740982167613,476.75151506185614,122.75140738071053,0
231.0272661644098,50.081613647575466,481.3580848252496,120.05287395427992,0
229.61352861655075,49.79502547828654,482.79807572757204,117.82306165030187,0
229.27136642874333,50.07666514603453,487.40806669428747,118.56332508654425,0
230.11322399649896,50.01103514964929,473.07775880966364,123.41554464709529,0
228.38810367384437,49.92894043563258,476.34429633800835,121.35100625261448,0
230.41138939211874,50.11799330405286,477.3539069383855,116.65363103903351,0
230.6002659148462,50.197938767419515,474.08729878930114,119.52676477362978,0
230.68017010595335,49.932854548008294,481.77406986616563,118.18367974945245,0
230.62360409701571,50.12443235699451,478.0551864981944,117.67569878809559,0
231.54501405020756,49.87752520977328,479.82892862168904,121.18252962532083,0
230.54205530939205,50.110294796111305,482.9479760640823,117.51440514303674,0
229.26697361410038,49.94009675800497,480.46022831488443,120.23726012079554,0
228.5667925967817,49.91403189383976,480.70881143737216,118.99683429866137,0
231.2083976262974,50.032478223411296,483.15281518399354,118.72885865844776,0
229.3091289789018,50.089364882085775,479.1780137042734,121.39947773346103,0
231.11448675661262,50.00491816731199,481.5598578554144,121.05711268984896,0
230.49794610356912,50.14309789429156,478.49175865639126,122.30909778446744,0
230.18351066930254,49.90656316951489,483.4438266044557,120.02843569347039,0
229.9967827789924,50.161805707726934,473.41525163108173,121.67435009541077,0
230.21017918750363,50.037021624090116,485.94698193571145,121.55215093265168,0
229.13858905646305,49.951627075480744,477.2324898855162,121.17468165715165,0
230.70632105671686,50.027633584539615,480.3675060678149,118.37138070633688,0
228.45796129217425,49.94978083081156,482.76952730586686,116.8303532424529,0
230.24458269530098,49.96601317445165,481.7228009666092,119.51505379127303,0
229.67426070945234,50.15119586138285,483.34637889400307,117.3914006428689,0
230.62822683225724,50.12562098024745,477.5627046669464,120.43843428526822,0
229.80797646561314,50.05468733020557,479.89404000052957,119.288020318038,0
229.8716859647888,50.00773964033407,481.81665205030606,117.07984527037307,0
229.32711039154458,50.02501213293526,480.35865762624854,120.21333091279661,0
229.20702805689407,50.21358726198849,479.2580044905593,119.65686125942688,0
229.51618595009967,50.0141401668817,474.5821101628095,117.85223826470087,0
231.6537478111316,50.19178171754375,482.07765936534395,119.34050157060608,0
229.77667910066938,50.12960693789199,478.59164848030605,119.0966796618986,0
230.87747049500138,50.11423300408617,483.0701340537501,117.9832174307313,0
231.4192915568769,49.94298388110643,478.3601480489872,115.95720173619091,0
228.93702312760414,50.097229476926884,481.7154469237784,117.50077022290735,0
230.28660174365658,50.11072069645689,476.38349487495486,120.36455204529842,0
229.27250039563106,50.00550630465658,482.7588927533817,118.83418226417847,0
229.3903374393453,49.981317985446466,478.5752017288073,118.41928791735681,0
230.65602516308988,50.09610804236991,475.3230220432127,117.9595162627288,0
228.14215171198572,50.08752132470362,481.3845041552893,117.22810969054458,0
231.36947857701114,49.853768782967585,486.7080926300275,115.86635806551013,0
232.70722496007332,49.94855174771295,484.40015774459914,121.53059464167141,0
229.63110332114027,49.98566360013634,481.06080352323227,120.19715991915561,0
229.4248193376841,50.13659445061095,468.2334344088925,119.85079192163873,0
230.83259167600704,49.831582725679255,481.28445317397393,121.55791120866876,0
230.68469292992765,50.03784663340194,480.7732248745116,117.26244186094411,0
230.24119430103505,50.06665571290459,478.9845188794895,117.45457232911477,0
231.0932430951299,50.07371291515696,474.2579985145076,119.90675317086139,0
230.9723768397931,49.78971997211016,477.4521274256286,119.4258582832548,0
229.43136956346723,50.02730223591787,478.6758022124595,120.93597843304686,0
229.05125043309465,50.04352628002526,478.043102332791,119.54144049797485,0
232.02050045505487,49.99423907622619,485.61599243164176,119.72622689357492,0
230.22450984479917,49.96240125266396,484.9696801977443,121.50867100265388,0
227.23662841114898,50.07241581459553,478.5248542221973,117.09495979471265,0
231.04334797693608,49.91126147560253,479.26986598903864,113.41872671621974,0
231.33693989693901,50.06875110329441,479.19905983190273,121.10680073541502,0
229.8110815962896,49.97529427783227,479.3207938257443,120.57420300560388,0
229.0288874412827,49.910917046075525,479.567875832499,116.50841921646365,0
230.94005799404084,49.8684061043361,482.54944347454557,120.041585740605,0
230.34844413321605,49.89256366603328,481.6419733375793,115.37950250948005,0
230.5983951219146,49.984946150729,479.00089013891494,116.50792384975456,0
227.4784210394553,50.07942617687875,476.76889669668947,118.71907138463266,0
230.28507715902106,49.81162943274844,480.6066474370001,121.83636384060043,0
229.18741096378045,49.9797806111814,481.4488053050183,119.43152102623255,0
228.19562060619995,49.968015843563315,478.6085272848173,118.02112517978043,0
230.140078215127,49.99422510345695,477.1503829921297,119.78910905136738,0
230.428178231243,49.94088958537165,486.2150440318669,119.52993506504764,0
229.9952984980548,50.06596609883069,481.73354421121616,116.39213788661282,0
230.61503206542216,49.91541630873742,477.6168964230636,119.62376748981157,0
230.70077651725967,50.118987477630746,485.7591609692553,118.97840549893641,0
230.48754866402285,50.13437804346789,477.29588282557575,123.34093496527096,0
230.60334107950285,50.171734674146684,476.56635086782154,121.28595126500602,0
230.185734873066,49.84591722933025,475.6054002884686,122.4351471134011,0
231.30556855957138,49.97993990009647,482.4485397435376,120.24735696865095,0
231.83231752947063,49.86204641884764,481.8545915715582,119.46369769942811,0
231.5161587304638,49.8880909628537,480.0052570052848,118.28826245186187,0
229.28299389099058,50.09294734465048,484.9653305154021,119.88732624166919,0
231.4742519862533,49.91564456521208,482.35162269217483,119.94313254541136,0
229.855122143,49.936352042520994,476.6633140609037,118.35160925284029,0
231.42299605870463,50.05404645184859,481.59914114932764,123.71268039350049,0
229.21868847431293,50.164459564915695,488.80388339249674,122.97524116178798,0
230.8200933117946,49.81534454571026,474.0428163324285,122.01306148394235,0
231.38082681874096,50.004162743700434,476.24077941328017,119.01848495078004,0
229.7884841477007,49.983893914010565,482.7256867531586,118.15567225809788,0
227.03858648044255,50.20003064858964,486.38654110407356,118.27917652072357,0
229.87529572618135,50.02144519478967,479.7711135396622,122.59337977976772,0
229.12914945438766,49.99450042877505,479.91653478112534,120.54620202022197,0
230.31485926747507,49.96936320768602,481.12376462460503,116.88744121123008,0
229.36804542143153,50.09287042480221,481.5560155523323,114.73149249882555,0
231.15048511053374,49.96209482159485,479.80130224221534,122.1482625894554,0
229.60536653232612,50.05922342245821,482.56163216437795,123.19636087391535,0
231.22802498233,49.96599261850761,469.29946572338423,119.78646480441445,0
230.56935333978385,49.95011495411751,481.2866644038976,115.2170204731454,0
230.44769404861634,50.14152547176993,472.4850663253499,120.07767809549459,0
231.0984590422277,49.919105446758195,478.94004159464544,118.19555145845626,0
230.13229072458316,50.06060665737372,478.2586468625905,121.14880257608299,0
230.24921654320414,50.03982213799459,485.7591919116581,121.39157571686282,0
230.5301525348077,50.02957455993275,475.10581102936845,116.3201088105423,0
228.18363028040832,50.156922757645475,480.70914572817225,120.10962102928146,0
230.11180784187982,50.04387992120375,472.1652625062514,120.69770745585757,0
231.1762381172189,50.140903462313794,477.04367189632205,119.81412644902221,0
231.0007017567264,49.913448505262366,483.9471275776264,122.39647074609921,0
230.28961477408546,50.08740564738657,481.37750607138537,121.27077701511404,0
229.731070958357,50.19799182832309,482.66524756008124,118.6891067523443,0
229.65246663771154,50.06434524785061,488.70992197489545,119.40665199064044,0
231.13225546782073,50.18150370175131,484.0505338592573,117.76613052825009,0
231.25119556677637,50.0407087943076,476.09284631464914,120.65488714849484,0
231.17898048690878,50.12199180930904,485.78306986981505,121.0351811335602,0
229.98424714969136,50.2699270403693,481.35148598645435,119.71674901830168,0
231.60048932337003,49.86251371290533,481.3399020425536,120.83148279308153,0
230.4808586357604,50.17190720558285,477.21622020929993,121.47469493984077,0
229.23675676093742,49.957092315721525,475.3148580483601,120.83320471639526,0
229.76113921654508,49.98554487373301,484.8988056601754,118.90335644284652,0
230.49382020589252,49.95792299004797,475.56443379585266,118.74464249741854,0
231.42736753774312,50.100049938551365,470.9979495415061,122.3371273888206,0
231.02019256015274,50.10956113197643,464.55290310265195,119.31834251363215,0
230.78902628630166,50.02829838106484,478.23362244438476,122.06163448319496,0
231.00399989271781,50.07272460550328,481.16949049025425,118.16308483862532,0
228.8650320653627,50.01779845294513,476.94893727863655,118.65408498765515,0
230.55354010233557,49.96522244122504,476.9902591034731,121.28616091490439,0
231.2515063770694,50.08452901398775,478.8644913697963,117.17615045526324,0
228.49973629752512,50.055866834116024,486.33374274932254,121.21699554708124,0
229.29090091422532,49.85968502088673,483.4500824258245,118.34063256386393,0
230.54569939459077,50.254568447441564,482.7773657029724,121.61941160829103,0
232.0391077422475,50.006399726617566,476.9036293720237,116.99997261008623,0
229.05577946572447,50.221337965082746,484.1857368810643,121.41166281294154,0
231.435495253517,50.01856621194795,483.56155811048677,122.56584644161634,0
230.21748849059148,50.0881823713151,476.9441376243414,119.5938063699765,0
230.08341489079925,50.016379785836826,480.6160428022976,120.94326018283068,0
229.74191682185977,49.881438493273016,478.6454451060066,121.09352911890679,0
230.74854137653074,50.0613387089288,484.50788349560963,120.70675858181873,0
227.94760280603856,50.002640345939454,475.6669227162967,120.35267307578066,0
230.59509736122016,49.91294447558881,475.93698578144824,122.96449023696195,0
230.2240289466299,49.830702344396045,481.4168267239516,120.76243673252044,0
228.07878323345292,49.99756637244082,479.8654125890488,122.73372342097349,0
229.91599544492198,50.11637134935369,477.7935106366626,118.69977386670628,0
229.3912206750746,49.94266192586367,477.97262038102167,118.49206298421724,0
229.3628832430534,50.00213907315861,484.6216506545051,120.38940959861644,0
230.40747136425702,50.00842531674711,478.00408896860426,116.03163158328046,0
231.8571169885238,50.08918110832664,482.7961767948691,121.26404091424608,0
229.414779104198,50.02513878539574,479.221101158553,124.20109318464966,0
229.89561951245923,50.01419140870835,488.72259972494925,118.64836638031076,0
230.2927213633476,49.94239073727564,485.33186764866247,117.28299795023524,0
231.318384486197,50.186076558583096,475.00652564050614,119.86416257384796,0
229.82300551085788,50.183112879382755,469.47013362953453,122.9348209920718,0
228.55469420756046,50.08941513482702,476.80510187087555,118.51770169268133,0
230.31136051693377,49.936241489930126,483.04995039528296,120.45909425122062,0
230.67573964489597,50.014968217081055,476.0975999429579,118.13104279124087,0
230.4658269113026,50.02049869080495,480.9013860023305,121.03262023744915,0
231.17866420596482,50.03762434622308,468.4768465981824,121.83084511747697,0
229.5036840065329,50.075856753878334,477.79638005428035,121.01949583047221,0
230.15650348385722,50.042821092242534,478.30654468616166,121.82817824796201,0
229.2490392705267,49.98236881816394,487.13600092367125,120.38209555598966,0
231.20102161280914,50.0093280123729,485.4479566673554,114.13021657160914,0
229.04501015084486,50.14761823625114,484.3074106228623,119.17508433536571,0
230.04094622017737,50.101900990440846,480.2342734778935,119.47273685516619,0
229.74193228365684,49.95315646417394,478.6716191747873,120.62864506212736,0
229.23455320641548,49.9879169428791,479.615883088122,120.36224965609894,0
229.8971804998126,49.91714153580782,478.3407518432583,122.09428089156626,0
230.56176890740358,49.85416020443048,479.2389046990536,123.32207608876693,0
229.8449143960582,50.02504336196269,484.2929600961243,119.23478563270031,0
230.26769405035492,49.94101986837711,491.2238188213711,122.98163800398359,0
230.57283490068758,50.05419439024322,471.21184412114303,120.00401817163579,0
230.86807495250278,50.06362504672618,488.62663326484073,117.78591173081504,0
229.53158669824816,49.91205088363652,473.7368080653886,118.35271666725691,0
230.35301714952024,50.019475877442105,479.5418026377399,118.03802561694698,0
232.05225796196325,49.958402984220015,485.86915178189133,121.0244645870491,0
228.79646540213696,50.03001138389854,481.9740095881129,119.27550553829657,0
230.28851807664182,50.08526397269507,479.69540444549926,120.9826973628176,0
228.7757707511899,50.15510694578759,473.6755748227098,118.5971416454486,0
229.93386425731873,50.20347785537618,481.6690446788894,122.89613053535504,0
229.79005445441473,50.057921012711226,475.2883348793437,120.55632559848357,0
230.76546295810584,50.00130106333159,478.4915537203742,118.86804791808545,0
229.17524678589825,50.13064219864645,485.92990500501196,120.5134918959437,0
231.10171577804292,49.86524309533322,481.85959929964497,121.76313791528949,0
231.05819074785293,49.87008727703072,475.66090417346913,121.5236262629712,0
229.69148262723905,49.90588285155588,479.5676836095324,121.96224139921321,0
228.47052712146748,50.16087355045535,483.5914157132601,118.91549869515082,0
231.40686001156536,50.10737275309286,473.27050318557747,120.76426395990813,0
231.92385536988976,49.91577442728364,478.2876350766093,120.24441185781077,0
230.0479392535831,50.11873214767387,486.5162325231992,116.20085079594595,0
230.0265763916766,49.98826984733568,479.9406408213003,117.80639650678283,0
230.37943106075485,49.86289440373386,481.8300479462345,118.4686791547425,0
230.47942926382333,49.885810017099,473.43094547988676,120.27694755035677,0
231.20306807603922,49.94981270149751,472.7335077710269,121.11526231643714,0
228.6431258373661,50.08157649866254,479.8631030625872,116.96014940645168,0
230.96604527405697,50.217877068964505,473.1327432102347,122.64460642343492,0
229.26816855317279,50.17979718920139,484.27964614156446,122.76884769259905,0
229.3158154287648,50.11506794894193,483.80141918962596,119.92281649655341,0
231.29390697550178,49.96032827618594,482.3902552425712,120.2773503236536,0
228.80993983586555,49.9991226365141,479.45055418364467,118.16275935317675,0
229.3948148090372,50.03419365383761,480.78633447741066,121.25438696795136,0
230.50992607846092,49.99896503134364,473.23229865698113,120.25096226447572,0
230.47763881546288,50.00693873142261,479.336523863089,118.1069714392948,0
229.67343459975734,50.04374482343281,483.00593815185005,120.0414961355719,0
232.56661107526767,50.17458860027536,475.6711791386653,121.20749223209289,0
230.0062926508791,50.14965198457261,483.1680175445646,119.66434999420822,0
231.2265659993495,49.93942978274356,476.81426695999795,117.6021573771208,0
231.12511778450872,50.03091127133433,481.67946741007563,117.15685637817545,0
230.39750821451813,50.045229576060635,476.77093854111325,119.13148690078451,0
230.62356661977933,50.0163574682555,480.81691679975904,118.52029051477692,0
229.88294850474492,50.00858141341114,482.9616553774495,121.25835749213603,0
229.66588019158237,50.038498265292695,483.10612673210437,117.54429737545986,0
231.301641230235,49.996040387987144,483.2412144279335,120.94883577893381,0
226.75464017271136,49.97219460963907,487.4167393083476,118.49973559519964,0
228.81870798185338,49.91803575926359,479.1408191694679,118.01943488120776,0
228.8589686478554,49.91654929354239,478.62895819614056,122.71510996359963,0
230.1315270957791,50.17447524999619,473.1930229680041,118.4905115863565,0
230.3298040109651,50.11226560429495,478.91014230444216,118.46596021060287,0
231.7304515828391,49.8549040482689,484.84456886424255,118.39076289209522,0
230.17819021743225,50.066864024220486,481.67658745581195,117.53022384304144,0
229.58944738885793,50.060103169081856,479.32494230612946,123.04225883975407,0
229.29715488847154,50.03346930171837,478.32511051913406,120.64906649901981,0
231.07685364301136,49.9838071675832,485.3017346918654,121.78202085251098,0
229.51478015506828,49.897185620202485,475.0610752526379,117.12612383959177,0
229.50637207815794,49.97344885615625,481.0849698064675,116.61626873387357,0
230.4876905510678,50.18796021258374,484.47235560679223,117.29894830651679,0
231.1534274170289,50.121907757161786,488.5246102313734,121.58754522308008,0
229.7716768116957,49.96893320561601,476.09577496993035,121.82811342110911,0
228.29228438955687,50.149615645025435,482.7958869449733,120.26700236588744,0
229.54176949049227,49.94577855357724,482.72561915106667,118.99707869011976,0
229.27408142188625,50.077192101854614,477.12909596819543,118.42313357656879,0
229.8069299816151,49.94954497796518,482.79976993123677,123.0096552211541,0
229.50346063128032,50.05219796817698,475.924411071485,117.13607894470883,0
229.42874810891078,49.93197022798165,483.78937548552364,117.53619228862851,0
231.69280847969043,50.00897542208495,477.55322075457644,122.71783208500163,0
231.16508962283947,50.09508337594044,482.23409403413285,116.39927101795087,0
230.6043695729039,50.0049973246838,483.1864206383309,119.37979767400701,0
231.339110248799,49.743556611509256,482.73260355393927,120.32251793911918,0
229.74711253441114,49.914867666060985,477.20231909826714,121.43602783377105,0
231.11576013210959,49.9335944456437,476.1633312910497,117.88061641516302,0
228.45975442940528,50.12032032200078,471.2484443328164,122.20604492889802,0
230.58264390001298,49.82897626882226,484.2224380153813,119.28313952417194,0
230.3027887025021,49.937204051438904,476.80114153847154,116.59214216852736,0
229.3432034200138,50.135766059736966,480.5317660995892,119.69309955584728,0
231.1414765056509,49.75182873181439,476.38820502684024,120.4587775993659,0
230.58004408299715,49.986451646237946,484.39524699822033,118.24256254072897,0
230.55139395262105,49.95878832883524,477.18010245671894,119.60443153942667,0
229.17363212493575,50.07709639369654,484.954962024132,121.45535327522965,0
226.9951628658738,49.92212255203699,480.28247907233794,118.52090800074897,0
230.31785677265336,49.9033096981577,484.3153503485976,116.89726556083201,0
230.53153588143243,49.99137871311983,481.9769920570128,120.1348620305603,0
230.5705412424737,49.87413289228183,485.08104798155654,122.85666638058295,0
229.67278667095758,50.06698729677688,473.38030513329994,120.61533233524453,0
228.42577973616693,50.08532697395035,479.52890678684867,118.27964156882591,0
228.78618995478732,49.93361858655215,481.3620680742182,121.90136989315559,0
230.17852390945336,50.0200036930979,473.32434222239584,123.33065444167963,0
229.80935438395386,50.06634444631084,476.66506688516444,120.79687996730388,0
229.9660375000582,50.12658633187888,479.87929766334304,116.83077792731096,0
228.55399428661238,49.94582916593864,479.1482838556118,119.00123630130003,0
231.31345573029392,50.13201221113822,481.36336709533407,113.91124157790007,0
230.29240830993407,49.99204006253545,480.55951830113224,119.23750299401287,0
229.35930530343902,50.099659391018356,483.8191846684123,116.73183308898557,0
230.47797778698018,49.985818313780335,486.98547432804577,119.7564586863246,0
230.51942030238294,50.157259298321996,479.19854560065113,121.22740600912896,0
229.0967517282808,50.1995581733668,479.3209537935334,119.99555448104512,0
228.8298792962266,50.00693953509202,493.711542489414,121.92283674047364,0
229.729066345801,49.87237865459602,482.54854504105515,120.64621309778643,0
230.22904697889655,49.74939439858206,482.89250318687624,120.42295878404369,0
230.78590996140304,49.966125617724956,476.15320710195203,121.34444632205243,0
229.00026510821263,50.11541277622368,485.3149793261964,120.99069949004476,0
228.96530058189936,49.98500470062047,472.15129118585253,117.54151180351516,0
230.21806618046006,49.98776360318098,481.4293625494704,114.24998454949042,0
229.2944786826202,50.0507481552469,486.6034235771842,118.29490592946173,0
229.41550786202762,49.873048096399614,476.82597816474345,120.95966761564704,0
232.3623242263944,49.96726363810825,486.5718859701779,116.67477490417667,0
230.1238313418597,49.99227644622063,478.59097340021304,121.43254003768989,0
229.50855143281802,49.95303715176159,482.3616270920228,117.32517213050141,0
231.01590821230846,50.14440979983007,484.6889816214365,122.82857694134198,0
230.31954552305368,50.12826322005043,464.08018071703236,122.39930026925019,0
230.05765898274802,49.92052346370413,488.1189837357144,121.64502282833438,0
231.48396873580467,49.946810407812485,482.94854247149203,117.43718392450296,0
229.2233501448324,50.121268376948464,485.6879986246091,117.28492159925909,0
230.07693892364796,50.01034468769662,482.58613209567335,118.37575549543483,0
229.35145548420053,50.135153547879085,471.3271179892542,120.38051553041531,0
230.2925976133442,49.98002922341093,481.88929222424787,120.99283418913791,0
229.42990347869477,50.121415740518316,479.3277197129051,119.23430667089275,0
231.11470680800866,50.13340702787502,481.44110875279205,115.88566866030342,0
231.44577062029353,50.08336318757411,489.5534055699356,123.37770495757985,0
230.50763410927064,50.098354123049724,479.0454291653152,121.10374735668005,0
229.4800107689684,50.00463189580007,479.2424528486975,121.59034204712093,0
228.45084434807643,50.046691953153186,481.65849101543193,119.78239809148776,0
228.63914515644183,50.01353604008498,478.1682419013018,119.23668352437996,0
230.93670980566506,50.106255730513794,472.53006157941184,120.01049666303436,0
229.5933042825093,50.0905360980138,484.3799571376496,116.63126940500584,0
228.5890282212799,50.09464292073638,482.15412915830666,117.9171673635073,0
231.39822886311651,50.08691415278401,479.19618642226493,119.8825004178553,0
230.89073067011105,50.176542913761395,487.5624209241636,120.4537178264722,0
230.9984799166771,49.83221223068644,481.1601661505848,121.12409931322851,0
231.58240620980519,50.20170752308596,483.321322844542,119.84102799715097,0
229.8632922670938,50.14191531604499,478.1312520079989,122.43012488854842,0
230.7783788171661,49.993876493185034,481.29408087684504,123.36518780743705,0
230.61734644558817,50.02781587359857,475.04120618385974,114.43204318947842,0
228.0651782639228,49.98279777022066,487.5925913607959,120.01757432327744,0
229.88012071793048,50.00511011179257,486.5751835056726,119.56270332609364,0
230.7434554617413,49.920899351279864,475.2264205915966,119.19583559575854,0
229.96242115521903,49.975515970780734,479.17260988343827,117.45738993585896,0
229.4988117273114,49.960677612204435,481.04677942689426,116.01364283322198,0
230.37071811768408,50.18183577764134,481.1967392040067,120.66801348369326,0
230.35875923196394,49.98436382324862,474.20705218764596,119.00435218189726,0
231.43513387079565,50.02568167120741,479.05737627318103,120.91317047600839,0
230.34708075024392,49.965598752483174,488.3143461994326,123.30215164250451,0
229.8120169694279,49.91981375095079,484.5542841671928,121.48194203079528,0
230.84839045670208,49.945168756235624,469.7964196333316,121.19347025782469,0
230.01508964774644,50.03284708486383,474.248709613432,121.75344180707148,0
230.81103009880178,50.05096238012121,480.7385228300522,118.59372249635169,0
229.48596647339005,50.13974357873113,479.0881331483493,119.67575063545684,0
229.98374491687096,49.988880202650485,488.94158334258094,120.05922686139978,0
229.64863519269701,50.02041814275502,474.6204673534643,119.81923218664701,0
232.264642993204,50.02140027084586,484.7318932722354,121.21875515724146,0
229.7867515354057,50.15196933414307,476.0946811340526,117.80227350387483,0
230.6107565524875,49.96011882460451,485.9963371896659,115.1845977003198,0
232.26178445175904,50.201641350119324,475.6610932264086,119.99806769970466,0
229.19461578006022,50.095033065034194,472.5328917848709,120.96644422206403,0
230.13060382087514,50.139716212947555,488.356113180565,118.86139539304685,0
231.907619762985,50.057482200801935,476.2776957689445,123.21360722064932,0
231.34259148414776,50.11035386856647,482.47783741499507,121.96780115303575,0
228.95455716029417,50.010872015938304,479.4236637530555,121.57097075964931,0
231.97813907888008,49.97914490175591,479.32537963256226,119.14299316498195,0
228.91642059488044,49.952001825926374,481.9857150759609,121.9374672633646,0
230.22815293228936,49.967538943139296,477.25986428882817,122.12084448216281,0
229.66444713924756,50.00560942312371,479.5943172602609,118.71170128791262,0
229.47426693880428,50.16250304999153,475.80654433301964,119.27619811226931,0
230.42133448226582,49.858002696056424,474.05678520883924,122.94911485489224,0
230.0149596908493,50.07454042707048,473.8763956516821,122.42337067831119,0
229.92180775886735,50.18818485796762,478.41650765251586,118.58976548123566,0
231.38849211502898,49.936601706210205,486.17593588575517,118.25232650429979,0
229.4198479864244,50.26636633027195,484.4053172013269,120.64036713875963,0
229.36778025508664,50.04369169360198,482.5664512253588,119.87236278883347,0
228.94378507928087,50.24458106810976,476.67153769644966,119.29183129591303,0
228.24296204138705,49.97929639122053,489.7278386681079,119.18431064968176,0
229.815272445607,49.98706256129243,478.7580610133644,119.11387754611948,0
230.78731578484656,49.89174285832427,480.7436414636822,121.91845473898184,0
228.7820208733718,50.060650771116876,485.1678588171239,120.66098841445344,0
231.3709696389067,49.959868250956205,490.78963895117977,118.93121895293153,0
230.48874070279254,50.14792114783996,472.2159607884269,119.29909713472497,0
231.76600238663588,50.24103660919181,490.4101320398193,118.46927223803533,0
230.91902996048108,50.0420742151995,482.76874012230036,119.34363830657043,0
228.89818754619307,50.049950566720476,480.66738507642947,116.57303891675568,0
229.32016786214533,50.11870328525102,477.4016201022496,120.2768975602267,0
230.5417529883962,50.019107301170926,483.44292737908773,119.3459748831433,0
229.70401402292066,49.900095840996876,480.0460113435995,120.57226075227662,0
230.34963203375784,50.05866671909602,484.06757769547,120.99477087775048,0
229.65789319092247,50.11769704233652,481.01383370494864,118.78437176133295,0
229.79085071065626,50.07254382488233,481.7357389982013,118.43827500708699,0
229.66443372357176,50.006984239557966,491.3921736460203,120.65014029261503,0
228.7496954082019,49.9286159474288,468.7476142623741,120.19681240353334,0
230.2206129175111,49.9597304836984,482.31380487793484,123.38451287766465,0
230.70255664417257,49.88719899118382,474.8718460126175,117.58906511866793,0
230.31234082469607,50.140518682252306,479.3406329000318,120.28308461139723,0
231.52131357178226,49.95132737964049,470.509530466843,119.6991169797998,0
232.49601450102844,49.925019397049475,474.4396324539697,121.59727445130271,0
230.8056360030359,50.03428484005767,482.1121960296538,122.62235111023243,0
231.29858120660992,50.069063952702365,483.15357519945417,120.78583656231574,0
230.17729693332234,50.17912716183613,476.8840423039922,119.34374093019663,0
231.70760320141937,50.07480283958065,476.62241113369345,122.44436629818415,0
229.47391736132798,50.015603106874224,479.874788336513,121.79480122746945,0
230.32472274488615,49.86940389380263,489.08273696219266,119.19268837386731,0
231.42164350291603,49.93647815220799,480.94571464170554,116.836585050107,0
230.01734492205048,50.13608047395982,473.21321873472624,116.23843153946588,0
231.2145166880939,49.91699391169596,477.9142762971527,117.63041087581799,0
227.9947460389754,50.00521093394478,480.10155239543207,118.62687007570266,0
229.45058387513845,50.0513642065882,481.0332477758762,121.3054383469811,0
232.18259117125487,50.02128707886032,475.7672179194615,118.65532319162156,0
230.36222493997548,50.05183274744097,480.5201648456275,120.55044897543821,0
231.5100226226413,50.01604259041083,481.01634632121926,121.00681790941098,0
229.8662409860999,49.990886133944244,490.6746534907633,120.49261595334997,0
230.5654060134522,49.99313971112637,493.0406121229406,119.84128449401226,0
229.63888035663442,49.996880465819956,479.17497462617797,120.6603393428445,0
232.28680135663282,49.93206889110643,471.6059614882624,120.15358073772488,0
231.24281424235681,49.965541909377016,476.89386632036525,120.53226065962757,0
229.6107846138019,49.90377484909384,474.3344945213463,118.71811397114563,0
229.2088965195651,49.97233871531636,469.62324421591416,117.78530455470872,0
229.50254598947208,50.11126131674513,487.37658528203167,121.96557186539631,0
232.80336786970722,49.84700608647389,480.44082315741895,122.9040200223661,0
229.8978415519955,49.976536587664846,486.1834592842218,116.21558604897427,0
229.00832997904675,49.93903386794429,477.3064091521643,122.44118346575834,0
229.5557160283294,50.155840178432015,468.0624250423736,117.44886299568552,0
230.20310858884733,50.00599806994764,483.4798455560582,121.02262450242156,0
230.8670864595723,50.09334401371948,476.6384868840914,119.17905202128765,0
228.80304107300717,49.972643835804774,482.4889085246735,119.60784375749768,0
231.49328746230557,50.3242526111494,487.6476694847233,122.55201940701325,0
227.81985051628516,50.05150606578049,481.09947014211036,120.57646105038862,0
229.11350217836042,50.020915681539314,480.0224352523126,119.81555846001034,0
230.9491291321416,50.273461616539464,482.41885020193905,120.64144980279502,0
229.81749444969978,49.85306847343171,481.1627605113363,119.46732015890623,0
231.36725205147073,49.97575550308211,480.27139403487047,122.28988752690235,0
229.06047978870785,49.76819814804228,480.3205565202146,122.9413683777979,0
229.34781340202528,50.073126065526864,469.51412065946806,119.9294158143071,0
230.9903509608642,50.221047363602125,479.0406959174037,119.67228919461742,0
229.57531666078572,50.042268922313916,488.03613723350503,117.8948734777538,0
229.9761946119732,49.92240688935677,479.05062366277417,119.12563541209315,0
230.7568117164354,49.86371961244545,478.5287454269158,123.03878570843551,0
230.25372607162745,49.89635406255247,474.3216032553743,121.7023250018652,0
229.13386419115176,50.06900708259126,488.3616692834531,118.03270641932725,0
230.39979799918964,50.112306580171996,484.2474953610548,117.76174008295413,0
231.63971616177838,49.79382656371971,480.94455624586567,118.79603707398306,0
229.14518250684264,50.2004878748455,480.5116068068092,120.58153984907823,0
231.48450955558263,50.02847305026709,477.0467129992317,121.88775662750648,0
231.29294333110008,50.04936982222811,480.74362070479805,119.16769498986567,0
228.05563373029494,49.99372271572098,484.50839566617213,121.59656602849674,0
229.80556586818423,50.09849385530582,480.2084378549381,120.72786908641284,0
231.47545437007153,50.053854630547505,475.92964146950095,121.72123989792881,0
229.13200311517423,50.07903427715939,485.87919509159053,118.90853929062352,0
230.86935078448556,49.92562738825667,477.4471244613849,119.37080560410756,0
228.80675871183814,49.88102127225048,473.68501537237,118.49017019791394,0
232.08593882906698,49.98792707756242,482.7567115103401,118.41206845831145,0
230.58649486444943,50.117480878420515,491.7186589682904,125.66120644578875,0
228.85066873110262,50.06386009961507,475.5842193198909,119.71529288813181,0
230.34115218879714,50.08013027461964,482.62260416267975,120.35927173163728,0
230.88151966176724,49.94957937474389,475.07100357525195,119.89378090667569,0
229.52316529471133,49.943961427161476,485.3940209506093,121.46923520773812,0
231.15346319150078,49.9949782162336,477.76908173020973,118.73167884454799,0
230.8629401174248,50.007401721114434,483.1886787089887,120.02061778619056,0
229.24212123764474,50.069364380404295,490.4060396569448,124.04335176373195,0
230.14813612250083,49.88908809342901,476.39740580786395,118.96748988775879,0
232.48491332842374,50.04619923240202,481.60936988978534,120.3776898221253,0
231.25504975495517,49.88869448666592,478.88473666869385,119.22833023998041,0
229.03400743638002,49.98953095754088,480.79302532076605,115.12303097661885,0
228.98719948356674,49.78532048215503,478.63449152029955,117.28530105541455,0
229.881172800753,50.11141701320182,473.3820091969258,118.47079999076695,0
228.56973992170902,50.01498914997186,480.1674836105758,120.14395618232858,0
229.14396952119736,50.07420766570523,481.0145173634722,122.99117149456224,0
227.96396700001685,50.017379599835806,476.3035344600576,120.39724008022839,0
229.14071478557784,49.89147959832051,481.8042611798936,119.10473586459091,0
230.34714434899973,50.00316309403952,478.77461510595583,121.86654258141375,0
228.50504482571716,49.92952681768499,471.2266434315261,119.77654687394592,0
229.64984490669366,50.20957686387527,477.7012607098364,118.9840915562612,0
231.15172437838763,49.93135744339305,476.58818252111195,123.15500024426954,0
229.4459753908153,50.12679209609512,475.2154399034919,120.18045765932615,0
228.51439342095685,49.83152194796791,489.63654550720696,120.11538290235886,0
230.84832873984246,49.99554633436467,482.3179757122128,120.77491841925027,0
230.74440577254128,50.02621669160709,480.30305346556213,121.6698522993715,0
229.84672135848282,49.967622212298,480.0605834566154,117.18189103297291,0
229.65814741376343,50.004504242749896,487.55772645286055,120.17045853162105,0
228.88693622361828,49.99173661193049,481.82065908539363,120.91341299968799,0
230.8657813125463,49.973173700794774,483.0004417467853,122.03565991242421,0
230.48807066585948,49.96300541104389,476.0555338928664,119.81871806691697,0
231.42801268502038,49.979594456022134,482.9579298203579,121.61567963136709,0
228.4849562006778,50.03578882604693,475.4157093700437,118.41476633037342,0
230.240253164433,49.98575567622647,473.84969155228856,118.17627288197554,0
231.88049543248727,50.166968755457575,477.1959266150433,118.7125291548024,0
231.14844896226535,50.00148696267304,473.9833234034032,120.0235822519095,0
230.23667262331756,49.93168499733698,474.28815395587924,119.70848958934803,0
228.1019106900266,49.95695851726879,481.48607555095055,115.63073046804607,0
230.67726292560906,50.027458158148036,475.83492486938434,121.85368070234442,0
230.12651601794718,50.08051258095775,485.1553967453954,117.01568155596176,0
230.9641872243946,49.81320029808527,497.22095769473844,119.90071552061838,0
229.7255020324872,49.942694452102515,470.3845961334319,118.77750244917537,0
230.65353669117317,49.99354572658074,488.93954525936437,123.16693106344589,0
231.26501144933465,50.1904763594613,481.1555578094975,116.86389824385499,0
230.7558750536397,50.04943396182493,479.2987401402771,118.10601874355056,0
229.04700574192208,50.09218741925007,476.9920700661745,120.22638948268923,0
230.6468777139316,50.128097355764886,478.90922506180345,124.80909309344764,0
230.27903725124895,49.990956061020654,485.3156897214432,119.43889085042389,0
229.54909266832973,50.09686711416652,479.34289501530384,123.05765942257669,0
228.3311808948504,49.994609332737284,472.8423257760655,123.09054793305894,0
229.7398420628457,50.222483759024136,480.2921733714356,116.07277285677894,0
228.601818260152,50.04226890074419,474.7239334561748,118.58859742413156,0
230.81712369059233,50.09432542161717,489.26167032073255,122.43829225018034,0
230.31920349507124,50.13790800546719,486.558983912089,120.39654907393677,0
229.77474442042512,49.916275835760125,481.11684323479375,119.1327445714772,0
230.3497409317557,50.037293931328755,474.5626094331009,122.51261877651204,0
230.56987652607228,49.872573688638234,482.43932609803335,123.1708597419531,0
230.27699864716953,50.18973936755014,483.39387449344866,118.58275252978002,0
230.8735498733281,50.0399628009184,476.56536407328383,120.62758784382102,0
229.89199818647958,49.93695416156021,489.75034375001,120.49894871731736,0
229.781015652719,49.964101761697194,467.5104736963234,117.51129672332266,0
231.10774678356262,49.92288643163834,478.11877361372507,120.93428870591393,0
230.5094215595602,50.14095088547011,474.5239244830726,119.90465141830877,0
229.5587262425561,50.072482521009434,477.6807723501666,117.49298636030929,0
231.00545727519886,50.18134792268023,482.28410314917573,120.8953660785673,0
229.35559728165723,50.03615947297304,483.7994706315157,118.44924547208767,0
231.12427202961098,50.17792611201049,486.53906793998834,121.72982970731395,0
231.36210479944629,49.82412440772989,492.7350848379674,118.29996302777474,0
229.9519518866787,50.06617850280003,478.90952217896574,123.70765899653216,0
229.62602841611906,50.09487776682007,473.4155298619119,116.81529942412214,0
230.26752940288077,50.107571064629546,475.89103892270094,121.14310716645087,0
230.04945481604105,50.11577835658486,477.45819355796687,124.63123382133413,0
229.7818161300554,50.00114233272705,478.3690827299698,124.09575479014015,0
229.66515619241213,50.00614675558239,482.361014979,117.45285036019112,0
230.78523949594026,49.951884345683794,483.79957965023283,118.69374829370163,0
230.37128423408964,50.12734053571967,480.7259325097134,117.07111116582422,0
228.7376266623058,50.00073618292499,472.1789014655781,118.53347782677173,0
230.95770853488466,50.152377759815316,477.4847072804623,121.12072904997302,0
229.772252520795,49.84940598893957,485.9045378006572,115.13336448033434,0
229.4994209221941,49.99907934127235,472.2182757147602,120.54958598715646,0
231.5787189180572,49.921304878358654,487.6368128860251,116.58504474309758,0
228.23960759225457,50.18429597482121,479.7241259631869,121.01489539443213,0
231.42753239059311,49.86480754775623,487.31336568047004,119.90293263624348,0
228.52378839458916,50.15861255593319,480.1161903409722,122.2668765924686,0
228.4207312063192,49.894241479635234,470.9325254872616,118.82771377048287,0
231.7743358905323,50.11416661229829,484.41865522969186,119.35145688875524,0
230.77617068896348,50.01970545675608,476.687762787622,122.24911929125906,0
230.1112787609748,50.12511763989908,477.14304528009535,121.49889630612384,0
231.17053745724112,49.98921603769028,484.8019402988655,117.27512572502792,0
228.95476760743196,50.014674478242284,473.0625866873974,119.27407776559005,0
228.5103717433255,50.15745450038888,474.9504362058148,119.9792649292598,0
229.03258933094344,49.879514240125445,478.68483826344954,119.81503143249843,0
230.0373475858402,49.899813547901225,477.3245552906136,118.19929001669809,0
230.21328039957135,50.04522405740333,479.4591118321984,119.92716704370136,0
229.2923419316297,50.04820651975127,486.2346041280546,117.46599883046032,0
230.44485062566125,50.04468342778191,475.86123331846096,121.95104295642483,0
229.738166825494,49.98184199645891,472.67965798878197,121.29557158794836,0
229.18134230831623,50.08266873767259,479.48967899736874,119.49159095669084,0
230.73607305626936,49.941331611132924,480.9633364870618,120.10633707936107,0
230.2141603134356,49.996111725287676,484.78114180123765,122.33146032407834,0
229.96488914127332,50.200559128659286,492.95971127199084,120.95255183843913,0
228.89844210173482,50.00056330665521,483.06684523142883,123.20256143717839,0
230.79639909213725,50.065761916543686,480.4137243500898,122.49816434729198,0
230.36887908402792,49.979007324438996,480.23641481192635,120.11955870478819,0
230.43518780214583,49.96842839102113,484.72083142271106,123.02255249794902,0
230.5034367933132,50.144193962092565,486.7346351862721,120.64968279645161,0
231.2994549541638,49.84668527153568,483.6171662693419,119.71286839439136,0
231.25855222613382,49.99058549011438,474.8895819267731,116.31092209750237,0
228.70941351820235,50.008526492912445,480.71854050739665,118.12891195989071,0
230.65940722076058,50.00918469003485,481.9971722880064,117.74161672469204,0
228.9606160385374,50.13200532285389,485.53065363631447,119.15831387860747,0
228.5202928790078,50.06318996771945,482.7653878948222,119.9945529593783,0
230.2591289210565,50.042060654511204,479.0652783214651,118.0615128526621,0
229.54497134645766,50.06206457109528,470.68285997449686,119.34341770616692,0
229.87730391343501,49.93675765103929,479.99130429014906,115.9448894135167,0
232.31815988906428,50.082419220278496,480.0023190030638,121.54973345152182,0
230.8259445198007,49.73831933811797,481.44461825400015,124.52882775890997,0
231.63059225207087,49.9869342139346,476.6482907338021,121.43874469041342,0
229.05070617270704,49.98633962286059,477.49003856949537,119.69868412456083,0
230.84156543808402,49.76404554117905,480.7893669473947,121.89399540969863,0
229.7171164083735,49.90966664993531,481.2948558108662,118.83691574061868,0
230.50477656579204,50.16174434498542,494.7969843350061,122.40870923116255,0
229.22900177618138,49.920640154828,473.9805250499906,120.61415846916947,0
230.4502825694968,50.000439906104965,468.9897699308031,116.48580702312276,0
231.502496052626,49.930970525807474,475.45894230525266,120.17550543140895,0
230.06776751504444,50.10404931782848,478.8607858565837,118.96164522293604,0
230.53876764815797,50.238558979243365,472.2345965385671,120.0597280549832,0
227.82916519576682,50.00430674274018,477.16438589838265,119.43079753031718,0
231.25627743203916,50.07193433910455,478.3399005509885,120.03640257475257,0
231.429437890485,49.973536772868805,480.2061059183558,119.43270376800666,0
229.5019620263327,49.96096163402827,479.02724196865955,121.22248112166598,0
230.98950709153777,49.91080906740221,477.33023757748623,118.54314691686594,0
229.70327022964767,49.870022891187034,481.26035193519647,122.46161372489273,0
229.09632840176144,50.08960954513039,481.4434195207305,117.01723690628936,0
229.88214153532246,49.871834369624274,489.8149912799537,119.79067672407369,0
230.67881545413866,50.172004453098225,482.5452405792205,118.1008071906111,0
229.5555962020215,49.96074222124825,479.64402370101664,119.8340947098313,0
230.35797523900987,49.98471731571811,480.13871488591025,120.89968576097914,0
232.21682159173102,50.00625086406578,482.96697131937276,122.56269051674026,0
229.82728089938811,50.072969248123556,475.8908029411666,117.03165735080724,0
229.8170853763457,50.17276079870384,487.06179009110497,118.08591014894814,0
230.51032556138333,50.07776711873178,478.5856740567406,120.15885411974418,0
229.61974058274706,49.901038388725766,481.59286517489636,120.91605088969845,0
230.15239214004555,50.04270779850187,492.18011414443237,121.8628928118385,0
228.1494745417912,50.14079302668145,474.8644229565455,120.08670438916046,0
231.17830867863776,49.88012825399845,476.79537043944885,119.3550566069831,0
230.86262438169186,50.05518010485099,471.0454198145289,120.4305342340914,0
231.2324355007774,49.914101369226465,478.0415831971904,116.50523551707788,0
231.21106412382568,50.09115712559099,478.7310283064764,119.7474013974212,0
228.6512321897683,50.2067663878092,485.31144469631687,118.36861804699554,0
229.91455666199687,49.89709118131583,470.6172620903375,116.83939924341816,0
228.7651985001332,49.93798255838142,480.0511837111602,119.82915842493941,0
228.73599322542003,50.192320996977145,475.8400595580737,121.12280055296057,0
232.18953718742253,50.136848871526915,477.64684854167484,120.11262991253837,0
230.84908438816737,50.13377296791412,488.38910103656224,121.07754911944707,0
230.1834378584668,50.01297100938178,482.6777872246359,120.59798639644913,0
230.94113784732443,50.153966657397284,490.19792289199336,116.32774992012133,0
231.06614716967727,50.19075955924226,468.9042912219712,118.60297862262455,0
229.84003929726933,50.06798840902473,478.9193482556952,119.31908997472969,0
229.62841256692874,50.11181690570895,489.11549454310506,119.19496831215201,0
231.11180921779646,50.17153871813247,482.39782715313135,122.19132542246093,0
231.00030088078162,49.90468224753453,478.4383338440363,120.61020513863281,0
230.19009463504236,49.86121372324913,481.8009395515663,120.73436358786026,0
227.75507180300374,50.01392637259606,474.0491715225305,119.61902511398324,0
229.8701191500708,49.98419454293822,482.38610178872375,120.54530121871403,0
231.0209995946981,50.12635534748019,475.8386858563222,119.45030968679492,0
230.07417287505302,50.006138084707885,481.36622609614517,118.6500437459608,0
230.83621172959974,49.989312903813016,477.6365780335727,117.86137017874574,0
231.2029087662149,50.14641521740617,480.5418056039097,118.85114149587845,0
228.75235453608934,50.107197817953505,480.5356394400479,121.93379984288632,0
230.8447600577894,49.921461109224786,480.3396167284841,119.87093539285607,0
229.61652772506994,50.024126992636965,482.6213765986897,117.10956205942276,0
230.20460420865777,50.0893224478993,488.00391822178636,117.8339248289705,0
229.33002734453126,49.92497069324826,477.63383877753336,122.2947601417836,0
228.98120376595543,49.93802689332918,473.73008778298043,120.79628338563369,0
231.21580012022415,49.92990182759594,475.3354371862112,118.29659475934618,0
229.44626769741475,50.2422581806832,479.99238626559566,123.47544483726767,0
229.81368221727527,49.84135695464983,484.29665258384796,120.0825483989173,0
228.61251206357807,49.9189954260479,480.73853981228365,121.7896880740281,0
230.92923724865383,50.112132955781085,479.79630692750453,120.36010109997774,0
230.145551852307,50.15327775579277,478.4998346336448,121.80153906607435,0
230.2976183103291,50.12728055060845,475.89977822266644,122.63755352997067,0
231.40123420586917,49.84579207859383,483.9811541179146,122.0887158465849,0
230.5886679236139,50.034218580541506,483.2034102107807,121.20515872940997,0
230.31782903401205,50.08344184594613,484.8182070643446,117.42482805843517,0
229.84721172879205,49.934363225006635,479.9985276068314,116.87487290900091,0
229.53421456420682,50.02577221832792,485.5083421928447,118.86783833539639,0
230.49606009093694,50.07798717556605,483.76289150678707,120.87584335077742,0
230.76026160764482,49.924622009525216,475.7025797888511,117.55423007673205,0
230.61918866808477,49.994379529494246,477.9956307979851,118.75363725086754,0
230.54643638422232,50.186661130189236,473.90632610355743,120.90727848692318,0
229.1736354229711,50.08108322438536,474.8464181944666,118.21848749774703,0
231.3937273706264,49.85129295510508,485.29944740240376,121.48687458106404,0
230.05052547670766,49.91770260843982,483.3008887249867,122.09297522029398,0
230.20418867858007,49.95470844950369,483.88287405555815,118.29677349791295,0
230.32461402863817,49.88782298973253,472.7350210848956,121.54418719019947,0
229.84863730926168,49.99487051614728,477.7676144428614,122.57272120118427,0
229.67300316722108,50.04811351234581,478.61650201495945,120.95887461190856,0
229.43138448477373,50.05282305214635,476.4033627803795,120.07301048115413,0
228.62553764662778,50.15893465906464,471.4211546317635,119.89049074439329,0
230.49775129923503,49.96130959475514,484.44163751078014,120.81927767568168,0
229.41285580140837,50.2264104769238,477.1718115963861,119.05305120175875,0
228.53517834525664,49.97986300994345,475.58703708171316,121.90632979704857,0
231.77630649075348,50.06100276726168,481.0592728199097,118.7665632293018,0
229.87706395981684,50.16799713621144,476.5418098126641,118.05355413087284,0
229.30610639240706,50.07825588669375,471.94105043433285,119.10984431353094,0
229.26300755040452,50.00476770006644,487.17174231189773,119.51569138912774,0
231.5537359307036,50.11512108238105,478.4842880214154,123.38449032167456,0
232.16943548960984,50.16848926133166,486.3562267148062,119.1761962916047,0
230.5350450342301,49.986921823370395,473.04224476992596,119.06846102837775,0
230.5522010394161,49.87010201742143,476.5217974482718,119.50030936007474,0
231.43676901740352,50.035738622047795,475.5247546591396,122.25830877975847,0
231.16803665208917,50.09845476962379,480.06044225033986,121.41063652347933,0
229.82561987073603,50.01955510726588,469.5213936050346,118.80342499368278,0
228.99687297968433,49.98056143533942,488.94565889666814,117.25508137656844,0
230.3261237450665,50.16675892917021,481.6789780153608,118.81487785100515,0
227.66191553382004,49.885572113577545,485.665772569837,117.84507787767217,0
231.11161389649573,50.04181173271878,477.4985890913579,117.07058289069386,0
229.98602844102234,50.02263109301812,483.2534320914069,120.14070012580719,0
231.26717861152545,50.01319711291141,477.56663579035154,122.90757697264067,0
229.55532188985515,50.064528181351974,486.65884111621,119.73472805873897,0
230.26755806385194,50.04158579334308,487.6717036286088,122.10186573673505,0
231.22275915155464,49.923773401791316,471.3235871542705,121.19136941003678,0
229.96553302920165,50.03596466801493,481.01273345793373,122.18910295822938,0
230.12669907302606,50.162125946468656,480.75798188333806,122.88556856448456,0
230.8959769445344,50.18001957010485,472.0529914135543,119.28783978978103,0
229.0504000800892,49.98695329771545,481.6532307021972,116.69619400745668,0
229.20132902657602,50.03576020006677,481.23558600100694,123.22540108420792,0
230.20441466185082,50.11518338038357,480.29651831820235,120.90276376017849,0
230.85681322178672,50.08056843352889,472.5821846733273,119.28234713300495,0
232.04178408568092,50.00879394138202,483.3384895763894,121.59212875530291,0
230.47946764869744,50.0299500131649,477.57541580466767,117.82396392541756,0
229.01614958702712,49.81190561168607,487.1042769357973,120.80922998026716,0
230.47713038968269,50.16775741663438,475.0539483689208,118.87582464915579,0
229.7556604544772,50.10695110529086,485.82982454596237,119.40415301687928,0
229.05151693419882,49.922434288472104,490.54966385411757,118.30831258672428,0
229.29048239641833,50.14907067438872,473.88395693100307,118.51654981931985,0
229.91748127072162,50.092618477133406,476.97346283944677,122.02012161151366,0
231.66652426442482,50.1045906257446,484.25095760846034,121.8536692612149,0
228.86735044837738,49.83240930195442,476.7202674975217,122.61539004703462,0
231.06747444440967,50.02903685107693,483.9547644654486,118.9413576878523,0
231.64031164398764,50.228738823295885,487.15026400187725,121.9448772054758,0
229.9790529749304,50.13393767340373,485.8464411058881,114.6698887795497,0
231.11728296972666,49.95148887171336,482.3038971862319,119.24808318996288,0
229.43950367008182,49.975395742509164,477.9829799119955,118.50930095483774,0
229.13520673518218,49.96663665403938,476.6546250848943,120.12837781881751,0
229.56374482972493,49.98813290181428,477.6427089647927,120.84533782454007,0
230.60136436004635,50.064860907551775,479.162504576592,120.68750287606335,0
231.1971576024968,49.94659924808787,481.26444895856923,120.88085283810557,0
230.73384945047792,49.95966566721854,478.6206731477972,120.8152659130919,0
229.13883917522875,49.918323715923854,478.03257681600036,121.70227518375825,0
229.23691612788423,50.30821992657226,476.42548459630234,120.00076102663361,0
229.61370326949444,50.1171457610561,485.0259113430742,116.52094570437491,0
229.91970554217863,49.90700467745489,476.9203330692061,121.99974195495304,0
230.8698563773685,49.90369060858981,478.3288958925967,122.92870549715673,0
230.31665117008916,50.16388838123082,482.25305249058135,123.12310532119571,0
230.49340425394675,49.9821522868583,474.5642520963196,117.98750244010814,0
231.20395063252985,49.99551565490436,477.160666077785,122.5539379349015,0
231.64176003241406,50.1626099815284,479.2379777061883,120.96935677930007,0
229.33061936809375,50.09508315373081,489.62815894720654,119.633283046012,0
230.40510263312524,50.11081768167605,482.0499055908197,122.30140835155956,0
230.46862789055268,50.08550107472759,487.4144750242083,114.41409176895502,0
228.75157516959428,49.9298728636381,471.5290912326674,119.59842981526009,0
229.81110653767314,49.99791219504635,476.20702275358985,119.73762006988443,0
229.91160299990932,50.17960969495335,486.7644821720074,119.6852276525905,0
229.0406557085555,50.09510699707216,475.1510437401931,123.13088742745302,0
230.4504661988799,50.13945179062661,485.4031537479009,119.74862490687752,0
227.74752750534824,49.96399633474467,476.87227438468807,120.90710418769973,0
231.48507179577422,49.946397471839255,479.9882088342675,120.13810164825787,0
231.03938012832344,50.2091096899437,476.12446578367405,119.16459756195384,0
229.8900731629656,50.14123909110607,466.3114240744596,119.48730924652905,0
229.88662044613852,50.081681302331376,474.4641664906552,118.04009406656573,0
229.41534916511648,50.12102818135775,472.6157890662463,120.05648734381937,0
230.42804721807656,49.97395434853518,480.3144957988778,119.6105808912642,0
231.1804716273267,50.15250162587057,479.15670118734585,121.45807765154137,0
230.5262135105409,50.00340901523309,488.276304600894,120.82852901721287,0
230.6462130027172,49.895837732581896,477.1538986470847,116.4380984722606,0
230.96570545078288,49.81740772794487,484.4604786195564,122.93165815815296,0
230.84548681998436,50.08380220474816,489.0453567836596,120.13382078113419,0
230.87562718773947,50.00215592440989,473.94875784258403,120.65628206715269,0
230.17052611817908,50.0612869245975,486.3696790897533,112.64499224370819,0
231.16129346662862,50.082620797144024,476.7053985161295,120.4899232078585,0
229.84571859743485,49.99999839160876,477.8362824164504,122.79085796093159,0
230.48818795566388,50.07943361702075,478.3033382646859,120.33969466146792,0
230.24682674831354,50.03754258382165,476.7092581586544,118.85242172291754,0
229.68509574402154,50.10290961918055,469.32435085182027,121.99579695849665,0
229.34718234965825,50.11581017719965,482.0428443263501,119.51775813767763,0
230.05330900189225,49.999789236028064,477.682248473495,122.2989723705445,0
230.72283583509343,49.99505469683108,482.08455781046484,119.08282185772124,0
229.9729846445665,50.03800541111799,487.40794804282046,120.66862812676122,0
229.3751572272208,49.86114216045174,489.1049724702315,122.85335984545648,0
230.36835215397463,50.09807819957364,478.58362386917435,122.42099532651031,0
229.51789610082176,50.08146653332462,487.47627567204967,118.99239399716276,0
230.84912870080692,50.022206958979126,482.06795075921764,116.96709924351339,0
229.31243390648558,50.02097247403998,475.5730321091823,117.64480161465833,0
231.3105773802187,50.14915648353245,485.6432544335543,121.22660694770077,0
228.03299145449682,50.14576267132121,485.91188393973357,119.9358697480701,0
230.77007737708024,50.00007092119506,480.21249752332716,119.81499671383585,0
228.86529960256232,50.09621533005201,478.6491877275812,119.32441645762742,0
228.66178090053745,49.925837202228664,485.96720927010085,118.555117496299,0
230.222346007126,50.12012167437975,481.85229034161335,121.67255964845783,0
228.66130392824792,49.96926219054681,488.3583875305191,120.53017383960712,0
231.74294517279162,50.08193972747922,481.1648371229199,117.92979081998685,0
228.97072121105342,50.130606358069876,474.11303913400116,118.6080041711525,0
229.95084030797042,49.960232587393875,482.62198525372156,120.13946702078177,0
230.45676044907805,49.91630908502076,478.88012185429096,121.42634612095,0
229.60765498822047,49.95797096322349,483.6535945058279,116.57076827535036,0
229.74439832333465,50.02150047132361,481.7050066248577,120.0538513584644,0
227.7230663041908,50.004406896536636,480.87728148004066,121.50024460427947,0
230.22682753392738,50.127779801745206,479.83407481280625,118.6488320487744,0
230.622165776808,49.8075089180604,484.4138605663605,119.32933403180087,0
230.07975034148473,49.978726940840986,482.82889823323836,115.85415005890972,0
229.9223390525823,49.93429183746495,483.2118945616101,123.81511540334934,0
229.60869773767803,49.96961513661734,477.6238445073229,119.61281282209929,0
232.68259841190167,50.151143543482384,486.3727096744035,121.65490951384494,0
229.89812024388866,50.06966430808487,470.8370194949853,116.6038744229175,0
231.22794842190774,50.02553117826955,483.05197494439096,120.45738855614199,0
229.2132585183376,49.84555707007003,473.1636766227917,121.93199401305934,0
228.49004300471387,49.986983487440675,479.58144050322517,118.94429988992131,0
229.11090324424404,50.02771059735342,474.70044962238404,119.69246320695639,0
229.4007569586394,49.92247451362636,483.37888844791473,117.3445404532276,0
231.06238389845362,50.05947529845613,479.6757660369049,120.93020018705187,0
230.62120085068054,49.97101891292957,480.74049862770914,120.43334563022916,0
228.58370311577377,49.8701701517667,485.3278141209883,117.20868907823883,0
232.05595285242615,49.985614013220214,476.60166805878185,121.52311906102608,0
230.582897743637,50.0357062575676,473.2386296029928,117.92228436877264,0
231.94810842831293,49.8928737991124,482.82603389520517,120.65622715875152,0
232.35709989855508,50.07938839967848,480.4687983838835,119.1213272679481,0
230.10822106285812,49.96800462483551,480.0788322293553,114.59378116178914,0
229.14617352773556,49.974085737703206,481.4900023944247,120.29429617814621,0
229.7650879513501,50.08634151354059,481.23875001779925,119.29565196806278,0
231.59121902558698,50.14193369983537,480.72087959892906,122.27051604874512,0
229.51488709664176,50.0609769729389,479.0506786484677,119.41603534196769,0
231.32207323903555,50.058868870300536,475.68450834158597,121.72465919487506,0
229.8631801807274,49.944641388254844,487.28341341802155,118.08405959805,0
229.08491395469858,50.03120553810154,475.50844160765104,120.31094208720108,0
231.61072738197578,49.97898804884706,472.9221329425349,119.18937845383333,0
229.0500445169462,49.89468591048173,474.1709158197552,121.0679314427042,0
231.07454650374885,50.15320411960989,481.5339120547748,121.76190637190294,0
229.9098965207484,50.134555029824625,486.41414243350346,121.8591479524415,0
231.05451401915138,50.064884118073124,478.08301895311155,115.996949118207,0
231.87196869658402,50.072415013350074,478.5893413311721,119.95863278395863,0
229.74279191243022,50.08236756694722,472.1929001070374,122.00804519482175,0
230.51192073535117,49.85229928388079,484.37339388865433,121.96459249046808,0
228.77529639544602,49.877251997252614,468.89137399275444,120.17568004648376,0
228.6293527693377,50.096315259343044,477.21822559451505,121.4234104522188,0
229.4700875051468,50.10985521145807,478.24326886252373,122.34424088333724,0
231.05525375403766,50.12425833323839,483.2370920002051,125.48809239931525,0
229.41406146441068,50.103478483255195,478.34035866045804,120.47241246488163,0
231.1774486014904,49.8983757500244,473.1542525455583,119.01719414340768,0
229.945109403111,49.95537533627805,481.4929267940596,116.44737115136657,0
229.34518435908052,50.100325971820254,480.22977059032,119.09620494392331,0
229.77348118400568,50.13386244878222,479.9406285215222,118.00805555688441,0
230.2848822876056,49.99298132793209,482.73509517899544,122.31870477801576,0
231.54798084802493,50.01210491530404,486.0105605842896,120.24482135785416,0
229.66818868876797,50.01532505519288,471.7982940365952,118.78222306974713,0
231.25979621126163,50.02511638094745,479.0201102361184,125.04915924273034,0
231.52383473560369,49.98697143344168,485.4939773770036,122.71712415051657,0
229.9157931951158,49.96203559829807,486.7798984535516,123.56037009793714,0
231.0294736180017,49.85073182931593,473.7421636874693,120.10401958250873,0
228.97517657140656,50.091439012677796,478.5349807700379,120.85710526286228,0
231.08061022634783,49.97281590203659,476.13084176769087,122.5189818838502,0
229.70110344211642,50.0710685774941,469.7430225253883,121.0896306497269,0
229.93503129805686,49.935793332903394,481.57001634161287,122.17568951009741,0
228.71451507473503,49.94575727419675,478.01553394579645,118.3688411880452,0
231.95894395960713,49.89563747810294,473.8204215372757,121.6784187404455,0
229.37371603538614,49.85321196299017,490.00579322412136,121.84224494847814,0
228.5240025787625,50.0324307338497,483.6773910673591,119.05859505018441,0
229.0943425401302,50.08798148467314,478.7503439060021,118.13312123061105,0
229.30029713494466,49.99208827057449,480.66038701257804,121.06499557065628,0
230.69066401575236,49.98375714671296,474.7245246132536,121.26429194827371,0
228.96903203007767,49.94781321853419,481.3561675156468,120.87575263305499,0
229.76764836938023,50.00144274136934,482.4131481383278,122.0191782309441,0
230.47846231364196,49.9801737064127,485.14861312934045,123.52452087935141,0
230.95931132372866,50.08622107370853,473.16535352347097,119.01676925030871,0
228.49790936329532,50.208366905902196,477.1264317431497,121.07712532254799,0
229.931571939481,50.192861316107155,477.5841482795554,119.37186942367124,0
230.25225189097742,50.05479783529772,483.20749985966944,119.06299832388103,0
229.2712838102931,50.084259851780175,479.55691306923524,122.76826045248079,0
231.52895457538776,50.05650106318819,479.8953554863268,120.34374817004837,0
228.85241482019507,49.963757882410725,479.2831903595227,121.09388547728261,0
228.9691028722823,49.95075710008261,474.45796027670497,121.64837954301645,0
230.44178061371156,50.012872034064806,486.994944347443,120.93069848767136,0
229.3564714686377,50.02453122607359,473.7039861614743,121.3036690236803,0
228.28030402294834,49.921654337591185,472.9863434691206,119.2881210756932,0
229.21319506988573,50.006038543524035,475.40430044316366,120.08517318093944,0
231.0088467452743,49.97466800961175,483.31710005965965,123.57115079020538,0
229.26773703752158,50.01206782293563,481.1956344184639,119.20415333251682,0
233.0458172275529,50.06112885549256,481.5141514377014,120.92522501413923,0
229.154219105539,50.06496838217546,479.461149417085,121.24303811293935,0
231.05709637698877,49.87194143695682,483.6064016978662,119.21629611245996,0
230.85711942850372,49.95498823986299,485.2984246304148,118.4756589324327,0
230.03974640727682,50.08831271457366,479.7601492656088,118.62314223694837,0
231.72930607949135,50.10408425944968,481.8021750613631,117.26903220371291,0
231.14108151787946,50.065624840659254,468.4744898751509,118.56652758492353,0
228.97112967931486,49.93707719607949,478.0293169911192,122.33785148648283,0
231.295315978677,49.926612133593,477.13362267637865,115.4517374009442,0
229.97908089796215,49.925990960681226,482.69494082937877,118.83680631252956,0
231.71627642167192,50.080621317989,478.24432527014443,118.1898139181814,0
229.58626436456427,49.86947058438512,479.7816771530716,119.98902459289634,0
230.47792005656672,50.18064173566131,488.119878207115,118.49227557325204,0
230.0103113374577,49.98472442373749,478.12380807340816,121.48662875080167,0
229.8284369079389,50.05376786751183,481.54859195543503,119.85775835232745,0
229.7586938085279,49.904472814144476,475.6006094291436,118.01964160283134,0
230.22007600967214,50.11593128766581,475.63712416005654,117.81789693363658,0
231.40620310302623,49.9487899432394,480.0905922347634,118.88361129088682,0
229.4722275789019,50.07888110180786,475.5770711333448,119.40677296561736,0
230.32607176773527,49.99157150937366,480.0273869038227,120.8173442052455,0
230.28751452894156,50.047000527172465,483.2799214272208,118.9366990018631,0
229.62249936794802,49.93002064978131,471.38815001784525,117.71580296947371,0
230.78231899999244,49.880343207887954,484.35103785291386,120.18902519205977,0
229.92888319363573,49.9392678116597,484.95673097090634,117.62133811135995,0
229.77986204816236,50.04853597662374,480.4155030710771,120.00666615829861,0
230.0896824357156,49.923327177837855,483.43537505164574,118.9951052245562,0
228.2427910033099,50.07851542012338,474.95949205314565,118.5472926850947,0
230.83733675795776,50.083371949771625,477.7833603473909,119.8761867903416,0
230.5407222593989,49.75234433000734,479.09717483670823,121.4977898921281,0
230.56702503371514,49.930659883600946,485.0537655896014,118.64754075532375,0
230.6360475101005,49.918194825843074,481.29002890805725,121.78525830965191,0
230.51354380517563,50.02994822134995,476.0422251588867,117.17012421171133,0
230.31202807757495,49.96782733690602,481.97576365068676,116.08446044955514,0
230.19540032686604,50.024158405087384,488.04896812188707,120.89993994661869,0
230.64933712749314,50.0653102078303,479.34686440832087,120.11148594555222,0
229.9421636738222,50.11593876771466,479.52073363468065,119.20121446779467,0
230.08030856770938,49.94487519079831,483.6448782581933,118.08127669020065,0
229.98485090063664,50.01626305998936,479.6813599170538,120.80653710882524,0
229.7290489906433,50.05580843626731,474.66415834684915,119.99301635202171,0
229.67506028218511,49.727100108723924,483.7065500778938,119.60337201388816,0
231.0678973761562,50.02460252712475,472.5488772045703,121.12085920640385,0
229.9561760321467,49.990101092391136,479.1960957644131,120.28192616605976,0
230.56802384213088,49.81673167868931,486.11670510331027,122.78145784770358,0
228.37197401493097,50.01652975391993,480.43443596961833,118.6893020334231,0
231.35701480365705,49.95258254289065,482.6752286789701,121.63134611563817,0
229.22708725457338,49.995148783190125,478.3759141686992,121.18697114425443,0
229.91205750258732,50.037249009639574,486.35169748142937,119.38860128047668,0
230.59829387884332,50.10980287660795,475.120090623243,119.87640146864003,0
229.31440770059652,49.993726607326494,476.57922382933674,117.7151770417525,0
231.14883612717776,49.90256658042618,480.5423257059767,118.73365134812886,0
227.6758512111083,50.005345484561275,480.4699820896141,113.42819081178375,0
230.11135036834372,50.14917072824231,476.86389563198776,120.68988723663621,0
230.5635920776862,50.15341365722453,478.20668952143683,125.25379310501498,0
229.47757780185069,50.03128599672257,474.32902985970617,117.4999947660101,0
230.39574853121974,49.946497064626506,478.9207452215703,121.57575383092589,0
229.87410359406752,50.23588515105233,478.38629380157334,117.1422864270105,0
229.08599511431967,50.01631858776795,476.6073248510448,121.04953547680564,0
230.58171535696093,49.92819778044757,475.53196306549466,123.3166670167852,0
230.08351012904177,50.058068660865274,473.9073810669921,118.60263422490534,0
230.0615812913565,50.097547603991416,484.5373300669262,121.25505286503405,0
230.13741307862173,49.91704383345247,483.49057842384826,118.41321592709038,0
229.87319864356408,49.87351314458703,475.0333030573901,122.12945741232875,0
229.96019665324548,50.067904175006376,483.9002014599864,118.69432761819519,0
229.27053645407847,50.0386481144144,481.2377012968731,118.71297201564052,0
229.63917963107218,50.13462942066638,480.5023761276482,118.68260348685435,0
228.750181762392,50.12563846765954,482.85074408361993,121.81790257565605,0
228.85117835426263,50.071176096173424,478.0985449148323,119.00564276857605,0
231.85781397304098,50.051122473416584,476.2089209039755,120.25375354989396,0
230.1304607708033,50.10763563820419,474.2420945599717,118.90240672378803,0
230.79350364664242,49.9281695181103,482.09069662626337,115.68805191293062,0
228.90923350720047,50.00429439487258,479.4740351781363,118.852242676907,0
229.81511564678738,49.94434774543523,471.94734223697264,119.30944875688833,0
228.9394938831369,50.023917984897345,474.3123147177503,121.15321733753352,0
230.70418659389537,50.105076736784284,476.2520367095546,120.65222400890626,0
229.61489839417564,49.90477314015772,479.52306014903945,121.403707464867,0
230.56080080304375,50.18184737422756,475.9543348166711,124.46007954156714,0
230.1186270960967,49.91669752458436,485.8310371539086,121.79703581030374,0
230.80685188718482,50.008351567274836,479.1461561815527,115.45679927147111,0
229.6563866492378,50.1478413912713,476.48474057267197,119.84480401593409,0
229.6233647290881,49.925759154713234,478.6282930816494,115.51049546901177,0
230.87591530636945,49.93875834569582,485.78478551129575,120.7921538136085,0
230.19941724832464,50.06567681003886,483.21344732994794,119.83311972456691,0
229.5568418021862,50.11423101411617,490.58395721078347,121.43938933823456,0
228.88183262501627,50.10858378957673,480.0817343080964,118.38142944477443,0
232.07361054906474,50.094136214538416,475.64927322976934,122.71741126078993,0
229.51225258615125,50.06787743731824,472.2325389008718,119.86934897896789,0
230.52457133847102,50.24330177770632,487.1546473220422,119.71497619139552,0
230.09625823767368,50.17751401619071,481.86684389648525,120.77899458353983,0
229.9210188755806,50.02741614733831,484.4838302526393,117.67713949951938,0
230.57888597416388,50.143420506409164,478.733331708357,118.15080460143297,0
229.62470384429628,50.24121742578824,478.346302394145,121.48665274040705,0
229.36619535768827,49.941203330528225,485.45630304210096,124.20992686484516,0
228.5725550201741,49.984422174950524,476.23085647502774,119.67350600903232,0
231.28624959919506,50.07827949457573,482.1074628919924,119.99313401364446,0
230.25501567482482,50.05778545673325,480.0715311289356,119.6582880578464,0
230.11005144346498,50.12601189765243,470.19419028034196,119.48373405526223,0
230.67409058686545,50.159580111302176,476.6023817797646,119.81388450628998,0
230.46095413499464,49.86267644659415,488.2407675176014,119.92264930492276,0
230.83005999767,49.77618123503835,473.0887316549551,121.12882598368412,0
231.3932623180477,50.0710127801563,480.5116240427329,120.31606937562138,0
229.71965754356816,50.02188693108712,491.16199774604945,121.2123736599199,0
230.88271432885207,49.931380064978185,474.4164450622581,123.05196106138031,0
229.00303852531147,49.990536869629274,484.095185428336,116.6517483972177,0
230.43653868078297,49.857204112319785,480.06639356397835,122.33412206212047,0
230.31601899362266,50.199807521899665,477.09942269360147,119.8932209879206,0
230.67341310846533,50.18389070358255,479.9484150067,116.89325243172023,0
228.5021480369729,50.00602031046247,480.60281107263313,118.77877363560187,0
229.52606567090692,50.065968934196576,480.9489185922553,115.46463668490725,0
231.31120709870603,50.15647243124834,481.5023293755319,116.7549578824611,0
229.86227802418182,49.851937700488115,473.6559685711324,123.12534267863424,0
229.95854999199008,49.95661206735097,474.72463967867117,117.84596567417393,0
231.02280368698794,50.17746727906651,490.516299272448,118.84219119056431,0
230.94578916382554,50.08911134914786,488.20199283885495,118.73478940970136,0
228.85213374964687,50.23487812749294,473.9162838816082,117.22021357674903,0
230.08234683402358,50.00147608446215,477.6329223678566,121.68925105263297,0
228.79286636550012,49.994745633351975,479.8264819417586,120.2792094422336,0
230.40721686771883,50.081073005769746,481.52719261207267,116.61188996627178,0
229.02796335490694,49.98985959250971,480.0056881180501,120.24183261011278,0
230.3207564027336,49.9672054572875,483.6087810340521,118.27738635197831,0
230.56982392888673,49.91472896348894,480.71197545388776,122.1432317430709,0
230.14419493449446,49.981417514973714,486.72599486229797,123.69771217880205,0
230.81639612086045,50.01670284969105,480.2900775153479,121.00247720140554,0
230.72452763217382,50.05477834187614,485.95994761840655,118.75490349298934,0
231.22397242936935,49.86577077334393,477.9616995227654,123.53536182660444,0
228.49491139173531,50.25993933431516,471.17703807320106,119.27671482141118,0
230.1547118420439,50.159320723458265,472.9564553083838,120.03820287269271,0
231.6133486081916,50.13498250347174,477.6897560233721,124.20700206185478,0
229.47586981022837,50.008746239027104,486.86259962036826,120.54855268373544,0
229.8040404813653,50.17974495242371,474.1016107777803,117.13750581308715,0
231.86919342893782,49.923851628726375,480.03970888176184,120.20108465966713,0
229.65871532384492,50.16948644571308,480.64190342685265,119.5273087161298,0
229.0513934188871,49.86167237499114,478.46335090567686,121.04722087425556,0
228.99340387568034,50.02217393263682,476.70790208397216,120.92623660802433,0
232.06196140737927,49.984916525141124,479.1382701601966,121.26264534261522,0
229.3632837503224,49.984254994564346,479.97044934991277,119.82234058095554,0
230.56974317994172,49.93396363734291,479.503222401147,121.88219703064121,0
229.55479961507532,50.03846776653725,482.6837011403974,122.32231691317575,0
228.96996846448948,49.818197910293044,486.6132739264332,119.43681813403373,0
229.25213685131692,49.980741139437065,475.80294486567465,119.05754934301352,0
230.81328197166454,50.000899189164265,492.01891354061235,120.3528063092095,0
230.197977819847,49.93540992816919,482.5689292269686,117.88075963007066,0
229.1849521040006,50.04860529797825,483.68107086403893,122.13067883767246,0
229.2452170784376,50.00439272731205,474.36349311403626,121.16773943262174,0
231.98764814582168,49.88546945533492,480.88094647497377,120.48211861476328,0
230.94694433970764,49.89150501040012,476.0732406292275,115.7250226429999,0
229.61794073239645,50.13321173697827,475.45118688360475,119.30603654508883,0
229.9698210586857,49.910404825190625,482.93352205378477,119.5234026385791,0
229.33074637980005,50.1248083365856,479.97140063848184,118.05606412794414,0
231.51335920744137,49.954921251121824,482.0352985046633,120.97344914044838,0
230.32100333211162,50.039318412813905,487.22449090686507,124.09015766058221,0
231.07410126538096,49.968972507289315,480.91475944733145,119.55902537416888,0
228.73141434542885,49.991553713019215,482.06250693187053,121.29630949545249,0
229.93854116268687,49.982306230863664,480.0217130817992,116.04985930191368,0
230.6109071830087,50.081468318473384,474.1371110852074,122.59889213175485,0
229.21424959423786,50.032902894035345,473.5423006625406,122.66321531549208,0
231.32657271752203,49.90043506524996,480.4786094490948,119.75578636917174,0
230.46339502379197,50.000920678232234,479.48542058426773,120.98272284116483,0
229.95016564768414,50.16114489316589,480.70170362825723,121.84655592502182,0
230.02158783839948,50.18198786358011,478.8917534525303,121.21193691840652,0
230.70541350636523,50.07109709596074,487.46294064802726,120.74442607260313,0
227.4605730008691,50.09899871775781,477.3148927350983,118.37810631272279,0
231.11523662764284,49.9346229835612,480.13244758831564,119.64735981402262,0
231.96007551794474,50.005433450783954,479.53180832653595,122.60294085532433,0
231.20265671344717,49.78430817396364,478.4094203714907,122.18973755236131,0
230.40437757754387,50.03105779471701,481.099711399964,120.41079898658568,0
229.68921591378106,50.08402728630283,471.7108897221132,123.8693682603822,0
230.25324012311626,50.00229911680014,486.64757022399954,118.73532678144822,0
230.4585751866458,50.06191276558188,491.31647830893087,120.13433107781319,0
228.59503204896984,49.83744946425626,483.07192778377953,122.13964343001514,0
229.3841763130088,49.89348162746082,488.97157879849584,118.41419806451931,0
230.40401763546703,49.96532519179206,473.5011576107174,120.22917964381831,0
231.0531614730681,50.247057828780015,477.07375145094437,118.64362311884857,0
231.8665757490203,50.07500670296169,485.08009110295194,117.77170875850025,0
231.10496076097334,49.86314045099779,480.9211265381462,121.59567167350696,0
229.17085355613207,49.85057242008542,480.64352607109686,118.32699682658347,0
231.18419493940266,50.11911392995468,485.2484844809577,118.95386040110711,0
230.35599970982847,50.01752030698649,479.53718688351745,121.69860849982865,0
230.43838220327618,50.08944375687728,488.42167288993306,118.92390589407651,0
230.47926144068072,50.031885902226854,475.379529115456,120.963890071626,0
230.12211424493512,50.13908176290797,485.5902565925211,121.96860030991279,0
231.69893204130128,50.09408980295313,477.1726418873548,117.53018657623605,0
230.74578139548302,49.97876904300665,479.3880816546488,121.06126579597091,0
231.46695329614732,50.001331537959906,475.7403023277618,119.32670738820225,0
229.98194461338338,49.97335139634625,483.963897319647,116.36696474517619,0
230.4955196299427,49.74693317355362,482.890499544094,118.9210706128393,0
231.462868418172,50.019020293405745,480.26019346678686,119.39881977713802,0
230.71110640812967,49.98118372860354,486.5848012824222,120.2654522270216,0
230.78686914750602,50.10939119045501,479.44703417756534,121.77166893614759,0
230.7924548448489,50.12350575928661,475.35428653487975,119.6037032631502,0
230.8409567731476,49.882236907037196,478.9544250648263,121.84090975766749,0
230.27172497453148,50.1820207760751,476.985119497864,120.07528660117808,0
230.46441277397568,50.05762322951035,487.69505348227926,120.22866052079337,0
229.4888776296953,50.23695686006335,486.9492536306894,117.65337024285165,0
230.35738986964523,50.005313832459635,481.8100090742669,120.03195554853599,0
230.60558937702191,50.04007062965309,473.5183870568068,117.33083377189705,0
229.52363918875892,50.03561898785069,479.16258416188373,116.30806485227332,0
230.392801241508,50.02784399667762,466.7494999678974,119.2609433643982,0
231.14087772784708,49.96363881891516,476.38296939175063,119.5106746218315,0
229.57909091677692,49.98999009097226,475.7381328155969,118.39310073877469,0
229.39206383024808,49.901717220684446,476.1805375302793,121.1664193087066,0
228.15566241586808,50.20672709531187,478.9954428456626,121.02379421806683,0
229.71813813004638,50.14957629582435,475.5103049472153,116.3511663924216,0
230.43152338135226,49.81937199214778,481.89488561520227,122.02572762413736,0
230.09531161662377,50.07418233700093,476.4679693110611,119.7913376927677,0
227.86683732424214,50.19570843214969,492.5849956406083,120.05913015921446,0
228.87462495286638,50.05139366497472,488.00708856915475,119.25183070069102,0
231.36226432052004,50.11029286303265,482.0515927789031,118.91357886454146,0
229.24194930525414,49.93385295358693,484.87613461696105,118.08519946447308,0
229.79625353554965,49.97688962827088,472.16509001335015,120.68704364539109,0
231.12567993891497,50.0309906075449,483.21158812460493,116.25964276506936,0
229.94585195753578,50.05357517844011,478.34206083426466,120.17268077646735,0
230.56486718251773,50.143099756304444,481.5356289799955,119.8604089085696,0
230.50132678172346,49.9872039626027,485.9458871014345,121.12199693943296,0
229.35759686684744,50.14646187027717,470.7895390317675,117.54789018472367,0
231.78262984424046,49.89779606798608,484.08397645023524,120.24074465535173,0
231.52977833033341,49.945286727227504,482.5646717920509,117.62962001059796,0
230.51166953290667,49.96481968742027,479.6374101995445,122.77713283921105,0
230.782866513554,49.92028312760985,475.49855777687736,121.13898760680715,0
230.95682212356286,50.01826036035246,485.61878438284396,121.21895572075391,0
230.86068911690538,49.99226272766134,479.6713254374651,122.92361893362876,0
231.17503070574398,49.976805462605455,484.68579085402496,120.2267845303708,0
229.6220520414065,50.109255604089626,485.54352431192285,118.17656252203277,0
231.61849034681916,49.87554125534884,485.35638017909275,125.07783361249093,0
228.2557670802169,49.93173629340111,480.11570184316366,121.7526446125948,0
231.36137503721483,49.925243802632366,479.52137136835404,121.4747392709591,0
230.44478653439444,50.0339022276377,475.11593653922296,120.66559746001634,0
229.9543426057406,49.94869026274872,483.7461563715703,122.2499426047124,0
231.80636679545373,49.92002787646336,482.12286000982726,118.0492272703816,0
230.6865830843786,50.00427110656887,487.79918324215174,118.14697902132617,0
229.72189428432887,50.20179326805972,483.3850792054843,120.4282069011463,0
231.13358512411645,50.075868342041474,483.99295792101634,115.33749645631299,0
231.64830259674184,49.939484811480526,470.2513683893693,118.13705432103873,0
231.40816453042504,49.97115890569979,475.40305071819694,121.83345366874269,0
230.07818493440104,50.017793676185235,475.7579683573859,117.3587024147875,0
230.28259583991456,50.157155681595164,475.0582469603036,119.96277809480114,0
232.16325713694235,50.19951804088831,478.4780141328721,121.77804264221601,0
229.10395005510412,49.911002043697216,489.1271500137441,120.24268957443836,0
229.7538641568794,49.930932196150124,482.7601622753952,121.61377739951679,0
230.83040642525793,50.070204731600555,481.48032172278795,126.08884104802287,0
229.14021090973336,50.00050834764217,481.3881084507439,117.29586695085494,0
231.92374449578625,50.01647744821858,478.5920513451048,121.88164089555288,0
228.21375586734376,49.96968523548669,480.801201461832,117.13605986581524,0
229.58298157959626,49.97851849805695,481.1233257216015,118.60719097780554,0
229.88269594496117,49.96220566092096,479.7416691298406,123.09444573152923,0
231.33880314613415,49.93849368961369,485.456522992312,119.93690149260969,0
227.5737888000289,50.03644126636517,487.85733541876976,121.31915155627773,0
230.24473180571798,50.099069530222565,478.53394480757044,122.89777458600949,0
229.69313100175705,50.010080624967486,481.69892396635464,122.31079075079036,0
229.74177772608851,49.99824763160112,482.9030034571354,117.2710853173917,0
231.12869565872165,50.07141768593595,481.8166947669863,118.98013574138932,0
229.68403072237592,50.03016885870215,484.0267955844108,120.39368184188336,0
230.28551281878498,50.17027078770796,475.2617050984689,119.27257268271346,0
230.51802190688755,50.02033530547381,491.81773368077654,121.09792560073487,0
230.57840932117173,50.01756489746842,473.0021223861096,119.36517670549206,0
230.70334695430816,50.06293407130732,477.50493402473876,123.59047101817849,0
233.0177080443725,49.9257623505209,478.68518624106554,117.92495580064276,0
228.7094504111843,49.91921473573817,485.98857393943695,119.5383019112133,0
230.45983579685216,49.94417906972482,475.9276682345327,121.9744850965942,0
229.32662656101738,50.15258993611578,489.0573088989157,118.67940577080542,0
231.5608733354461,50.13772257076623,475.7156132502225,119.07808897102822,0
229.38265235851162,49.9410629439229,484.2027012292949,121.87504629057798,0
231.95915293393247,49.94929284861161,478.7263936458886,118.8043873571935,0
230.0711298758807,50.171110532406814,474.4243221104799,122.9247392744208,0
230.51002237981444,50.01219574540707,487.94620468278583,117.48877027475285,0
230.35311244203228,50.10632021020027,479.97262212429035,117.47094093395677,0
228.6127948821543,50.01024279639155,470.9982997027908,119.45886568272209,0
230.74209215276252,49.95324465873878,476.407627568871,118.93743507686968,0
229.90156561282686,50.1886119604033,485.6515630532791,119.62272839525988,0
230.51521348789439,50.158000657909284,482.267596836227,123.52482627674686,0
228.76661521311294,50.038935265979134,478.5009980824879,122.0466516266349,0
230.38695694976647,49.90751590525669,473.7853418482747,120.99169297281756,0
231.42627206134588,50.08033162718098,476.7535311006453,121.75088696020228,0
229.2908358042079,50.163438746440406,474.40063742096163,121.02760684380065,0
230.1855353284774,49.940682566721115,486.41218005466294,117.87963757867438,0
229.0561039315321,50.085710388968515,483.8456332189727,121.75011315971516,0
230.23039262971147,50.134995026979446,480.73188032540844,120.26822643990276,0
230.66524837574153,49.93628918692864,471.12853028704245,123.26859648853355,0
228.7863741854019,49.7883297470089,478.73378037323226,122.5103692145978,0
230.17267722738197,49.891405443212825,473.78393479913285,119.97154848256639,0
229.9185620070752,49.96518929483725,476.72333848696655,115.76660487326717,0
229.2219118959434,50.05710547568983,469.7760164675633,117.6358558207172,0
232.73528998390012,50.0185151016005,481.143392675625,120.46583256637817,0
230.55655685818246,50.08794562817339,476.3829510020829,122.31880834453172,0
231.9493839767107,49.96572940826954,485.68839944096436,122.09193432708905,0
231.25455451531317,49.938232938791565,484.8663461023228,120.46223066265539,0
229.86411335348737,49.857917275120954,483.68103255156694,117.76709201326896,0
231.42866371423798,50.008461461904865,475.49186108578454,116.27362429132019,0
232.07294682424774,50.18492041064875,481.0416452793299,119.91452062275536,0
230.44037568844652,49.96535661204794,470.2068823446932,121.79943428676778,0
228.20939483180211,50.25596116095448,479.368999117368,122.02999516860046,0
231.00120105796498,49.998576511377095,479.55744770152495,115.23538381218997,0
231.3851707582236,50.26445254031882,468.3731538481733,122.7037045802229,0
229.21725783180779,50.064901385463656,482.1666508771843,122.63279440272274,0
229.1387956296067,50.14985432473279,474.97963699375356,123.12951579563524,0
231.2223248856465,50.03714115796115,487.07127565044436,119.04641503513143,0
231.2575679591573,49.97844306141384,471.47971980408363,116.09785458592164,0
230.09977795623206,49.98774436823768,479.74185261879126,124.5619988968202,0
228.50428528498583,50.07609891095657,472.4381661641673,117.89547429753058,0
230.35920364180853,49.861612407926174,478.05910359644355,124.21594197594867,0
230.63329563182103,49.76845498862471,476.67267255539,120.26012756480121,0
230.49932520402652,50.20325726389836,483.78447889991276,119.17651079734105,0
230.33201407316074,50.010835851323236,487.22770347457697,120.81331138153558,0
229.81071551359474,49.99581474985644,476.8144855074415,119.10046025714516,0
228.99330804759515,50.00161708840372,474.2133166614237,120.85292775601732,0
231.31423708290453,50.177964492175974,480.2552695414176,117.34540054571414,0
230.1574473398198,49.95946806844151,474.3430817639912,117.32960367116483,0
230.206609552027,49.977855577170786,479.21997732345966,119.4371700920252,0
231.65287837955367,50.054923468593024,479.4674917423215,118.42948230995295,0
229.60760844572033,50.135037456190915,479.6589629589057,120.44306783247555,0
230.48230655081485,50.00664613653391,470.824619694774,122.14166182502974,0
231.8427995459264,50.04996108296791,489.8992406014383,117.17130376871413,0
230.66962898432294,49.937804914138724,478.2742454294603,118.30489707626774,0
231.78524254019277,50.04262988822901,472.6164600294888,118.93854835091003,0
230.76593112061562,50.14524762046098,488.8233535974144,119.78122717100285,0
228.53949379938157,49.87271768443561,487.23785231244295,120.28582692971897,0
230.06136824338702,49.985156982934086,481.98411774488903,119.09804385769411,0
229.36520602606168,49.950364796706616,476.74503390113637,119.26344937700382,0
231.2707956474201,50.018359236480634,472.4810698118322,121.67713728104815,0
231.28578721345582,50.032268092401644,478.1558780375694,118.8026205824872,0
230.6254945644821,50.05274669643177,479.43689682250607,120.09233310837892,0
230.76787394614308,50.07752486367235,479.40120884207005,119.03568391377804,0
228.6138004927552,50.130411226105686,480.30755670672517,120.67238773875184,0
230.76718321409203,49.86936475222148,480.6221414880051,121.12288642123067,0
230.02441342220538,50.04964035779555,481.81656722814176,122.5576640244988,0
230.89073178816375,50.148984998601364,485.3538392131606,119.6319047181889,0
229.65537805953517,50.02901008823492,476.473966958617,118.30810878378287,0
230.00103095821024,50.046117594992054,477.23903364459875,119.8715131693092,0
229.91943037109178,50.146176056629194,484.84799629646795,123.31671856250068,0
231.7478098065993,50.037833788108685,476.6614233181554,119.45710235456751,0
228.89855851352294,50.169515919079004,477.83662009358954,118.83443164280476,0
230.04419653426203,50.00558695125043,480.47177023922205,123.10781973205368,0
229.92211209228412,49.96485515327616,481.26553749750025,118.40939100616264,0
229.47046939679404,50.116781669727295,481.15345113925963,120.78035806818197,0
229.6822313963062,50.00187371560925,481.09948344648575,119.05534512501605,0
231.86043762007827,50.13550190383168,475.8710629008145,122.82217548844149,0
228.8777250134019,49.88746442628441,473.5519223855946,119.59363260921633,0
229.85771160280348,50.039499069886965,472.466618566821,123.19123411461172,0
229.6379309887806,49.9663219318573,473.5140427026815,119.25479657560213,0
230.57632674870018,49.90083516921303,482.4422563166847,119.75820314670747,0
229.39064646728653,49.990871265090334,490.0032598367707,121.88402891829607,0
228.70945136138795,50.10358052590435,483.45484192108535,117.48737834035674,0
229.84321709865392,50.217580156195396,484.4944736612029,119.55803908278243,0
230.34789748315927,49.950326004177874,479.46732057382536,116.64083905314764,0
231.59019277961613,50.05592160264851,484.8046234532028,119.79667550790876,0
229.18538293026901,50.061361123009895,478.6388501060458,118.37996043487286,0
231.0951352103902,49.96195929270927,478.53075983914187,116.97179531624789,0
228.84978748544776,50.021780476384805,474.55271860738964,116.53785889638594,0
230.84094147893552,50.21851075368142,469.0221063913501,121.07206817780136,0
230.29265396904688,50.0402800921255,479.2669515631699,118.33593167920877,0
230.77392292609323,49.89510526416095,478.21347726889576,123.29849897826281,0
229.2418465238037,49.958849549406196,488.4440019473644,119.82756976990221,0
231.74823988408644,50.13989193074646,479.8984811232274,118.85208766222178,0
231.28757772329683,49.76896252577503,487.5913451954768,118.65008670166472,0
230.91959079370383,50.01630765211452,484.3216181425149,118.33487609496716,0
229.34396803064914,49.920769318090414,473.6203596675086,117.87349091780402,0
229.40008233436706,50.18821925135968,482.52383075331824,119.48902574310355,0
230.1804172660448,49.90573972475316,476.87773181324303,122.04908635089326,0
229.17576975942887,50.04555984550468,476.81532334214313,117.3130552277251,0
231.5506241815004,50.01419176194396,487.1821567387681,119.72524691671036,0
231.2599384416049,50.32372485950862,484.31126307961443,120.26377537206768,0
232.60520543225846,49.89560824511822,473.2877422136251,121.51775536006737,0
232.25549384004188,49.9849569777393,482.57977137943124,119.37556063017166,0
229.9635270765324,49.893381013513874,480.1776980199147,121.38462442832953,0
229.4824035134925,50.22878719953931,490.04075952195683,121.96096069538699,0
229.22522892095967,49.977227802113354,483.0902672781328,121.96559369791741,0
231.0114464875509,50.05155990562542,484.7918676367082,117.20649928531677,0
228.61113089702144,50.099058818104986,486.8113496145312,117.75387918528722,0
229.73263092543465,49.96818161441329,479.57758326186826,117.52923485428063,0
229.16333292477734,49.98132353319177,481.53089858081273,118.85580068251768,0
231.46156286089234,49.843968039844356,481.78538013782827,116.89483984954724,0
229.8206082291685,49.95153353605092,484.0590575646882,121.22898467265715,0
228.63546846635748,49.99904590469995,474.16625030409523,117.74266068203396,0
229.87228934422353,50.1364772273283,477.25947671341015,119.22079630473947,0
230.8137842916741,49.94103059472193,483.65182744596893,119.69337354359237,0
229.75259773942332,50.03218077936872,485.2916201495111,119.52702578421447,0
232.64805067089873,49.92380940300513,475.27212024466894,122.73409590180322,0
231.83871908057458,50.22053671040329,474.9050810584673,113.96183788684644,0
231.77564213800832,50.12440170695451,473.98892834025065,120.46773183398898,0
229.02163941924005,49.862184144549495,474.70157774211,120.88014105743936,0
229.86884911099415,50.07237511680491,481.81877905987926,122.48223281136018,0
229.35218893419653,50.03963733697958,480.25350797334,121.70068252490874,0
229.33736871510638,50.146770026598155,481.8049467291752,116.49126834075855,0
230.35081942686654,50.09061692536271,486.97485827203116,122.64929389269672,0
230.63028463971085,50.00774647748865,484.7098277525969,119.51582840292444,0
229.61038402908517,50.11729246115487,477.36105661280214,119.35443501414194,0
229.2746984902137,50.035477063895705,481.91064886910726,120.23854301796963,0
229.1140969486381,50.17654961507473,485.7021573790488,121.4574481237134,0
230.30628233819465,49.924606016107155,474.4225812452434,119.37596199243913,0
230.57842002847684,50.05718748944038,487.5750911210849,119.05108381109312,0
231.10805793798232,50.03522360472142,476.6124468232533,117.74627952452326,0
229.80195569445658,49.98600361232407,475.3467717434146,121.22910759946055,0
231.0794805489262,50.01456570404308,476.37692346406044,123.08998297273737,0
230.3924131600987,50.063977103341344,480.1697212961635,120.40359108104137,0
229.45696972956733,50.10339288562583,472.7702623637252,120.39284094001691,0
230.30166452335703,50.01011664083181,480.56329429511027,119.82393748034876,0
231.1032691618998,50.22494140216876,483.3088801604348,119.56805349244075,0
232.20584650733767,50.090509227552765,481.1521094762436,121.62403778380987,0
230.3182000599815,50.01288791357473,473.66202403247917,119.55735864567934,0
229.7877238504282,50.03360423434551,486.3859397703571,121.80746721342769,0
230.71611751887434,50.18034618743132,481.30840616552507,122.463754996168,0
228.84359509039868,49.94210233133874,480.3771008764523,117.62112101048741,0
230.78217295925748,49.92146312726799,477.90202018077116,119.50140080194407,0
229.512080493831,50.07404884257921,471.51076522672844,118.13760150869865,0
230.89121424872613,49.85820205050792,477.2059420780366,120.6545151882424,0
230.50362087019286,49.92998201013687,479.76853142844095,120.14170954232861,0
230.72608020617176,50.19079202258193,481.28772613912486,119.96740586603367,0
231.0554294964858,50.0926754815631,475.3279038245427,117.26124686877509,0
231.1739505208614,50.07985864048812,477.8658627943348,120.76824511870268,0
231.2225749789476,50.049910717032375,473.5212371033157,121.3440072458292,0
230.3507878058712,49.99727029303083,483.51070459436056,120.45538075180669,0
229.24886610988963,49.99233882120827,489.1238818527918,119.8870903852587,0
230.08841212399494,50.072736923285724,480.03049974338575,116.80269851415528,0
229.40218511839456,50.07405636999246,479.92627887923663,120.141276931662,0
230.3892638780906,49.94557996677063,487.8144379541751,120.16494922691858,0
230.56400388028007,50.21599444060308,481.9666707350527,121.79735878943454,0
228.1474927306814,50.11112489137379,485.84159649997343,120.39795476619358,0
231.71941629179787,50.045173103673875,489.1394726197112,121.19936290804087,0
230.4959662584686,49.97577614256302,477.91983272623935,122.52582393101045,0
231.1744435876066,49.973938086455156,491.4238978113835,120.79307735633788,0
231.34878293693507,49.99061610103728,483.1936923220055,116.90786693732589,0
231.1372364926949,49.99928632425851,483.6171515477548,122.23405345382288,0
229.2805211208364,49.94768738941839,481.4351076820263,117.59255776088479,0
228.69640677479003,50.16863422366715,482.6690178742187,119.25548237286601,0
228.20604549302658,49.786636641791766,477.55936516997133,114.52933299189074,0
231.25954791086147,50.062473346321546,478.39814545999934,123.24633038584086,0
229.61524637477896,50.03365313234141,483.12402466297715,122.59129808782359,0
232.3609649849693,50.105541278403905,486.9070598129727,122.29453693067725,0
228.99770553418298,50.00280308019027,475.83187419490054,121.5229598429127,0
229.8021264417513,50.03000791126371,485.15070471784867,120.09173435079147,0
230.27904454900658,50.03867804451285,483.2955119691328,121.33309167292632,0
231.95336876849183,50.11990458485968,480.79243731960884,122.69915782483109,0
230.22963982352758,50.078034024582536,480.1027166292945,117.92568752215921,0
230.6112880857184,49.91135443960676,486.22715104788,122.7276253504003,0
229.2523962999754,50.01078595123378,477.935098612976,118.53134428003564,0
229.36723822859545,49.93729098926605,479.6213617042896,121.70420907985364,0
228.7630924086778,50.13086691802157,478.2960691674135,118.91582806311769,0
231.21129964788895,50.02857469621785,479.7131000534386,122.46819110006997,0
230.00460204007933,49.949785289151684,486.0891069019903,120.95928635717941,0
230.74748613851628,49.98143258371512,477.05410803638955,120.35482881372945,0
230.15208926235712,50.102684486459836,482.8219642237019,118.5814206025555,0
230.57743745200503,50.002122255246725,481.43944931285495,121.15734337479464,0
229.15875827955986,50.038706588469566,466.02682950145885,122.04617692612207,0
229.01480433869355,49.96691778109456,471.29611520707346,119.60833615557698,0
228.82408725668688,50.10271805002568,475.2626135079678,118.79307477566446,0
231.35299913577626,50.1775811155056,482.1260908280593,121.43803101263299,0
231.35911913949687,50.08471496594761,481.9543377233436,120.13484875098237,0
230.56504640139053,49.94891306944634,484.5091776120346,117.1507210804751,0
228.96352769024256,50.06114336736947,481.4429712739665,123.93014883435771,0
230.1487943415522,49.90497404748149,485.3238390263153,120.97029104991036,0
230.87952478991343,50.05133309982286,470.25306631602234,120.9979259390505,0
230.12788908138955,49.736502725880456,474.2548264817051,119.79031915359282,0
230.9281070955019,49.95469665054873,485.2610255052011,120.384566679474,0
230.37887613166765,50.030442123395325,479.73605505962536,120.9159056425771,0
230.2358380138371,50.096774995213266,475.98550202890937,117.90598362242497,0
227.74301638375357,49.944258342608386,479.63582509649837,120.49890528726819,0
233.0101373918428,50.09245020275115,480.6561244066238,118.70796040761572,0
228.52922396951527,50.12320267893642,484.284580393571,118.77234560860538,0
230.59217437871197,50.02389285476468,473.55528764247833,123.12785281824463,0
229.0531108659456,50.100642730188085,476.9730933303422,118.37964186965564,0
230.99353771149,50.053487287543895,478.7503027483189,117.8133316531593,0
231.2688339019933,50.07923469779814,477.54198804016175,122.30107031097693,0
230.54124156610294,50.100432436436904,472.5800081286405,120.04089898716103,0
230.35867444721887,50.09351555420527,485.7310480972919,118.43462077304882,0
230.8371081264598,50.12208254900707,483.69294602193366,119.83822071150465,0
228.89625260664673,49.94042450276503,480.3174392470835,120.78698854079126,0
228.81899623778875,50.15391473209389,487.7142626994038,120.44600739736677,0
229.0513169758017,50.007975892100134,483.7615248185612,120.35915628205416,0
228.61969799115286,49.89391160386885,477.4847338720004,119.68419255720461,0
230.81555193901417,50.027994240373324,481.3294437327849,120.99785783851627,0
229.75195384455958,50.0865674506229,481.5379890029366,118.58060500972671,0
229.23127043739328,49.971035271085775,477.1075780297019,115.84815373254878,0
230.7902022373279,50.00457796960297,487.9872166505003,123.30229131166234,0
228.3522357853673,50.1387420352268,477.8831959903926,120.95126181892441,0
231.45892719306866,49.91331167689515,482.52671907869177,121.23008732510269,0
229.3573814427887,50.07318074640744,480.3063533265342,119.53736823936909,0
229.97733267038456,49.99323263964332,479.099846759685,118.98299199454526,0
230.06578561937843,50.176782080665056,479.57830386277425,119.13879688765037,0
231.7208880114747,50.049741062500026,474.556416822124,120.520684249189,0
229.14177469213774,50.064071078621154,481.65619493316444,116.94127471914469,0
230.03847513365648,50.01944079701662,482.76087075249234,124.41308681106894,0
230.70087738179237,50.19987888553789,478.59880952762046,119.81817380926735,0
229.04674250007523,49.84349767123615,484.7461037854442,119.40595049250781,0
230.66183040671746,49.99365561914336,476.0960182234393,117.79325544177858,0
230.50608007664673,50.18663202762281,476.36404311895603,123.4806240361508,0
230.69154626205486,49.98688671967719,480.7065414635792,118.61221687815951,0
230.1435343065821,50.01198731333547,476.218531311141,117.52262592202594,0
229.2997995769015,50.02600262035082,473.2830065919538,122.22639767634271,0
230.34764507101562,50.00543260425088,472.48536508143536,119.10347573494307,0
230.76616382288702,50.09369081603315,472.1854047711252,125.48846645462709,0
230.4526175555128,50.06129574578853,480.99559453590615,119.64297148061917,0
229.83774746188877,50.05348042372324,483.52549649701257,122.6925117755883,0
230.56564851904386,50.11800024261313,481.36154730774695,121.11097808023118,0
229.22254909186378,50.014720798515775,483.3779712637255,119.79401712585384,0
229.50875284408707,49.958916428121455,480.5088424710471,122.570399419701,0
230.50112887097745,49.98580270567275,478.65831917179054,120.77525937795832,0
231.27541720800244,50.23820290824063,479.59405032610437,119.0103303896965,0
229.57501030708127,49.86358538592384,482.52765089256934,120.73466485490711,0
229.94777422944196,49.992152560452915,479.49786331825254,119.70009234507883,0
232.0286783668576,50.07366250017084,483.6274406735437,119.92078160303832,0
230.23280554806976,50.17104669529669,484.0648214619736,120.63931823442579,0
229.41887601191326,50.14749471195349,479.31510039156836,122.50455716799141,0
231.94759337221288,50.063316391769504,478.69684951420226,121.53674868186289,0
230.562798506775,50.14848287017475,472.7218783995313,121.12085285943974,0
231.5848003223622,49.9509701498744,479.69166477708166,118.38511610654476,0
228.82700727453357,50.05606697336019,479.505797200746,123.12207867535179,0
228.34761446841048,50.04110523925692,485.6639694932268,118.88390542566499,0
229.90620959359447,50.101747445648634,483.89114046101184,119.86058322440688,0
230.26934515312294,50.05051575475469,478.490131720695,119.73675467007868,0
231.26741301243672,50.025131063567414,489.6462415903436,120.34596400823447,0
231.9148748333612,50.14478721418179,480.6243589818889,120.04915798030649,0
231.5239660393548,50.11909830507615,477.66266732191,116.99380562084794,0
227.98924052528093,49.8727837116752,478.7504694468794,121.16924452106387,0
228.99532668418456,49.86552971241012,478.39737788703525,121.85850928026417,0
229.17706482821086,50.02448236607887,473.7078416635055,118.53747923802474,0
229.3119302851201,50.1546494001038,482.0776705298281,115.9281648196551,0
229.31986431021897,50.16811666095819,484.4482390304718,123.58879030503424,0
230.9806753033404,49.924078539745764,468.30848775379087,122.15702871740021,0
229.65550731081356,50.158685977596605,486.55521608716754,119.65569695654062,0
230.90241807588984,49.996355934073335,488.76094974387075,115.56706493593698,0
230.46995204626384,50.179849312518435,480.92625134159556,121.30002292060263,0
230.32428773906787,49.970869622908005,481.36430288349646,121.95052239035849,0
230.6011546464988,49.875291095127,479.5490570457044,119.53694903906178,0
229.4709954329275,50.06644784853631,475.14931305156966,120.80291252403507,0
231.39614305040863,50.32835811386506,474.32760511598224,121.92735966735397,0
230.17613021992153,49.93942602611117,471.10134600060496,119.30347685001647,0
229.1501938227849,49.991879252717126,487.78096929434224,121.44547592955357,0
232.06710907659576,50.034636583487625,487.84726852784735,122.0941139635466,0
230.6811879265949,49.86594831525872,473.35331614823565,119.20235526653362,0
228.67856380772608,49.9965073724909,479.18953746934807,119.9454037695135,0
228.54037322160258,49.91447095581555,480.45408391081196,118.56551794155267,0
229.99212422688,50.14728989182807,478.24865654638876,120.18759615312385,0
231.29133259742224,50.1089865161802,487.48477835553314,119.57564536311435,0
230.2926016256773,49.96790441175097,477.0368979615628,120.21220496741381,0
228.13106376140684,49.99528874005341,470.9656665599235,122.65813878018336,0
227.33264209333697,50.08658044462566,484.423921228128,119.30484324059105,0
229.50622575301082,50.00680322744827,489.15826610513875,119.83366861622102,0
228.03067248116977,50.209614187339284,473.27199509406086,118.6200466740897,0
231.572584578901,50.00883530423137,484.9570717375564,118.77231355971247,0
231.69513600484345,49.946750339995624,480.74991319849056,121.48828434732147,0
229.56832023233997,49.905234345122444,479.81022224440073,121.30431860445962,0
231.3123604003919,49.946704692758864,473.446736955108,121.15705807303608,0
231.265627723515,50.11676966696597,486.63311167569793,120.19733501801748,0
229.47625543974297,50.10165744635891,482.98020044803604,119.50333969695241,0
231.74618094201008,49.822675883180565,475.37640986995285,118.68791259375253,0
229.52777227625384,49.96745669227857,477.4966991312286,116.80475754012289,0
230.95038028192266,49.98253007728024,481.0415267101874,118.84752869415215,0
230.50456846543196,49.87634593702169,477.98141486972884,120.40125033530151,0
229.80254195567304,49.96431664565243,480.15779386658113,119.05960634793357,0
231.56981673128482,50.02991364014826,480.8445868814329,117.95927334234969,0
230.0083875052928,49.98835156426273,472.69321640975244,117.74347021859795,0
231.6321729925103,50.20662446823558,481.1653966936424,121.79263948057654,0
228.96361121735723,49.96717974157807,484.46085130796524,124.65716751130927,0
229.86169588447268,50.0610087088226,480.6607019636076,121.03673357409569,0
230.15264925232043,49.88911201034903,476.964512039429,121.44659804541574,0
230.85935511674344,50.08149005903761,479.3332365639679,120.19077121315658,0
229.659179922157,49.81386715793835,484.381725413338,120.22205513794007,0
230.28197718585628,49.93558868567372,475.7072104717521,119.12612889915036,0
230.45143030113158,50.095643163373936,478.20198548443915,121.4529780877002,0
229.39753059265553,50.10832586992805,486.660326346207,117.74482546179256,0
229.1492790300949,50.10578755354732,481.02253301769565,122.43529653444524,0
229.5203171862013,50.200736700712376,481.9726439870839,121.60717762052235,0
228.92552382000517,49.989065725107594,472.7563447551147,120.65667466413271,0
229.50663059632836,50.093421948406586,487.80264217134146,123.33117204645112,0
230.0904164742968,50.18141472086299,478.60841845466365,119.18807146346738,0
230.9241555393627,50.081862781953184,486.92604050329305,122.97468838822307,0
230.4803888299014,49.9696258907483,478.3962477249636,121.0855646937766,0
228.30743478998212,50.0568951950093,477.4022512552243,121.23539404753829,0
231.91172129030144,50.05339218285892,485.4011414877324,123.07085201584962,0
232.02961034804017,49.86474992700674,488.0225753223016,119.0432308658717,0
230.57230450086766,49.91413742144279,479.9252062465527,121.76073252138058,0
229.93312765720597,49.898620500087716,472.93760317407555,122.41907266717251,0
229.1794639227111,50.04208822859313,479.8518066536228,123.41001621077348,0
232.90408453607665,50.105491040694915,478.75800490194024,121.42179465352923,0
229.81428824823828,49.96188956613016,477.55672861416105,120.56739589636648,0
231.05902824848192,50.100034036665946,483.7395699990287,120.0947112412324,0
229.54885538361933,50.13790499061087,482.89962581764945,121.80943440388646,0
229.9211658092495,49.98823467210489,477.64058806747886,118.94657816606968,0
229.77565337080202,49.91012286644233,491.78601411971215,120.47447129730307,0
230.0823948632539,49.96663169958357,477.2599526648276,118.4529798284075,0
230.6846869369791,49.97679564559826,490.71545327540673,121.54206398027883,0
230.6029668392217,49.98871672831925,474.80599481766,117.1725758396016,0
229.57346602859775,49.93301376873153,477.61365950622337,120.78283730132068,0
229.78801285095835,50.18681628945546,473.38328638912895,119.65154224953804,0
229.84857665483057,49.93616839846673,484.69654053446686,121.2011623644269,0
229.53651353079005,49.86893290567745,465.56795612920513,119.46117462045723,0
230.15121667152172,50.05307798455522,486.38204133892947,120.8008339429142,0
228.88254014261798,50.08813759861611,489.8433099841387,123.06243994932518,0
230.52612066175308,49.85166363595183,483.6016687792022,121.07562733700841,0
228.6241655730613,50.22203954417601,483.48658719975725,120.2383597909211,0
232.5272436695636,50.02624279978594,483.68778332675566,119.48804076498124,0
229.18702667015418,50.12036371359921,471.25631080777964,121.79985729199102,0
228.79615153177315,50.09317374451917,489.1502513528063,121.14641795615366,0
227.41552453109313,49.987603193093385,480.4554647268038,121.3143870714192,0
230.2470550700799,50.007179370726675,477.7569915361562,121.13350190107415,0
230.4436329319839,49.99091712293149,487.5153380807825,118.81782092979225,0
229.58411329734426,49.978775041006855,470.9104520089335,120.63576168813745,0
229.90136456807008,49.86546151316895,484.26944393403414,118.80362852201525,0
231.13150704141438,49.77075687009843,475.1506851963151,119.75262443579926,0
230.31878365971428,49.791295222677064,478.37438960571393,120.29045031578589,0
231.03851882138687,49.82175537459145,480.16992104360094,120.19296031275981,0
231.43594162296338,49.84414974009657,480.27664143731954,120.5582983312904,0
231.59853622492318,50.20099959358579,469.4342267797584,119.17805707528217,0
229.98817207057428,50.09085870006042,487.6653399685633,122.72297340542912,0
231.89326999268553,49.97453077823878,476.612801107323,117.95931488931649,0
230.5000417317474,50.05103076815232,478.48298593297113,119.94712137621586,0
229.42257831878896,50.143610181279506,478.26589379789436,118.70254651752386,0
229.33767508542925,49.88542151033514,477.51769658492077,118.67391994697613,0
231.80547690683818,49.89461676640686,486.2616080819811,117.80557479924774,0
230.89969433506133,50.077970724628784,477.69606923965335,123.42080753954863,0
230.7084035536616,49.950394839875145,483.3693063803966,122.68022474631779,0
230.7370573835544,49.970812822204216,481.4520926508825,121.8829296823183,0
229.73077396607243,49.90311557343048,486.7602250771916,118.72543440916036,0
228.3671249543307,49.95501468326725,481.12657164832746,120.24417590097883,0
230.98437226532295,50.02339829234294,486.57000911094866,121.46682795749331,0
229.7753370021222,49.98221222577065,483.4633199989466,116.78927304295213,0
230.20023780786676,49.897964176300015,493.6773543298884,119.46970716825597,0
229.8373160755865,50.11443186491999,475.5726436975379,120.54971512599283,0
229.96873539380306,49.956910068074045,473.23076671573676,121.8106841892565,0
229.99541317254517,50.05933094603,479.06519143438254,119.1504572213579,0
229.74302691900485,50.07388717528528,486.5431711484322,118.43770464220266,0
228.71511608111305,50.19136843969694,473.3595610602076,119.94048723203832,0
230.7945598915616,49.928678393369516,480.7208030832184,121.60112694139673,0
231.61513208199923,50.02559582946661,482.71315472219203,121.40168566685728,0
230.27689797221598,49.928731566373024,479.7802300239031,119.7493592206159,0
230.655629525093,50.09946578386313,481.8005625521522,122.56268110557899,0
230.96799518349252,50.07132334769724,473.7105192119741,119.47612801471074,0
230.46200445326994,49.95613169261329,479.62832145335796,122.23129948408757,0
229.22351368875306,49.82807974548594,483.79306291937763,119.65634145147965,0
228.58592498669034,49.90321130350864,469.92561926666804,118.71807052701023,0
230.1016235021726,50.039804922682045,484.4312408725264,123.17548575473123,0
230.29418703924685,49.871141063135134,476.7052340158065,118.61053781608517,0
231.4619228642124,50.03451458097581,488.2384218043924,117.66749257395735,0
227.713256949913,50.14502595124547,488.7080453623181,117.87703081463125,0
231.14186025511546,50.14281493238357,480.2243928496731,120.21151568015271,0
229.72346451164654,50.09899498961246,479.7449693177721,123.1688454050021,0
229.32254054979393,49.94389160664902,480.20311507012514,123.41530093083091,0
231.13129061542037,50.042083528991206,480.7267484461671,117.90452875536127,0
230.65091650454053,49.82154889987271,471.1401289120418,119.61762959404354,0
229.33060612730472,50.035340254914296,478.54668590050665,120.64109671663813,0
230.29026661315365,50.00660819834807,479.19749340617466,121.51863561177916,0
230.9854815146762,50.09988257791809,480.03192736019923,116.57013608213876,0
229.77144662389622,50.06271137773312,490.23235321554284,121.52572475942506,0
228.68650130894457,50.09621242174479,484.9205750255734,121.50444936442258,0
229.41178501720583,50.06797633131228,480.7211481251907,119.42208598019292,0
230.13574673813946,50.12834791289829,491.4780453224097,120.01022915935708,0
230.6312701563058,49.9579976956382,478.458433016457,117.28246168135364,0
228.9510808152313,50.04352541681814,489.0141577823603,117.90992395656455,0
230.66347931264448,50.020428873026304,482.1578419303462,120.90279984308194,0
229.78384006767328,49.93337759565126,471.68262119805865,116.6686918791117,0
229.8027119742573,49.94273712332709,481.0348462021334,122.33031083833976,0
229.47755333520024,49.869862548392305,477.2011971816384,119.68652273203647,0
229.63849517244066,50.124948370599114,484.4047542519776,124.9366373869309,0
229.27303399929798,50.07717693960929,484.0245502699658,121.76011153900902,0
228.6649278717062,49.938575646028205,478.48683299935084,118.713397971501,0
230.09132486799413,50.09256092822747,479.63968105894884,120.23893449064968,0
230.32908181135343,50.219291167963426,471.0823810564411,118.7718011747974,0
229.44403959035097,50.02018505552576,479.57348812716424,124.24404679463906,0
230.70187757191442,50.0477883841759,485.42095613547536,120.53734237587457,0
229.9972606748612,49.94351524604842,472.70796632921554,121.10724570984252,0
229.55929819404506,49.91609962462402,485.1868397688299,122.50195257374766,0
229.78702704554513,50.06258091810385,480.5574447747921,119.87671663390266,0
228.0153871390875,49.96163656914943,484.3286622021569,123.57145194165568,0
229.582575492664,50.067463555730065,492.55022856590347,118.5328191909299,0
230.78147133291017,49.8901106104595,473.278462247781,122.38667228740265,0
231.98474133601016,50.03253995133639,481.6656190776744,118.26478627846906,0
231.9872387614179,50.06400595888782,478.30642966216396,122.60373834738785,0
230.99742849599673,49.93759877207434,486.13528627328884,120.07534284242521,0
229.59960130972428,50.1272744280259,471.608564927565,118.16712180658402,0
229.8235596482513,50.026449227841724,482.21483817381153,120.67260427580376,0
228.09175038459537,50.071497555423704,483.9792587925606,118.82942202069556,0
229.4063322466216,50.10918512214922,480.8370917203009,120.21155426878825,0
231.07996288974573,50.075206786600525,477.2640430864805,120.51973738319715,0
230.24115659779923,49.998949317013576,478.33289113245047,118.35470285083576,0
230.9605111823789,50.10011657763877,483.6220070474182,117.70446471519958,0
229.75487636076258,49.987473530231405,484.7764697920187,119.19705553942481,0
230.24042056608013,50.04764636968793,485.4535831628813,120.21005118463819,0
229.41339910140488,49.9328237126449,484.10273186444016,116.1010153882119,0
229.17665663513844,50.244234745125624,481.07901852529614,119.67352146981726,0
230.67715163675228,49.979858614675166,488.7761871402513,118.7437086844846,0
229.97872382540206,50.15298288064268,481.5014916255445,117.489387819438,0
232.61016943516086,50.08527989810891,475.36774767702605,118.72251626050563,0
229.6674999157459,50.053330151890094,485.6776792480319,120.25490812474168,0
230.51455433628382,49.889266338997764,472.9638705751631,122.56240199326989,0
229.68360488504766,49.96722090706732,479.97761527860587,117.35232807219033,0
229.70000440742515,49.81542131297712,483.6473290395064,114.46352250174249,0
232.66755649773376,50.024488879881275,478.1751392261755,122.65643516465695,0
228.70492364721042,50.090273438378375,474.3267414487201,118.29523425919014,0
230.918015422793,49.97977780543929,480.9672132010896,121.15783505323,0
229.48447855178705,49.97797670625861,481.958786848828,119.36812844032661,0
229.84143008693783,50.191453856989504,467.95215492238304,119.1778197445056,0
231.74449687951196,49.86573751953385,476.57453679668885,120.23717659679552,0
230.66634804309882,50.043506007592406,473.9976706857816,118.98465983870327,0
231.95187488241976,49.97598361540785,482.61137417518387,120.21959610923216,0
230.70642404433374,49.894282877803974,476.717703154777,119.7235434183222,0
229.67656281794171,49.869265988424615,475.50918001605737,121.05646447818026,0
228.00553404272614,49.97074321002563,487.3342834874628,122.79279341147179,0
229.9261286477815,49.98674763347856,478.13993425473086,122.29171660524011,0
229.97189878528363,49.90509690334732,478.40321893556126,116.35418387232703,0
230.15587195654913,49.87225190692149,473.2327733529622,117.528713719144,0
229.3884394265948,49.95275733501159,475.38845745817355,119.40160473987544,0
230.73017713376782,50.06100725205921,479.62007470571353,116.83484382845134,0
229.49178340418442,50.067803921251,484.7088832980622,121.01578165639927,0
228.64584344268945,49.98995653332883,471.2421021949834,118.68834875312822,0
229.03758794625486,49.94903520660105,485.0802474564701,118.95702221188621,0
230.84521438442798,50.17807834822047,471.48838862714206,120.20276776032439,0
231.74803107844878,50.02463139655845,484.9523165854599,117.49562994224007,0
230.5840448642669,49.91304075605547,475.86559554897605,117.12861212683636,0
230.79775174405387,49.88174518288239,476.8827112161279,118.21016087495467,0
230.9482825428655,49.9102998945825,480.2148155197786,122.965617371497,0
230.81150857432866,49.939011008313024,481.41092734583225,122.0446712528496,0
231.9208036036234,50.201843452425045,469.2906133063356,119.8108096028405,0
229.1390302424156,49.99199358074338,488.7075124802156,118.66838752447401,0
230.00917030164794,50.02533045860425,476.9989441749761,121.14710491658832,0
229.34977003299494,49.868261373305785,473.1381326506512,119.11054518063955,0
231.10712595559858,50.119540391205845,482.00059947308256,120.90852403772469,0
231.81165839585512,50.40946535097162,478.1875291273995,119.89745827885729,0
229.03491933132315,50.10580365694746,477.51827274437426,117.44892739591869,0
230.27202676689691,49.98323297961891,474.30719155297885,120.46539663123338,0
228.40741405198796,50.11021278040114,482.48961904601344,120.09803556101414,0
228.31325519981027,50.14289613299074,479.0303749697528,118.6739374225474,0
231.15630341682376,50.132766520017796,472.45209223239976,118.77964679066172,0
228.97946589262145,50.06501251834973,478.5800131746076,120.56729725153356,0
229.57050976143975,50.03116363477707,478.78068226835205,120.07689093716203,0
230.27763091103427,50.020094564637624,482.1117123633528,117.7608700355295,0
230.36930570180215,50.08554769205902,483.2609891419186,114.59791637007449,0
230.2800466684683,50.08498972547582,477.62205390615304,117.5845861274748,0
231.3661588300861,50.075150504310585,477.62327340713523,117.69205660447209,0
231.2905778204361,49.80081393702272,473.511713605927,122.04529920363733,0
230.2146380533505,50.06992886153022,477.3556190397829,118.68797163387282,0
229.49791019213518,50.06290532725753,480.60476737719875,121.37168355140713,0
230.4218766666968,50.12570244942378,481.8912991493231,121.56507843468673,0
231.14431882947378,49.913994990774206,479.6294242922302,120.99801110628817,0
229.37266305932857,49.98982885985698,488.01516216915826,117.40704726276704,0
231.145160074904,50.10349142540559,475.5984864214421,121.24803039050782,0
229.01688164839862,50.00220276167972,471.9675011749267,122.71816773333954,0
230.05768190754247,50.04471701660586,483.2794137969465,121.42627437988072,0
229.08607083674553,50.07185102870503,484.1391725183453,122.5380684193421,0
229.6020894384701,50.03214609675066,483.89972631282575,117.04762959013061,0
230.35890411736327,50.221006869535536,474.0492511873267,121.16306718179999,0
231.2543430905961,49.90824103480223,471.0436071523664,121.8086648401296,0
229.87381617880885,50.3105162072649,487.832298690166,119.54175444744165,0
230.17098285302572,49.92798532369499,482.67736282551783,116.73659895802174,0
230.38635383659332,50.075441405474635,476.6739034618945,119.70417494549822,0
231.1019784285565,50.07455032686615,477.32200445073386,121.80752091209735,0
229.26772843784988,50.051283763309364,483.5364473747445,117.65818914255988,0
230.36936992686645,49.967737427344105,485.5186964847611,122.46092470212483,0
230.89946946809158,50.11030182577564,472.2413499335015,121.25085397604947,0
229.95485653354612,50.02229448888926,484.6762756220806,122.90103112214595,0
230.58594841489176,50.108901679952076,479.65963984839345,121.63850635874665,0
230.22123806133197,49.95732266049024,484.9979895149416,118.79948899609094,0
232.26419249501114,49.99284385517107,475.9734266545677,124.02649214829995,0
229.60537103047463,50.124236025854614,488.01865693989055,119.20765818372251,0
231.43828389866027,49.96890064839086,474.5438206278658,123.52866442102174,0
232.038040776967,49.99495189516861,480.5786568315788,120.5378508620642,0
228.54261877890934,49.96654315803352,479.298074546812,122.34621978953699,0
230.50795730875262,50.10268377051457,470.7060931037207,122.1514693509407,0
230.45213525030903,50.05251573055782,477.4279134673625,117.55274230036346,0
231.04053826402935,50.14486498833528,476.8263122291567,120.8283953353249,0
229.5082363752629,49.997047641651804,484.42426736234125,119.3304368614407,0
230.61387483462454,50.00706626526458,479.9701400532849,122.31784097644956,0
228.88796329350174,50.21253878150576,479.61969737441893,119.07951972529735,0
231.63417801767076,50.07746989245492,485.12782825239054,118.41131848537168,0
228.42594319300267,49.93612630933842,479.55042666073433,123.92497222964181,0
230.2010311904426,50.00688170278569,476.490936080059,121.31237494605618,0
228.82835007463763,49.87528486423315,471.73902119465697,122.42199937442881,0
230.3581497346943,49.97340102104319,479.1182056022365,119.65791825259892,0
229.11760590460767,49.96806226966124,474.9887640854815,119.81554256983506,0
228.74930254596788,50.10704221346854,484.8053452651407,123.69585874770704,0
230.10868444633837,49.9335673237424,479.7881397412969,123.38801485308663,0
230.55129132365633,50.10320657963431,469.9369622017086,120.1420239886652,0
229.85167396105453,50.07663238524934,477.2279866701345,120.44585320108834,0
231.40841006236096,49.875760384759865,484.4128473684865,120.24245167807217,0
231.41815397197635,49.82485223450507,482.53912005172725,118.90902467498614,0
229.4217472795277,49.85753880058595,487.635736499122,119.72125205144327,0
230.7803974264751,49.88646938842006,473.30860146244623,119.22390447513065,0
229.55708406139757,49.926879017278786,479.79566492294316,121.90855810815697,0
230.4358152966688,50.113353996695544,490.42138823860114,122.18620447377111,0
230.21171839454283,49.81641044959405,477.27548819867206,122.18072319480117,0
229.77876628157685,49.929115435853554,479.60484383567183,119.43632099610898,0
229.93767211462938,50.05198710436378,477.6644956626623,117.56105865751815,0
230.51035578130885,50.22272795517383,479.6577851390127,121.35464420980193,0
229.3609507808586,49.89828003364293,492.7955043530685,120.02291713829572,0
229.442226139021,49.972741293825734,481.9184373319291,119.34525099009004,0
228.0184236057603,49.9524383241813,476.8485539848794,120.54367428412114,0
228.68556348758108,50.00735726144485,483.88530050621483,117.85110074560471,0
229.52570172457433,50.02221648711316,484.1739898569581,121.57344962499188,0
230.47978910144028,49.95091471422696,478.3919909485589,119.99456956871866,0
231.22653008285732,49.85354011155498,480.0449617767862,119.83079246608725,0
231.86001089629875,50.02793043016593,471.77556492172965,124.0798744946951,0
228.69041091676482,49.9757014699094,476.76341582454006,118.26369826159471,0
231.2993519797532,50.040963401672066,486.4827856382175,120.67509896552875,0
229.05817694124812,50.12309769979164,486.43592109079145,120.09866783382596,0
229.9213454037866,50.05567883550136,475.9565035007767,119.666432948046,0
230.97555060468855,50.042540081623585,483.3393008207292,117.6083037775694,0
228.45553064632074,49.95622096158981,475.58816900890076,121.1823066323608,0
229.33120733067858,49.88753601634937,480.81868337457365,118.633896930892,0
229.85019694760356,50.0912855260571,486.5534769358874,119.3279513764759,0
229.54758681381736,49.92461302486963,473.93920798282164,121.16337535407678,0
229.76298561605992,50.03914253567034,484.2311568726417,120.30332478985103,0
230.57754386791373,49.98123937252877,481.25051836775754,118.90590823502306,0
230.33045013974302,49.969007263560755,481.67114710324626,120.10452032524847,0
228.89197243509594,50.07645246077486,486.6413921195332,120.31083688078807,0
228.58038937918016,49.913391088339964,483.4692751444537,121.21630505606794,0
232.2592219400212,50.098162359063636,482.3844805792312,121.4138421514978,0
231.44998791331687,50.01747515325627,479.2439825912643,122.39330297923216,0
230.87193739869406,49.915315398790916,481.5825792918532,120.65407060015596,0
230.46690657573708,50.03342875409211,480.8765004065411,118.2755124095848,0
230.41753738803308,50.096439523136276,485.3053879066891,120.49284709734945,0
228.3680374992801,50.07461058779541,475.2391673228778,117.36153973171729,0
229.70452271746166,50.08169555201831,471.81092923045867,118.02505995041541,0
231.36337849265013,49.85461769486518,478.6460652558813,121.652091167541,0
230.50263722086345,49.9941811022448,482.17270106431005,119.43147147891705,0
230.85074441439946,50.00304914949052,483.44414945347023,117.33854929753107,0
230.10993865179387,50.061177869350416,488.9385100721086,121.36767252217528,0
229.5154021781785,50.01125261002893,474.3788982922505,119.09954175502185,0
229.8217922956802,49.89657519202163,488.4492199830493,120.81799539742305,0
231.13929136129278,49.920693895083325,478.83158361638067,123.50271490252844,0
230.2907929235602,50.011874791041066,486.80448120349655,119.68711527680559,0
230.09485346891637,50.06860923418791,478.4782976625339,118.83031081814325,0
229.6758308710116,49.89606215513381,463.1874345783493,117.29530630434287,0
230.0784855373679,49.99806561520644,480.2515428414029,120.37989788965817,0
230.04579840330123,49.97806507028466,482.83133713213505,116.92199701398019,0
230.72548969939197,49.97606693400757,489.2592239427942,121.61526630304013,0
228.70187713451645,50.001057178734634,478.0190129107328,120.99557868884071,0
231.8857807382509,49.914806337364475,475.7568388032816,120.1150211160106,0
230.80892662194594,50.11285008301991,486.8411564332656,121.61398839054085,0
230.5080974826356,50.07147020161784,474.11531494281763,121.73397700537541,0
229.26499956571143,50.048861732800745,480.48240966337585,120.28180443034118,0
229.25301940118732,49.80232360053741,482.9001885807626,121.27718452083795,0
228.30168418282062,50.114235203876206,492.4340520313291,120.66499709517171,0
229.89157698397514,49.914472450116804,480.4554050673599,118.5759502073593,0
229.48589994218204,50.05077582421351,481.0697764961909,123.10962190347253,0
230.807709960394,49.97273912452968,490.6498800423335,120.14394161366897,0
229.30073369445148,50.01917826271248,478.14230764020823,120.83272687738142,0
229.39677718266324,49.96699452443411,480.11599192484823,119.95688574225437,0
229.9943069359456,50.056782435612945,472.9532698665812,121.02547763872693,0
227.98442067982194,50.0204103698753,479.45719343960957,119.68041074370781,0
230.2349358972689,49.93368285810439,476.53485644360336,117.89062316039043,0
228.03135510325342,50.11874209801796,478.7913004051981,118.20930554230905,0
230.9496394271587,49.954357506511826,487.39211817361536,119.82903926964934,0
230.7276751928327,49.953182305334046,481.3545068301931,125.29240069850935,0
229.52314691445636,49.89877020752801,492.8222746992134,119.0484297311112,0
229.41944544698703,49.93821707685379,483.4638532962524,124.98901398974537,0
229.38520297173804,49.85480381246213,483.81581816755136,117.54677217847399,0
231.32032402416507,50.05096365228611,474.82074587277356,121.77484798248014,0
229.30250722638118,50.03938257159314,481.12214749152,120.21014055310623,0
231.07520677811104,50.039305840896425,478.7436982133404,122.09176215331735,0
229.80255510902978,50.007776069398425,481.5226991909711,118.22030977906475,0
228.8680961319859,50.11791847531664,479.3038755016001,117.86968874062153,0
229.201130387209,50.04084877289029,478.84713704290215,124.2178833412118,0
230.51905149825436,49.93071371484748,484.2408299435264,122.62969084783172,0
232.76054443275868,49.989022190780695,477.16528089406705,122.13448895773222,0
229.45692013328434,50.11145753589495,478.721715608288,120.12908858954546,0
229.7589407751299,49.98806687511005,469.87715695664184,120.81020469367176,0
231.2187372423935,50.19926650404652,482.50777566609287,122.77011917209873,0
228.64400099049735,49.88130901299749,479.8557167739851,124.02962799347853,0
230.64168886007934,49.96064992031091,482.4680013816262,117.40382165174424,0
230.09085827998234,49.964089134807196,477.5770935126292,120.28454671690064,0
231.32788197371607,50.083674254905425,478.4080502381757,122.49587723343762,0
229.6017266306884,49.97836604695091,486.2454131411458,122.4550835255126,0
230.16126897258795,50.18665322626842,468.4969108040858,119.30651072642584,0
230.80262369064397,49.96367255988079,479.13575334013944,119.38205725909722,0
230.81217341296178,50.079675607127754,471.9415667388552,117.87064672737795,0
230.25720083587484,49.94801679229902,474.20569834419774,121.6108026447413,0
230.22311049130593,50.073921580599375,476.06387743482804,122.05545826551236,0
231.4654813056265,50.01292875612403,477.8631820135909,119.73249084248306,0
231.96027645072073,50.050958260091406,481.9776202168277,120.97301822721073,0
231.57915110846946,50.14640458643655,477.70575741863007,116.9271489339477,0
228.47393943763154,49.97824850211423,472.05158290526094,125.26067443710357,0
231.81331627738678,49.94271417873664,473.45288824307084,119.60842570848686,0
231.58002515155076,49.974954804038155,489.76018490224976,121.52528868305626,0
229.55305652693488,50.07994061444674,480.7268110719772,123.7436499047411,0
230.13462052601176,49.98081519787547,478.9607762429688,121.58823398636156,0
230.85399143357924,49.9265997962761,481.37346582548065,121.04049720282897,0
229.30382107674254,49.9689722248514,477.35721285081206,117.24156105006855,0
229.6948626929538,50.00363983466292,483.0371620828169,116.67285615284727,0
231.8863276165732,50.1599501744396,480.79366454853005,122.3822703062349,0
230.2603885142839,50.03843261004915,487.92933748843643,122.42148007523926,0
230.88673982827564,50.06228160607068,470.45799776162687,118.09272846272464,0
228.40654927593195,50.053211379438764,490.9612517661004,121.98697264086942,0
228.88424281050453,49.882541741720175,481.87161568362757,120.98195895902565,0
230.12796930704138,50.23327819597685,486.1889018045191,117.5192383567218,0
229.08227204256892,50.18372189031914,479.46208871585833,121.0149870305033,0
231.54605216235535,50.06945151516128,478.1444351331451,118.66751115424289,0
230.33093116287506,50.14939058010858,479.04250584584975,119.15771193786746,0
230.28892128039428,50.07038062289212,480.9775500861505,120.81656780759683,0
232.21254534967161,49.72556380647568,480.90697657051714,119.16071603609578,0
230.54165301267207,49.82980978721273,480.75417133209095,122.70961846858584,0
229.80253008219134,50.019065137426715,476.60775197148837,119.05550669120669,0
230.1352564224209,49.897752638621796,476.76821776358634,118.6590515938513,0
230.7992919983589,50.16195086999391,473.1021971374934,117.73935507694641,0
228.7938577112044,50.010928113831284,484.50326146954876,119.76120818211415,0
229.10944416959768,50.158820338887125,481.4086778564697,119.67073918955693,0
231.84041626242137,50.0325411989769,482.716085980567,119.06194282197762,0
232.33631862318163,50.25953674623133,480.8914297221542,118.29708212024079,0
228.696969283559,49.96098217448909,479.3077746532055,120.03956830357937,0
228.44521075368783,49.892566792043496,478.48838505613,118.27210134134005,0
230.0144338419851,49.899020415347934,484.13892389523,120.10140678209501,0
230.13138565689422,49.870399477875026,475.5027065158097,122.78604076469458,0
229.5214312831544,50.07656258635893,478.57065825870967,122.57755010754747,0
229.7969831071123,49.958533713299396,485.01448029002614,121.44744939118637,0
229.90344698170824,49.95709241967884,475.9743646621102,118.15320716470055,0
229.7947421468363,49.90585958275662,483.5049002465319,123.36466957552685,0
230.90781732542678,49.94726059592052,484.54684789863467,119.24823467022348,0
229.89948760408362,50.036063579173025,474.9242243633903,123.14946079230529,0
229.1527632510609,50.023624457970286,484.75150799517394,117.3773160015066,0
228.2442599820285,50.074617187051224,474.44325521584204,117.94535979913572,0
231.02168685792532,49.959744149657745,472.7193947243471,120.3236175256924,0
227.7517509555981,50.08424250769974,484.27093908269666,120.0356721563529,0
228.83876910407383,50.06611131268898,475.88145940470076,123.1822082032857,0
229.9244125402002,50.032240155910976,475.62449301850745,121.53300065761591,0
231.74624108330536,50.068975671540834,481.4776201574224,119.85974786367274,0
230.96220680901794,50.00834901448781,482.31742669087225,116.80272828929895,0
229.99995725864142,50.09263152188875,482.07061171163474,117.38835087126958,0
230.3215347236594,50.102224727024826,479.5081408160768,119.44254146668054,0
229.14497500577207,49.94327132527069,486.3235820955004,119.50731091854924,0
231.5231037181768,50.00526334265296,480.2934653817376,118.77148091943145,0
229.7944490472934,49.95257227769485,481.5952832088618,121.0214593084515,0
230.2063576369853,50.18042878444945,484.6229941820672,121.36139607447609,0
229.62610381124034,49.98079472997337,483.25941791240217,122.81868655523887,0
229.60905988785527,50.027444405970265,483.78540307349687,119.48977977360401,0
231.5516459293283,49.93180418613466,471.1904041286681,120.12509707345502,0
230.3207003148307,50.098335347633174,484.45809951283644,119.82060494894262,0
230.3376584604373,49.8199349880891,490.6482641845669,123.344286295855,0
230.68290002805435,49.93157139287708,476.0667143393663,123.04127315408812,0
230.95725929594457,50.00373870374238,478.6077039339587,121.92876240996881,0
229.48034827401284,49.928807947833285,476.3625069753038,117.03630433434061,0
228.47436060381014,50.07546197450102,489.16259986765056,122.00557851822124,0
230.4566593303881,50.083119894253656,477.21847480285413,120.03205452291718,0
230.59400238505523,49.95358286134659,481.3068617495137,116.65275886794021,0
229.24166595383093,50.19121401517668,473.16089380831687,119.7062256896745,0
229.69877956318942,50.25836355325986,485.92227244396724,117.35048491725858,0
229.138637763593,49.985057230422605,489.7936863703233,119.28300569343598,0
229.5506063423282,50.07318813929631,479.9831622836544,124.38957177892703,0
231.77632448733397,49.7972502360533,477.9698493039925,117.44322924899296,0
228.58736208844633,50.0377633464399,489.49704207415095,121.98485747539475,0
231.67790987770093,50.155467691849466,475.7970286770925,120.49912093156358,0
229.8611240980697,50.104408819184684,473.46627983763267,118.69094850281073,0
229.42294185271396,49.981985228134754,476.7995508842411,121.90608700441034,0
230.2800376872734,50.009234966228796,480.80070700960414,119.2194222426591,0
230.8372360894715,49.916334785337476,478.1529735188107,120.61376126765151,0
231.39649244221096,50.07317867679172,482.1004389608686,122.49562728002134,0
229.41187058267218,50.007052252920374,473.229923253245,119.97632021126432,0
230.2040980962539,49.98896155054648,481.22504330642755,119.19524084261228,0
229.09454923978944,49.90754805133649,480.7686112268693,123.74993082109738,0
229.57024067030275,50.09337738253807,480.83457464329774,120.42126769050058,0
229.81002748849295,50.10771930948641,478.0612368145152,118.69238655439706,0
229.3540948538972,49.85711001699254,484.37380023210574,116.68584076629911,0
230.32378376997735,50.111410993664826,480.80649050465377,120.83453640965642,0
231.8526379849173,50.10659844361414,474.77493337367383,121.15947360365817,0
231.0812321889151,50.22964044124303,473.6167882895237,118.3975068561761,0
230.85554681035316,50.15745073081015,477.5768111820671,120.51130721626203,0
230.62613141439908,50.00446590102894,475.7377568634264,119.47859413429806,0
230.0516630994191,50.05716523672541,483.84267800006484,122.03951995819072,0
231.80285606625316,50.13849618124819,478.5058894739911,120.268751411426,0
229.02083399670906,49.977327401246015,480.6576228434336,118.4352508935203,0
231.26805689951283,49.86295776849436,477.7049538880602,117.83484392664417,0
230.4085286197469,50.01558152578891,468.6084819364223,120.43057985903476,0
228.7641457558693,49.89571269212422,482.8657305808625,118.31113447120121,0
229.42552202353343,49.90167826014382,478.60658674025143,118.57741788781851,0
228.78426184487742,50.01548137660382,488.8917340813912,117.82629135091716,0
229.75701763929632,50.027599008741305,488.10072870871653,115.63321532061136,0
230.12740121734902,49.99187285509038,472.88665543837527,121.24728895417996,0
230.05490917556747,50.10265283885053,470.9269792694251,121.99406475331058,0
229.45388124731446,50.099463821455764,487.8851995403232,121.41349007125834,0
229.7969529604992,50.11176136172695,488.50701953598684,120.38552991068543,0
230.92253395750808,50.086618531754766,472.35259099904175,122.40913515700446,0
230.30670879371738,50.10450896321352,475.2539628670928,120.65317913571538,0
229.63409855378694,49.987588873403624,475.1180320647685,117.8715904708285,0
229.65598843788663,49.947727256523336,468.78818017282725,120.29460592212082,0
230.05094840035784,50.1424661820735,489.14616851905276,122.1396834777527,0
229.8066362054456,50.10307260920229,482.1118183299621,122.04583674885005,0
230.92785256944208,50.03494799779764,477.0884376765859,120.72265645160935,0
230.83477481820563,50.231013871935865,491.0259271423758,120.35496915137922,0
228.50763313719094,50.116914435626235,477.1451748792619,114.58583378962578,0
231.77927700447339,49.961769339589374,487.77969016656664,118.80764198359441,0
231.38200039618178,50.00562290078599,482.8186486651039,121.32265551714178,0
231.22757428886894,50.08964034464495,478.84289525184016,120.02014826574573,0
231.81954023336002,49.90311335096792,480.14965468330695,119.41036616121633,0
230.56538344722068,49.9942971460989,480.14230967079897,120.7987609670708,0
231.6438775577043,50.10842547515409,484.47593311928,118.78973532492006,0
230.32296103303267,50.05862087897437,479.5151429443005,120.32072496599457,0
231.51375070040217,50.023825928162,485.83776231619123,121.43707491363772,0
229.68027034404145,50.21332233595521,477.589868893971,119.65562957784468,0
228.60329959277493,50.0340310612097,475.59905431744465,120.04425982184185,0
229.55226136833528,49.96343132636832,481.583953951383,121.66185783036687,0
230.28225030967158,49.967679337730395,476.22947105728105,118.85887847012472,0
231.83439407066717,50.074107259520176,475.9890419635845,118.12944067772227,0
229.43049610440127,50.197349531724036,479.4688040925947,121.16586411589843,0
230.1634287005312,50.03600215059854,479.34959062699045,122.97445470156433,0
229.36407613000043,50.137804058427974,482.61978540341187,122.44171744886737,0
229.1724153700789,50.02309659644472,480.27648250735115,122.40763047026326,0
229.4543079468013,50.07472210290325,481.4462154098824,122.13732094713977,0
229.51908186851878,50.02133913159111,479.3942252640942,117.95700588530067,0
229.83877570192104,50.06209896689387,473.81970518978295,119.95065025416474,0
230.86813356018095,49.98762294395536,490.6559314882801,117.48183442936417,0
231.3717223695726,50.05576710014986,478.5605516096898,120.50896809070433,0
230.1431450384996,49.99292516027231,479.8670009164022,120.65150712297527,0
230.39093697510788,49.96363593818543,470.42637262741437,117.49348952630062,0
227.40693292516795,50.02934369762448,480.60435333975056,120.64241272523883,0
229.5192037856478,49.91764047295384,476.04006638273006,121.53032628961864,0
228.76431427470575,50.05452970545428,475.52954652869704,119.32378760971297,0
230.52947639754163,50.11678971167783,483.21212005252704,121.83753157418926,0
228.889314242194,49.977429375506404,485.16816841871196,123.20261102883481,0
230.3848598987771,50.07088276515102,484.2723465766526,120.90713631396936,0
230.4615172279314,50.0056009524482,475.5575117704832,118.86090242912378,0
231.1401032720238,49.87302435778366,475.9044936375245,122.29851914908542,0
231.3522256878111,49.916897718272914,481.61636746648793,124.27290719303093,0
231.73529177081687,49.97949247482207,484.34207994406165,120.66089778109354,0
231.3730192274703,50.10044961518426,490.0045567646768,124.49938057285502,0
230.17272954266642,49.895972763303945,479.84497960591926,117.72774410162442,0
231.02567333367654,50.024846150388484,475.16435638061114,124.30643775558035,0
232.9613356627694,49.96355020126938,481.244282919588,117.88509807325221,0
230.39590338672264,50.04421148149101,478.15181461280326,120.50148714489309,0
229.6326868008204,49.80280923290939,474.24868212116655,117.34152388880041,0
230.11668849642436,50.14679728193327,478.6890878698337,119.38728843108423,0
229.65312775417166,49.88524467119319,485.3442399200543,114.57644485420869,0
228.96855423859805,49.99737716574706,479.1612236811638,121.90914223610758,0
228.7907273098333,50.0564352045144,485.13001737821037,122.37123518583816,0
229.81066083090386,50.03383923225969,478.6854801018569,116.11826918504275,0
229.74455227896513,49.94994001599094,478.00517735206927,122.6145252150781,0
231.46933287885284,49.998931968191,472.5140266824685,122.62361719934894,0
230.15355144774662,49.99763601068827,479.0397474198969,119.95985503412251,0
230.99305383128694,50.126459791155575,485.89000423436715,115.72563131566777,0
229.17539331697097,49.989358255171446,485.6151576294328,119.98784470675697,0
230.8607540898885,50.03061619824884,485.33166995776674,119.65868856868539,0
228.32997223280822,49.95644098452938,480.74651417020294,120.93538140630383,0
230.28745424664507,50.17003904527748,477.9533245556327,118.78024063356082,0
229.16002746930118,49.97387230894983,485.850975247822,119.44550221316653,0
231.10573415724835,50.13580491765812,478.53950918610013,121.23165105510388,0
229.55845595111265,50.01473097319948,474.1674780397227,120.31399517675365,0
229.84499212112982,49.8179224491577,487.19369724403816,117.96698690452331,0
228.3754767366116,49.95945014391861,479.4766605715197,121.69117583287745,0
229.11348954215345,50.15534855550785,475.944625835798,122.64030025380171,0
231.55565780148783,50.0840700173785,474.7762846468361,116.42624016641983,0
231.7373666611852,50.20403451148485,479.9510938962225,118.52709745500555,0
230.22636939329388,49.9999824793854,474.22731367388803,118.40532200516391,0
230.00679904612053,50.16541919335479,475.39506966943424,123.33166350963565,0
230.70819981216462,50.04747734678679,478.8818232719989,122.72863378128963,0
228.8636542702075,50.13782833903539,480.4718265231503,118.47223952950577,0
228.62620789927928,50.024499054029235,491.4570968708417,121.69981783683305,0
228.75106477403915,49.98820290419007,484.0594475317475,123.71163690267896,0
230.93716005283224,49.863687139914106,477.45923193762906,118.29110377877569,0
229.0137499679051,50.245353141113476,491.56820441775767,123.32861354557497,0
229.95555195513813,49.99783562150036,480.13099034377274,116.82184654113937,0
232.2847498657257,50.06440459510142,475.72141091905803,118.5682043772141,0
230.03360993702228,50.12748436560497,484.3430043152789,123.4396415836575,0
230.74193377874153,50.02029111545875,476.66979323747233,120.40145607689529,0
229.43251358381798,49.992030174196486,486.29726836445894,116.34144479861344,0
230.9734416529398,50.11284745763541,478.76182637639437,117.6361019774935,0
232.14408795848385,50.0641241017681,477.4293401955224,118.8128037578932,0
231.09748139969477,49.87195075216154,474.67674786048553,120.3808720769816,0
229.90699742403962,49.929445731954566,480.2419959457174,118.19140053133923,0
230.5117983242429,49.8820545977742,484.11466519759557,119.9156143312077,0
229.39973626873228,49.90814634145826,478.3751671560009,118.29677876809943,0
230.2386502534609,49.95482678545049,482.12653945747576,126.84256132538287,0
230.79391071292378,49.952020756304435,487.2832443313868,120.26676910336714,0
229.51378065388195,49.90430180287206,477.8804515844588,123.05816886844337,0
229.47613579817477,49.956591116114105,475.1010035528848,121.48540065777996,0
230.85503451493145,50.108780644572356,486.95447452000633,120.900489677814,0
229.08548961726783,50.01333007374386,477.9613780645602,121.30098101487998,0
229.4326864613943,50.03764482704632,477.349214219797,122.71296186730636,0
230.79109020013337,49.929534278654884,473.91915032566385,119.17953424880524,0
229.43853037354165,50.02500350665888,478.0083136453231,117.29130162239542,0
228.5810377062098,50.11740333005281,479.47007894302396,120.62923058176277,0
229.43701231872672,50.0088565253513,485.92620842234044,118.2625370684856,0
229.64795352853977,49.91041570709183,481.48050918264136,118.75945589161857,0
229.16419280804416,49.91574332539814,478.7170453302213,121.25254495420768,0
230.29769908936362,50.20868566685237,471.3819573759564,124.0405971200561,0
230.5306897773845,49.93192807839977,485.24846081396396,121.43111781634008,0
230.32156537788796,50.01683684297063,481.51119958462715,119.77152738410005,0
230.33481357994734,50.19297413852783,483.04788832416676,123.33467339546598,0
230.349646411064,50.10249223442095,485.46757606610754,120.04867905597594,0
230.86729556053734,49.963420657115655,475.2349605773171,120.38159853294864,0
228.47449775689603,50.056089464762074,488.94745167007034,121.54738112897559,0
229.1298760618112,49.8780116171109,479.39855506899704,118.64368600533517,0
229.6818962572347,50.04178405035235,482.6746669196503,118.81037115314953,0
230.81791531016668,49.80458304208118,468.73942278096973,121.35769293857531,0
229.54820417151274,49.89757718226332,483.47777401734305,121.2798287138222,0
228.87892772211632,49.80045019436258,478.9836118559618,124.74136923655931,0
230.16832545376678,49.959513672051266,471.25066265516045,121.52954417444008,0
228.41312162387737,50.03931598350964,477.41362806275765,115.35691464636042,0
231.99238957786852,49.97643500206439,479.5108796876805,119.04413428536164,0
229.89944271488858,50.08528081695678,483.0577816986843,122.12816466364016,0
229.58955626395579,50.08667996673899,481.9209383911612,119.34029658250641,0
230.52465608296947,50.03046318510579,481.8303554401475,117.48472639222386,0
230.17831767130733,49.994014110011584,465.1182078339732,123.51979668649925,0
229.2401630098157,50.02698654511416,474.76437516464244,117.20169982535148,0
229.99474160493588,50.15276464042315,480.31859830592515,122.22157273080548,0
231.003959963304,50.20542204767072,468.4117045123671,115.12338144555189,0
229.39082440118912,50.133739334088574,474.7828915111577,121.54821699304156,0
231.6690734377887,50.01582141130764,480.5751541775081,119.84844191758738,0
230.49304678015255,49.96570845444446,484.5156847689843,117.33684167079093,0
232.03727318043104,50.1006282717945,466.39616804185835,118.21543551949856,0
230.86397880390606,49.99661436474514,482.54750309612837,119.91383259550582,0
229.97058915271623,50.12956488701666,478.89881756041746,121.74774426064799,0
228.96605402451408,50.18383041089243,480.32309943512007,118.4337134171613,0
229.2167704725072,49.96853209755795,486.5465077335538,117.47224769527861,0
230.96613382668906,49.90393089326857,474.15980469536896,118.5738943628599,0
228.63910083992386,50.11251655479881,481.52390838116065,119.75914199401632,0
229.57616637006808,50.12341680401873,483.16574740119194,119.02332854289065,0
230.00934798082304,50.12027131922099,480.5063022409485,118.48431456145434,0
230.36387709241976,49.91431140970174,482.9543965074492,121.13985783110009,0
230.50542658291755,49.93179207341434,481.65808900071465,119.22646090676875,0
229.59406787289916,49.94108193922827,470.602906708053,118.77770201706389,0
232.1991363507186,50.07924137998037,479.4077139365369,120.22125756461472,0
230.19132758237475,49.97004727226632,477.1753623558062,123.99824703390664,0
230.87254683039595,50.11404399453503,478.58361904276273,122.04005636707285,0
230.85353198270727,49.949143626954466,471.64302248785606,120.17198218655476,0
232.01763875086908,50.011087258922245,477.5526619796086,121.07858091066987,0
228.54796819650258,49.9555271306809,487.25948118227103,122.34768012569238,0
230.68689837376473,49.891000576584226,481.8424696106358,122.5419950152114,0
229.96328757630457,49.92416135271144,484.31205017184806,121.6485456319823,0
230.12572573331127,50.03363448685572,482.0907165241392,120.16087673783896,0
228.61602869367937,50.21864241651825,479.34824646417104,119.51246956169692,0
230.76988305313918,50.053452909675215,478.20176847444435,119.11750725438806,0
228.0221836707221,49.94500831679596,478.7329606690034,118.78629738574818,0
228.92793567442797,50.08524291340985,481.04781559259226,122.84010816692961,0
231.30492017840874,49.98860775066203,476.40495556072386,119.62031879089594,0
231.59735878702463,50.00068054185954,474.9049234082719,118.81503704891314,0
230.82842736883902,50.15080868248743,469.354413162257,120.57520738410436,0
229.8626577327639,49.96474776614548,483.89053593398677,121.28824027587854,0
231.40088457575524,49.96900610856127,483.3176811547079,120.09928573220392,0
230.51792826593024,50.17191456864673,480.06683303536556,119.57152565135351,0
229.70163423708777,49.89927764389346,475.3032543212031,121.45074312066137,0
230.68500538013322,50.0614220733789,472.68833964327536,119.38374312008277,0
230.829566990414,49.93764000845309,488.4217945289641,120.48782497950914,0
229.83963458478684,50.05412506545608,481.1880113793708,120.21188619699758,0
231.83174987802002,50.20795217157969,479.2309643659531,122.95199722068914,0
231.41205397054688,50.008833792249774,472.1384230475242,116.94151527521262,0
229.66284218434262,49.99706692089047,478.8560738843713,123.89085794359303,0
230.13962566503992,50.04655787004829,476.6133772676682,122.61551229870035,0
230.32592152161322,50.09411428898359,483.7641403441155,116.36551059704685,0
231.8414013525496,49.93123373400337,475.45193568401703,122.67689200394997,0
230.37385758716124,50.004373891356714,475.8730447530616,119.67814307051167,0
229.04758127214157,50.06839327628167,479.2235208453973,118.29037460079977,0
229.84616109088944,49.84750850435999,480.6922629917203,115.22747684053316,0
231.49393453509813,49.89673364231762,485.7876488132894,119.18843986829157,0
231.10764688560442,49.98065287781816,478.3295609103426,119.07342431127294,0
229.75528387124461,50.061475547502965,477.49254698428194,122.94701669367329,0
228.08207027306034,49.99160685731112,489.2023018570953,121.82473125420884,0
231.37443496995445,49.94361336716224,481.96894940955826,119.07358220685967,0
228.7319851662059,50.137113457359355,485.07370950804324,123.90540152072609,0
230.4579151145708,49.91209703193299,481.6936872671364,123.3022020149231,0
231.93127150723595,50.079891346625885,481.8338369890537,117.83972265357251,0
229.05336124460393,50.175851512242566,469.9244824247894,120.36378077991469,0
229.30353123314742,49.89198952990578,482.7620963429284,119.6997337791407,0
229.55239923633067,49.8951638779031,474.47674526815734,122.29601449497395,0
228.33961522850896,50.037323913308384,477.76460637915505,119.52284897809572,0
230.583374627243,50.075853828081684,478.27827776770374,118.43465794058531,0
229.33951470346148,50.04043019119333,474.4864147449539,118.63476571281167,0
229.61937526784158,50.10695735335345,478.878035204465,121.9155921431774,0
231.05712847993757,50.02558054409649,485.0652754299235,122.42389504433947,0
229.33143675031297,50.05970931637176,482.2935200838078,119.95516274208197,0
231.02413570923056,50.05444978645284,479.547317751141,120.69441345625111,0
230.13518017770465,50.03708656552203,480.39334454794766,117.5991600435567,0
229.832258034366,50.06406302940832,480.83520261840255,123.94122057093638,0
229.3703138040752,50.04049206471996,485.04505484617874,119.79851199586534,0
229.6004028647081,49.82437910334291,478.0778912119199,121.58391937622049,0
229.15778295325427,50.14172279468408,484.7163308286862,124.73042101961862,0
229.63354880244876,50.10203511406199,475.14992106234206,121.0559951837258,0
231.39908575246938,49.94262883198782,486.16068286286935,119.33294495068199,0
233.12117551262472,49.91585692224726,466.6510746253252,119.76842210385675,0
229.23993073861973,50.098019654149944,482.1345724381526,120.11024388697008,0
229.61909622316048,49.89229551016618,486.71433816974803,119.15409210295151,0
231.11245820434235,50.061172136064584,472.89124982643915,118.62746782122794,0
230.19055236350206,50.16662245446893,478.0300203816095,121.29943010993844,0
229.36424097906007,50.00648057905447,482.5917683816192,121.16242412888725,0
231.19641965341626,50.09437598750313,471.8117618159872,120.60216971826124,0
230.52049856837226,49.87688093993517,476.6437446100506,123.85905326385735,0
230.6899195516987,50.08920692179038,475.4154166645752,123.90462387279771,0
232.10394899665084,49.90948086796881,481.7563977484528,121.9319839005482,0
229.67246939384623,49.93943767326604,481.5219121899693,122.75324941828372,0
230.00031300852544,49.95096396875631,477.22289619407303,116.58467005323745,0
230.40777235470887,50.076116519189945,471.38399382912434,118.39589983150755,0
229.7961830248083,50.04269228013176,484.1625353280645,119.65338732154075,0
231.78667043504421,50.00078257966518,474.3776997318041,119.23624739790381,0
228.94091335766464,50.058636464270656,474.95664504672095,119.35854032814018,0
230.8111061006121,50.07085981172696,477.71747140535894,122.9637738774837,0
230.0061401896776,49.93216196618734,478.40617742375264,122.71497209189013,0
230.0758920863724,50.06420111999723,478.4181454586297,122.36954374110417,0
229.59871069776338,49.93371802199106,484.3093349281181,116.56091280498505,0
228.03005221944125,50.14928488071158,485.3547517161599,118.48234868676172,0
231.58036158116485,49.98033402055715,483.01564126745313,122.56976846848787,0
230.91006188038267,50.006248709490215,485.03443166057326,119.68220730037909,0
231.04270161144612,50.13712718752095,483.10491937089915,116.54578958683003,0
230.53546914875233,49.972908106738025,481.8622103550237,118.51387791845605,0
231.02141435459473,50.0619043147132,470.6474641605416,117.91296465193363,0
230.83431062052006,49.97255887930477,483.9152344002907,122.50421924307625,0
231.72174074061815,50.113401225511936,481.88687023914406,118.03851749082501,0
230.3115097645353,50.00388335081312,472.4569649520419,119.74308527981978,0
230.41202154117207,50.017645612507614,474.5283018424279,119.02300215544739,0
229.71226517910014,50.09941014339501,493.00673885194544,119.06918551309526,0
231.1191505573012,49.900590133592175,482.8612379806142,121.22676592522913,0
230.73998481074207,49.96900779192908,479.8749510894625,117.9199866510639,0
229.82570694235304,50.026692899045116,486.16876531081186,117.19143323739694,0
229.63963359296918,49.95369698777405,483.3632180423076,121.13116723184645,0
231.28622672696693,49.96418066162791,477.78420670462566,118.31577671467295,0
230.2356850849987,50.09575841852187,475.48707471168086,120.25800997409254,0
231.87541414901872,50.12824304885709,476.99891093050866,116.11580619481948,0
231.50113831659831,49.92387815554217,483.46234832007417,123.25420643124828,0
229.6922962780338,49.79220270862468,479.9109700387853,120.8507438541441,0
230.6154941031193,50.070955667237946,479.7964209128352,119.95504997461647,0
230.59434842320155,49.97260739887755,479.7491199861807,118.46468386987226,0
230.0759147097485,50.04236031342344,472.2578921882478,120.76693787216965,0
228.71671387833572,50.13170181525549,490.39849789245255,123.93745727037188,0
229.17566192144253,49.901936863545345,486.93751858195856,122.091923044011,0
229.49855949094504,49.90559455519661,473.061355812976,121.7944207550252,0
229.7574097181627,50.21201388350784,482.274638598285,120.04495276199675,0
230.73746624478022,50.04733619342756,473.27038105261454,121.23458446256664,0
228.45148753785486,49.931973946193985,475.164840638033,118.5403389742151,0
229.5106156741564,49.934757892300205,482.0222686198387,121.60335948451493,0
231.48641878549333,49.97740140275818,474.2522948115518,118.10657155419281,0
231.36561078202877,49.97502444352259,475.94873180245054,119.75405583412427,0
229.9278116806717,49.958540016670874,485.6490239760364,120.38738861145504,0
229.97865977666405,50.03120460826264,478.8391641736877,117.80166816950647,0
229.66144715466064,50.21513059835297,476.9202584136221,119.44211637241814,0
227.71472677072623,50.00845221953029,480.75800756487087,120.98786219514385,0
230.8888858531602,49.87273043065479,474.9086413865236,118.32610188081232,0
231.24036334358226,49.98268378453096,480.57515532435264,120.2312259723549,0
230.85107598976714,49.98816817932356,476.72269088859287,119.40105188656173,0
230.12596941822065,49.886832866070954,483.3772043214851,117.73059057199134,0
229.91807484776004,50.099353370618,480.08480544157925,118.50181207403975,0
231.6927569873507,49.98375531066014,482.631532084453,122.73091943989071,0
230.51387525902388,50.048881319586535,478.25326119581064,118.69499124982731,0
229.62472534859987,49.92601708427396,484.01671914425856,122.43138178931241,0
229.81348651433478,50.04343461854574,472.44859671919716,122.49173991777037,0
229.7250595191991,50.022766385761,482.65020562429515,118.03322344941111,0
232.03871967041127,50.07180031982397,479.7914406574799,119.37940610260658,0
228.68429738656326,50.063248259819176,484.3052043196715,118.3685190706612,0
232.06195686226252,49.7571493679598,485.62301029093743,121.12078426083171,0
230.7947633653928,49.964444881229326,477.4756169353598,117.09391423704638,0
228.6499074110518,50.098835781841096,484.4936336346383,121.03746434156898,0
230.54361262784445,50.076585482582786,479.26047568001474,118.92487481935417,0
229.4834461443886,50.14862638650887,481.8564809210742,119.56530865532017,0
230.3595560838556,49.9295374627549,472.5717580800545,120.56195812181998,0
229.60098330103375,49.9972899337324,486.13997172448046,121.73897481857708,0
229.90833618043186,50.06655013848968,481.631747953828,118.04134303326553,0
230.1255382067312,49.9100810199949,486.94747946110596,119.52829564734779,0
228.91034036707765,49.87086913121635,480.2864014998252,120.96718998025786,0
229.51189211429713,50.04986038915262,484.75691334868253,120.03794004954243,0
229.804994071062,50.0015451032366,487.1835412856216,123.15031284495429,0
228.76832995532072,49.90229843559278,471.4875640331994,119.50201417935277,0
229.93278285080763,50.0073064984942,480.89178808955137,120.08179169453602,0
229.0661049960271,50.05982906591598,481.7393876382531,119.40305877120068,0
229.9669953637312,49.97492580383396,481.7565410902411,120.31123995522881,0
231.50990891633782,50.04099259055158,485.3615847846566,125.39645459852147,0
229.92795881658566,50.132511632401005,482.9379578240942,120.92653203327268,0
229.77218824817987,49.915854547134515,478.4630885605237,122.15591165278492,0
228.02472540034702,50.19990423108154,477.71649684023043,119.9435622243206,0
231.83241528766277,49.89968252419073,489.62279888689784,120.03930025351822,0
229.1461785135893,50.32117274939968,474.09645595112147,121.04854952137595,0
229.62814735260756,49.87552166347391,480.242047819921,117.93383852632195,0
230.1460461280358,50.163979048612774,476.03331230542113,121.00923098214514,0
230.51674507602547,49.95746343138777,488.8862458351732,119.69204009594021,0
231.2554418439125,50.09638611096287,476.09783955065507,122.06923120077025,0
231.61714477178757,49.98369314935613,482.6383480283089,122.40570330462019,0
229.28376212641442,50.119477439769916,478.2768533029074,118.79038177512048,0
230.40018114299548,50.05708397261013,477.07090410699374,119.4731900680346,0
230.32148024979426,50.094475490036,472.54561348770494,117.46369754058746,0
230.54326293392455,50.10978827194587,474.2163652006622,120.22350125037482,0
230.47873296624454,49.91809405033872,486.11230044919137,120.76379057986196,0
229.2549017014157,50.23419220136287,472.35370401642797,121.6282457924875,0
227.53015527540057,49.85234367466742,482.9311137241984,118.79405759965111,0
229.323133631711,49.9716187028227,479.1719260246132,122.5663812336948,0
229.87421013758163,49.90346970327553,469.2702041965777,117.15103814182822,0
229.36935989613892,50.04614547139853,476.3778627517902,117.78433754375936,0
228.86199440940376,50.09045366916353,479.7331399062264,121.15451518483981,0
231.13350865448524,50.07798139938018,483.11841622126764,121.25066715812939,0
229.60775310316134,50.037661948486175,474.739987917716,120.58170674833488,0
231.54281178685247,50.019142669645525,476.27377150564115,117.6906546782657,0
229.53852023270798,50.1643047964142,477.32307472353233,119.21059176163226,0
230.9816333766613,50.17883990982188,484.9657589908835,122.4172820138608,0
230.87848160508355,50.014576717036206,489.9740488613779,120.01263289814844,0
231.39964505038162,49.80663098025079,476.99461815202693,118.3254235324295,0
230.65229056177424,50.135094771014735,478.6273710867124,120.92675082390664,0
229.7000222233606,50.08171208442874,489.79935248911306,117.34294438383894,0
229.17455239767096,50.090526765744045,491.2248283614242,121.63368146829633,0
230.2866243384823,49.98299508242588,483.4333507893116,120.99332048085556,0
229.54626401172249,49.85005739721199,480.54369078592475,115.7578012585548,0
230.8172834244374,50.11758410968545,480.0334185664671,121.76207666969252,0
231.56424157806896,50.02232486482618,477.29430280912334,123.64470792297796,0
229.5939889880484,50.17052922474812,481.27503292103074,118.49394144589432,0
230.52083343045373,49.93220439668787,476.02072945170903,123.46900151168893,0
231.5273763403226,50.077521108466755,481.97150679297624,119.67119733079177,0
228.61379764154051,49.818545069925186,474.2386043666972,121.19766138787176,0
231.70026042208104,50.01099465766355,474.2967043482643,117.57862925245978,0
228.73796722588898,50.06492894411408,484.39102901443755,122.24135029649452,0
230.54116918028492,50.10274706703473,484.2728765877132,116.79497399125127,0
229.86398111797618,50.11606436064495,482.6966304210953,122.08651899702933,0
230.03774606754484,49.87563407344945,478.5480621957903,120.82338947297433,0
231.74212115693467,49.8150256854932,483.88103783035285,120.22624150480304,0
228.73007473020468,49.96810282221816,476.1539280490768,119.38458826277109,0
229.86998925590305,49.94668017140551,487.2117487537587,121.57147541255783,0
230.70638089192425,49.9205746049589,484.65072617693846,119.3783045700989,0
231.99297455859562,50.126400932673256,482.35811784857304,118.47093870743075,0
227.77911727453565,49.9887206117798,478.337610797391,118.59879306052068,0
229.5263500964686,49.9506256094336,477.88648421776315,121.14996154670466,0
228.91338905558743,50.04846489730098,485.7843063773554,117.5522128881935,0
232.2947272480804,49.96651628487265,479.30137385317,121.46624229172558,0
230.78909416020431,50.129484300306835,472.6227914605572,119.11623013286192,0
230.85003200553064,50.21056237654106,473.1581022946759,117.43837445823833,0
229.07926904891255,49.83370967087089,473.74716992015766,122.46163179996425,0
231.64353129094866,50.02401605871929,477.826222555815,117.5175706494928,0
230.22688433633698,50.02803372646569,473.10213847805437,122.45230196768462,0
229.16064326410742,49.9809270545885,477.10748049588017,116.42252326949404,0
229.13172632173,50.04863742655461,475.728364803882,121.82888561725404,0
230.78043166744226,50.09895531716222,478.15515895577585,122.37684701418995,0
230.64350682150476,50.08830208527061,481.4958048077838,122.69349671583397,0
230.49470223076452,50.01335176807792,474.17006258234625,120.60378591423739,0
231.0458596514708,50.10786588053029,476.52430088395096,120.04841593598167,0
230.05139725438562,50.12863700802559,479.2171385975648,120.02531167635772,0
229.8405803035198,50.20721707324977,483.04999413600166,122.99496683216259,0
229.75721247658757,50.08405091411567,480.2432751213513,118.01628753773007,0
230.6187355819163,50.0341099983437,479.13550557287823,121.30135735631592,0
230.07941837072056,50.09522821759674,474.6799619051223,117.12926131197081,0
231.25125363558482,50.1443268392064,489.40322619320045,119.9746171625729,0
231.24507013431298,50.13989221750863,493.54990304390185,124.67110982588244,0
230.5834022638321,49.879642176027744,487.85044863339675,121.45147528077766,0
230.62770335938495,49.9765583434515,473.44023852068653,120.95892963216596,0
230.25604611835462,49.96683354166398,475.3007427075094,121.78349282288244,0
231.1769385149929,50.103068843563605,480.9543782724388,118.55230360580356,0
230.50205337733496,49.92204652668878,485.61179896728333,119.26785529166384,0
229.41779507202833,50.151792528187144,483.6233358295221,120.65985733201057,0
229.58432599179147,49.98669477939457,482.2871741934773,118.20922406281383,0
230.63044218331132,50.13505128418621,471.70354837600377,120.58111262965662,0
230.69155270951214,50.01424978372537,479.1394853149592,120.38080595732899,0
230.127555848771,50.02053175657838,481.3777004590596,119.4599294621255,0
229.56095045646967,50.154956650324806,486.03020642562973,119.03338534184142,0
227.54779174279187,50.06159665709792,482.45922170963684,121.67427726009741,0
228.64917692092172,50.17108637320388,476.00953454056423,117.5387821771417,0
232.61882822884965,50.00235360756851,475.20607860577536,118.8294049065145,0
229.74520018623673,50.06411438458635,477.7738183184702,120.83668293375798,0
229.47955750163806,49.9264861255246,481.9554532301435,120.18246394567878,0
231.06875648179212,50.04513993834353,482.42661784322314,117.9979845605765,0
230.80272503571507,50.032499529993174,471.40352410942165,119.36023261192916,0
229.09374454024686,49.99191404031762,482.70074927893194,116.94236180496746,0
229.6831716671861,49.99562891249923,477.89445985850807,118.99889756419815,0
230.22989649055592,49.98787469213781,490.0984357264372,117.23136238811196,0
230.02049849706066,49.861873642446746,486.3845514449253,120.87474374827568,0
228.70722546900697,50.20306591658102,478.61331546909685,123.36421357488832,0
230.96259296361274,49.78611084588758,484.8415877223497,121.31913922961546,0
229.66304280776168,49.93190831023891,482.290236337117,117.90888889234672,0
230.12306556060116,50.002137066081154,476.91387845773943,119.54346583214858,0
231.56201612463485,50.289755524999336,482.90225148461315,121.84014764410973,0
228.70178086413603,50.08944597731367,479.9944016444223,118.42471897389945,0
229.15164256205395,50.08805601048287,477.96322891021237,117.47646159376654,0
230.63993994002888,50.029401533052685,489.04796686121017,121.82746520247436,0
229.2695465511956,49.98728383533055,474.904296701988,122.52474213378788,0
230.38582479235188,49.84753455638064,486.6800447973045,118.6660161092181,0
229.9898515590947,50.14472181331275,478.3243929487062,118.39566835137614,0
230.49778813101312,50.02989715569451,486.24815098720796,119.79187978200258,0
229.91961373783715,49.994945957222946,479.8208556534595,119.55371432873937,0
230.47427914296034,50.05817276516191,477.9776130780319,123.8221172050025,0
229.23339904805098,49.835758765682215,482.5887071671326,121.824222911911,0
231.143634454475,50.17721005049248,480.4153080693869,117.78129126119202,0
228.78834583406888,50.13748197895182,473.5356105277691,119.26329932730441,0
232.15535255775234,49.91343037093297,477.6792670139303,122.4865112194583,0
230.13768881565125,49.915546830832895,482.6701396994383,121.03423832230528,0
228.60095913581117,49.9068594358258,479.9393040346341,120.81465766971256,0
228.0706223659193,49.94268096060806,476.09491665371144,117.76236225826688,0
231.64240584701693,49.95948987440551,468.69008420258325,119.51350801121427,0
228.89410972529592,50.09625575288516,481.74757271197586,121.11397827111414,0
230.74968985989054,49.99926037948215,479.2364437231758,118.32094326599221,0
231.09045949824522,49.99155279937454,475.85805617448017,119.90173361379293,0
230.21666152111524,50.043590166389905,479.32731059109875,123.0469690170527,0
229.94970747978638,49.94844580919516,482.6871502599982,121.2929123074586,0
230.35106372962176,49.9236304497317,480.2681763913757,119.24084420843454,0
230.90269453955773,49.98229432700611,481.2058380122265,118.92501512345655,0
230.78959962565992,49.823775115069004,480.4216528398388,116.64919778636049,0
231.5738288235969,50.160144258062985,480.5887767486606,120.84426308873968,0
231.37656768288144,49.9678305451558,483.5958016804308,120.03846767693975,0
230.06963967315198,50.0496830229267,477.3301815132676,117.77411612945104,0
230.45564952426125,50.270349298965186,472.5729694443626,121.67154602633445,0
230.46450662909788,49.96765816202409,481.6990137343151,119.66865786099878,0
230.0910164522265,49.88342671237326,477.87641888916716,119.17098855982262,0
229.78535321699067,49.83447398606527,478.94500359698003,116.22278722543217,0
229.73275891149868,50.03458614788965,482.0207440412945,116.74771183385448,0
231.86466956229054,49.97158477621715,476.61803953817486,120.09473574377365,0
232.01799615696797,49.94002065617833,481.1256706769281,120.93290923304131,0
229.05742299022867,49.988277247280635,481.3602722976932,116.15966647198324,0
230.18398235541432,49.957889112594124,485.63040346256133,121.71886510464456,0
230.50853918907617,50.050110506672,477.6456490610537,117.64492458956364,0
230.1807931297322,49.872943687261696,476.5981698419454,120.40075279139931,0
228.6773793551554,50.04061045837379,482.25198764071814,119.47929989753654,0
228.02842773029758,50.12968731297125,478.25085096936647,115.81491030203927,0
229.52829553356275,50.075219420285805,478.6058331935583,119.42458809277838,0
230.57948943487702,49.87696589440128,473.48971856567846,120.9841341950369,0
230.01687188199668,50.0828426207017,479.35431799735903,119.33500695221672,0
230.91420003083917,49.98451185600207,481.7694738461433,119.885773646992,0
229.80995420174924,50.018527210546516,481.51808892439084,118.21936164851859,0
230.35890262449146,49.990641731651955,475.3715428865869,121.93443605004288,0
228.86677073353565,50.05054536279797,490.49002782149114,118.7707386700655,0
230.05454282950333,49.98664330283946,479.5234144655168,121.7353886981656,0
229.7338117045829,49.98793104394924,476.94567171057145,120.2304901928469,0
231.40802936696073,50.1098117857217,480.9503489757811,120.83838163991786,0
229.1654517206271,50.047020912306,473.07688570649054,119.52382394925566,0
230.61590602726756,50.05627389587031,478.70956417965044,120.31007720630323,0
231.6748755402379,50.08381316921447,476.8386776755292,123.27482432722344,0
229.5716774469735,49.99860799400411,480.95454961577457,122.46377689952558,0
229.80346519360248,50.134905692109264,473.51966724039806,123.83123070104094,0
229.28864128696247,50.07624138708961,466.7245978067487,120.29160076887915,0
231.86069923941486,50.105870344518486,482.21452777822765,118.11199990131954,0
230.2207441617874,49.864722265525444,483.2931600646495,123.68860983957079,0
229.39705348395333,49.890021071142556,471.3254956613655,117.87176505348626,0
229.6805873001944,50.126586761711934,486.10847086127995,123.11699056774358,0
229.56937828119476,50.04737098019753,474.8996452943067,119.58610148861025,0
229.97610148115228,50.20839773371283,485.182708080519,120.36282386095506,0
230.43381527335052,50.04467224831198,481.9403522984802,119.16763920019183,0
230.3378106894628,50.05530572630289,487.48443797695234,120.11603584144478,0
229.9476317093564,49.95590376076186,479.10488525861757,118.99891106620662,0
230.65484860709512,50.28363858164343,488.42286785238656,119.11288435282727,0
229.96047083910761,49.99203238271694,477.45723909384293,118.66819430437441,0
230.66231000921096,50.0205414186785,477.85566849083597,122.88408220100091,0
231.8878588329616,49.862404832512986,478.95777095535476,121.55354901860314,0
230.1585316255297,49.87770990756448,478.0355799145404,119.14692181676229,0
228.5887450487967,50.194841951561,486.5945260851424,116.93230786088519,0
230.10284869562767,50.16300227697807,478.1430098890002,119.8397308511044,0
230.8368267646417,50.19466944554186,477.5259911074455,115.00749799606089,0
229.3859483732895,49.94312603765514,478.08874225168444,118.19209843182131,0
230.49226330401854,50.10008801362389,473.20850986267806,117.82348416952895,0
229.49369505130267,50.09812062618393,486.781843597669,117.35275889807255,0
228.96357144805535,50.10773483961707,483.88890060156524,120.53590914671238,0
229.47067603571364,50.08073778359038,478.472813443744,120.66339786049646,0
228.62674518588463,50.18919324577641,480.7589091415073,120.18101648027495,0
229.79221437143866,50.02479351926921,482.64599017799287,120.82391051403742,0
230.1665760648845,50.22954265342743,484.5662108326148,117.03997519151378,0
230.795914116222,50.04314933750446,479.11693080075855,118.98968986567331,0
231.50724113105946,50.11785591389505,478.2802643084362,121.28752853940071,0
230.01039701410866,50.207998184586536,479.58916852625765,118.1223505544114,0
232.0576677708566,49.99381123708675,484.20318829562706,120.5494874925786,0
230.81424161886108,50.131764919878805,473.7384815684213,121.01803380321768,0
229.45924024290818,50.059811850263856,482.4201167934312,119.56064270896866,0
230.36199415884542,49.994350562893345,485.4364637035476,120.81876354326222,0
229.35682129630132,50.15330808897922,485.4957955679201,121.63185701262702,0
230.3560826695427,49.97446027177445,476.4541535140258,119.19740265825544,0
229.08508778784852,50.11121426707766,478.06906049572257,118.57453599819182,0
231.1641824643131,50.01466547887053,476.86222221317496,117.8288546680624,0
230.8201400173567,50.190250450786905,472.81440849612943,122.04034908481391,0
229.9813135304611,49.928818921458955,477.80627068335525,120.71804503404911,0
230.35959808648357,49.951441920179896,478.0800919050469,120.68277333544602,0
229.75289311711595,50.06747579441091,478.5268958133675,120.50694911321335,0
229.30163709405215,50.14106655298892,470.7073084452655,121.16926030231072,0
231.04865977879632,50.11660297215629,471.98219334734233,121.34427742727672,0
230.1380948605339,50.04647083844756,478.7288420376126,120.77507376420179,0
231.50294445219382,50.00041328031473,480.52894669542064,118.02014486497642,0
230.6334564209257,50.0833347354772,478.60470040099267,122.40816408617752,0
229.82737018255693,50.15464112053851,470.3199482258664,118.97065032806313,0
230.27762239229673,49.91340198802575,479.93921562751564,119.38303994911445,0
229.87192518831876,50.1899840346631,476.7326916609597,120.114580110007,0
231.90405650977362,50.174019609274254,481.67428589143384,117.85024619121364,0
230.37003719259013,50.02223838627825,486.0994267952182,121.90510336288096,0
230.60984956420052,49.886268652567026,486.60429864151126,119.64585625876597,0
231.3080850029702,49.843906609666206,478.53393069208613,114.25280149122642,0
230.47312861447054,49.90342447395242,472.4962189093046,120.6807592501888,0
230.0270066867573,49.98602949475785,485.0569654197453,124.22577006318772,0
228.37492807487746,50.042536654190016,473.6891154930576,120.40183333058494,0
232.0073394002717,50.013060915977285,485.1350568090615,121.07100060355424,0
230.58689634232806,49.89183805324939,483.5550051068588,117.59961143986936,0
230.3357300003921,50.090947480083855,483.83227606052526,121.17790806963006,0
229.7879414214075,50.071445511793655,477.63821853569607,121.95719509932044,0
229.48727279550135,50.25152698439603,474.4210216920243,117.32596604777166,0
229.99082319088407,49.9432135259335,478.9928870620415,119.8298285101379,0
229.06605354783218,49.998013914497136,481.31056250367305,118.45116372221423,0
228.91909055989075,49.99076905435552,479.38217122703753,117.49780353410854,0
229.0647543509225,50.141159958350876,478.6641867819375,119.27039611934794,0
228.80263766391883,50.20322959661191,470.18257348033404,118.46300514466155,0
231.31127717683972,50.13135196352815,484.32730830580545,119.15158898950287,0
228.9308740990317,50.040526024939,473.2536209540426,121.66267067333965,0
230.744204059669,50.06201367727243,487.3765203762604,122.2201913727502,0
229.7967990782245,50.05654356846185,479.8233113484175,118.1459315240699,0
229.2631509456449,50.00660722297137,476.1980949454448,119.03249250825095,0
229.54789823283724,49.88773931058039,483.91238697291675,121.8783483169366,0
228.90162297257336,49.91731809201727,483.93431474581877,116.55422492487652,0
232.27968466447217,49.90819697088033,481.2477417852908,120.70472279264781,0
231.5182771092619,50.072118821810086,482.02575962670363,118.71648001976286,0
229.16627524616672,49.98269958288112,485.2609330699678,118.61486503155629,0
228.5308987470428,50.003820214923124,486.19821412134786,122.62999347211245,0
231.03508808035784,50.13454183917497,473.82591153117244,123.52563956902554,0
227.9485409020357,50.031093689344836,478.17279020735936,119.09164906606088,0
232.76772652994285,50.122820142945926,485.64664238084487,121.12414135043866,0
228.79603073755123,49.8683304601183,484.4760956328665,116.78071833144689,0
230.28064329400965,50.02235453216584,480.8452238362619,120.53507105950978,0
229.36663986842078,50.0039436439146,480.5719781570967,120.96641896956207,0
229.43955606050744,50.02241015917779,484.68937265320534,120.2801494069802,0
229.3725771532393,50.154931867245125,485.1980572608431,123.02092879519569,0
230.90304362836616,50.0573305613068,483.22684449213233,116.98905912659262,0
228.87386259171842,50.05621906474355,477.67556921681813,120.29573975880068,0
230.5104434760813,50.18374174419089,485.26174479586086,119.5811582533506,0
228.7122870470008,50.05600192368246,485.862906880203,121.858486178005,0
229.74855366675072,49.759980857209456,478.89662672836874,114.35903647100088,0
230.31937069439005,49.867693425311224,483.21488810432027,122.43346956660463,0
231.0307642343545,50.148835132675586,480.65228974850515,120.39842254329758,0
229.79640436617814,49.88079616931979,475.438651681873,119.28225823250885,0
230.886412664904,49.82999810975349,487.5589299016736,118.8738970979385,0
230.8058469034519,50.199887441856404,477.52229171481963,118.7569948430515,0
229.86704118270632,49.79017119550384,487.7143581713166,118.31703041084705,0
229.0514985897689,49.97737115899098,472.99617137251033,123.25158989002604,0
230.82049441195616,50.14325191791862,483.8741098002848,118.73789805798896,0
229.61923076103662,50.06465617669532,478.36305777677586,121.9478784630062,0
231.30739227309718,50.1941667227304,472.8019271014139,123.08113239368754,0
229.02867658786565,49.99702371397461,493.98827925341965,121.83986068869145,0
230.9193456743347,49.98201263694146,484.13274232209096,120.53413653036421,0
229.64980159844706,49.93857599718926,486.4434393916132,120.75067444329063,0
230.82059338079773,50.15786482621978,487.5888089093525,118.89313282888168,0
231.02042220812032,50.11106411569696,482.5657185861327,116.7986601622608,0
230.46665589098723,50.0639008031468,481.7228842035045,121.38556742096694,0
230.13924950881253,50.17944231278061,477.12868366906497,120.88693778041902,0
228.85573883095472,49.919888370760816,477.81973881788974,122.0262644335572,0
228.72214556724356,49.87785177243347,478.26708179882604,121.93099397333354,0
229.31366011891217,49.93904901730717,480.33234062192577,118.48476409506728,0
228.52993589854222,50.0887146820881,473.22635327472005,119.57888707256491,0
230.34124823526898,50.00614383064823,479.0774350719499,122.72408009199438,0
229.7022595021317,49.96269118766627,478.0660931091572,121.47212584085501,0
230.14460574980853,50.06553055069741,479.92877132745684,119.84564266990654,0
230.75774015829467,50.040685048272955,476.97714813760746,118.12633220288183,0
230.49876143746354,50.12558750740754,476.50664021451365,117.47020584077347,0
229.59474988984365,49.93908004039184,479.2578117756898,121.29118922602366,0
229.6295818053749,50.03425840540665,488.12302658497407,118.54550071075379,0
229.49736526466373,50.13258455498855,477.6394916872147,123.1350560457242,0
231.59644671985353,49.95508668860193,484.9464789987789,119.64779088335099,0
228.03334968600052,50.025811530469575,478.28738911282585,120.15930388202531,0
229.61180524136617,49.951208318731275,487.7558200444389,121.41465326543772,0
229.61026632282196,49.98416362754556,477.05239584744464,117.87740621312042,0
228.6461241829576,49.93324403048308,483.38772547717514,120.48097935913752,0
228.2206267802151,50.098736790369266,479.95333433974776,122.46854504210967,0
229.84732708361665,49.979743345531354,481.1012229652854,119.82502923047761,0
230.5353481457362,49.912824775985804,476.5571566753546,117.96984724406586,0
229.98339316721714,50.07728575195592,477.1174681320321,118.11606678993272,0
227.60241041255236,50.041127382945156,475.2538272695792,120.21723402917621,0
229.4576348019454,50.02276751732747,483.2231430332774,120.04393623295279,0
232.09639229401682,50.01012205909204,477.99191878479763,118.98049136874839,0
227.6465202631363,49.8556055153316,483.3048418960086,120.54463018939839,0
230.68017850976983,49.933610842338005,486.9760586262489,122.90102077958379,0
232.65547475929225,49.9974933582715,481.5702048177966,119.6906017011249,0
230.3804479586373,50.063136538901546,490.66175262645584,119.32913803626451,0
228.71625486361768,49.9072265375632,483.15972147004305,120.78542201714755,0
230.26144568406346,50.060525689915096,472.84455629373855,122.39220421420526,0
230.7104456618077,50.11605691613564,479.7520316061637,118.88719184192979,0
229.3732592608929,50.07809467621994,475.178155488427,118.75497239361547,0
230.60748214756327,50.08327333402795,488.4107958151416,116.46429931794073,0
229.66535729036084,50.19539147702572,487.5978376525397,122.15203076749144,0
231.03235519552777,50.05049541537981,485.34430115003136,120.86381886633072,0
230.83940873601986,50.06078251856994,482.3542143254456,119.99079641240114,0
230.33354133160853,50.10786438306583,481.34515942430676,117.39061390536831,0
229.84827235145977,49.97961880741089,486.9918394843893,118.78925658999259,0
229.8924102699569,50.10066301153608,478.60423063376226,121.68925284952435,0
229.43684124892653,50.09868534136033,481.62329631214084,115.40323283066864,0
229.59301548482475,49.93764055273868,483.96412046964053,122.2191112019117,0
229.4882019424768,50.085328707642475,487.69057026592714,119.1366367689855,0
228.67230567055492,49.95442097282332,482.2145142941458,121.0958981289621,0
230.8866433959767,50.036354873055444,487.20195519511594,122.44649967394264,0
230.87821253534412,49.983987630458394,476.0870404308196,121.6922115566404,0
230.33010233385568,49.937666770990795,486.14772242144454,121.60562463484554,0
231.2162041981383,49.993058422116974,481.32323409024275,120.83619749412883,0
231.42092323809277,49.89419716190398,470.20770911313497,118.11567816298462,0
230.4500642253316,50.097767761727575,480.43471354344786,118.73805932610601,0
231.23068112235933,49.921324707919155,478.780413481987,118.9485327088283,0
230.5692045455403,49.86059600004499,478.67943422694157,120.22725292840384,0
230.10294628200796,49.894480085790114,479.9641005292834,119.960043685283,0
229.11698007890274,50.02128091892718,483.8920934475116,122.69100435347599,0
231.19216500777182,50.11521992210028,474.81323776823297,121.04257943302918,0
229.5120575439076,49.93609370969203,483.29522047129814,124.88185714493214,0
230.91544567616407,50.00601756099762,480.7362703131776,117.81188330957785,0
229.93526983342372,49.92169466764364,485.2226263588268,118.69482531680089,0
229.64472036320987,49.802452888097136,477.41520281101407,118.25504004279497,0
228.65733035598635,49.89342823702609,486.17937488497023,124.76045171843387,0
231.04706353093087,49.923938250654594,480.92153023524145,120.84355604239349,0
229.94797256150312,50.14010398287683,480.3512846801976,118.75029290817079,0
228.59894932660046,50.17804962759617,487.46807728236826,119.8165521754668,0
229.5837427739306,50.066137398256714,476.54633758980424,120.99508975539901,0
229.46696471584033,49.86498596133234,482.06141475180794,120.12557566759428,0
228.89680894073413,50.13706713401287,481.748425163765,120.05149268777835,0
229.4835099219922,50.02521164439608,487.70524651102124,119.57942173238874,0
231.04445738226212,50.02567648084495,482.79060930236994,122.18670364755731,0
230.98803026171578,50.114827290271116,475.9738005918236,119.99254017690704,0
230.9021889995954,50.040026575701454,478.14395700452127,123.10671963441455,0
230.20294965358798,49.83999254163774,477.6610656315858,120.13081256496785,0
231.259627668986,49.98229582140812,483.0341324020625,122.28987465447727,0
230.3469262132447,49.8568984394813,477.9878298117102,121.4294905933176,0
230.59173259100103,49.95843002296438,478.9838934662378,121.94588062900716,0
229.60565497917472,50.034952528452514,472.59319023363014,120.57796958720019,0
231.6248862368723,50.01273117303571,485.2255609195562,116.32986876665143,0
229.32574964895318,50.07535271966645,473.984282928986,118.81496542133283,0
230.07858065058656,50.01827673446593,472.71362037420613,119.77152225631471,0
229.80440059364616,50.01807187065497,474.12092932603167,116.85569180409614,0
229.82851157865062,50.03783150950313,474.76578506613157,120.89913596606867,0
230.2488329971935,49.76967986514811,473.03507004341014,119.26576451887058,0
231.55118869150226,50.04028810440628,481.7475322726793,120.20279303792437,0
231.6221918217118,50.215058943204,474.4332515090172,118.6778497330223,0
229.06669537175347,49.95781352824172,475.35841422671257,118.63435398841139,0
228.8146582254966,49.89426049196899,484.45927399008207,122.07102049542026,0
231.1626158161739,49.92990776165637,487.62476401106744,118.20896234337165,0
230.56073121900292,50.04167533927667,486.56913529662114,117.87118296504192,0
231.44565671010685,49.9942158867554,474.76046375707415,118.66239003716846,0
231.6572161244266,50.15254269710765,473.1297095095605,119.80619141409588,0
228.88344710129343,49.93479064106231,474.25385332212846,118.72317589331811,0
229.0994314322535,49.99476190109979,471.18686690281896,122.20692555190413,0
229.96189138580203,50.06626896157742,484.46603577804837,120.66581181544639,0
231.1963043491985,50.12466083253204,467.78965033114264,119.86021374641159,0
228.48533753979464,49.97722823869543,472.519606288672,119.83603635749117,0
229.4286926882778,50.15790130332919,483.08975650164075,117.5116004378763,0
229.98303218574105,50.18391242872751,473.7495326488047,120.81132411942053,0
231.8396940027859,49.97919502512676,478.0338360660909,121.56681368995896,0
230.00981482520626,49.91621299709774,482.9040456181792,120.62256064708725,0
230.10499369207488,50.02774160017665,469.9287338162124,117.26916295553521,0
229.0315862379641,50.183919482214534,487.785730140135,120.24217103610349,0
232.67453424149963,50.07142609159845,476.7468502437938,120.21056794236618,0
229.27020441330498,49.98842669416495,487.3215671686565,120.47693608358571,0
229.44243348583785,49.95053273498876,472.8963879600357,115.36565752710841,0
230.94655816219054,50.03459383260192,487.3466082789379,118.93128315123242,0
230.81675635884366,50.026295512227435,477.59172765709957,117.32640987821196,0
230.9642735647835,49.96113475686299,481.5841627662397,119.2468717429866,0
230.8542517648613,49.922914479219266,483.4704146886438,121.64290891868617,0
231.1558129224844,50.08902704929365,472.1976153702826,116.24705468597942,0
230.2055913930477,50.103929725322836,477.4494182518234,118.57016619671478,0
231.04478742491608,50.04532667135195,482.4629034073047,121.50845120962812,0
230.34919464457383,49.93574324552333,474.0334558703451,118.82307800441284,0
229.24290318628533,50.06564581030775,477.08629554297914,123.45727236168314,0
229.50672555095676,50.042098648864126,478.8628738002377,116.36374726786903,0
230.54965860128314,50.09576234409482,477.653846093207,119.4066495341813,0
229.64536242141259,50.030939096292535,475.42787982188213,120.96812947516767,0
230.8679558044913,49.950747707088006,471.20784669836524,121.89986706070542,0
229.0766366258011,49.83536693668283,485.8590305340577,115.62186048905627,0
228.6582957846864,50.0561707677308,483.1640768539622,119.21865682224474,0
228.7859323858986,50.151508409105176,481.62544763914576,118.61239354946652,0
230.03624811901716,50.08835437008696,483.99677589329997,122.68897818579335,0
229.56361814281067,50.142581260782336,471.8407291333711,121.11246847262008,0
229.7910448087089,50.00693558513922,474.33814346955575,122.8329713218312,0
229.72666464967702,50.01670598301457,475.9210067204514,117.68408608646266,0
231.09582481093443,49.90804479842978,475.65245723012896,116.41340076325385,0
231.48769481198093,50.03566965769122,476.0975774472287,119.78539182685796,0
230.00252868571866,50.04797312813245,479.4265992011054,121.15447941443406,0
229.6623030206366,50.09653378756357,475.36611066350974,118.45354022600428,0
229.0186814006332,49.96657672099606,483.3044189881527,121.62903945485937,0
230.09513081854308,49.97891156852932,479.49178900502363,121.82717444561813,0
230.70808318044044,49.96233005527416,481.17421080186597,119.26384020363176,0
229.9735302778182,50.02789581312838,473.1217174326036,119.09645389768812,0
227.64185576594022,50.098695602752336,484.787926508064,120.34821547865823,0
230.1757948181671,50.096028591666524,475.210795559676,115.86230087695382,0
230.01823570363078,49.76652518021913,475.348348126089,118.08542612919636,0
229.6466939564018,50.111700996821476,478.8634752741632,122.31224283115381,0
229.5396933046985,50.10460988023275,475.8544761923397,120.57893366133091,0
229.83320966830172,49.97339358214142,476.2319295974044,119.01405509279131,0
229.64103158678566,50.04765231850697,484.53148170781316,121.93627346361512,0
229.93979813473845,50.04638213099348,478.01831747788253,118.74600341771972,0
231.12869718183603,50.00916105691184,485.60438424495027,120.92720297088935,0
230.01369651278577,50.30508029174071,475.3933590596008,117.62600626489161,0
229.60743770140704,50.06051245033715,479.36634830552924,117.2157364020237,0
229.91060847284962,50.02754700325811,482.57441746622214,120.53430574103821,0
230.40067470915199,50.005953649431795,486.52770396576193,119.53711428190572,0
230.4668748131739,50.04152503688553,469.11660542658535,122.84288626439185,0
229.71484343137774,50.13116761418736,484.2019541937082,120.44736822980637,0
231.40370463842584,50.13881437045099,481.1459039095467,123.36982572290707,0
231.3048946207665,50.0497994968714,471.94608863238875,121.05618981183318,0
231.25401499376113,49.957882631744994,481.08395736729057,117.6256378207198,0
231.72498478341845,50.15363332631662,488.8020317674413,119.96451539094157,0
229.64621257826298,49.954695955409264,484.0336213898721,118.94271701714342,0
230.08361824048123,49.88441491966186,483.6049119224094,123.68123961984942,0
227.9444585233833,49.99288261216801,478.95381513657884,119.37513473020488,0
231.40018963908878,50.00284914371548,478.702840638305,118.64147305431688,0
231.67368528866044,50.17690210511067,483.1907480903609,118.39195292580416,0
229.88810707242683,50.08715912715549,487.4210011443832,121.64940475944866,0
229.91944372203693,49.93951390235279,478.18006561242885,119.52495144263882,0
230.899975188101,49.92791978271468,482.706453638928,122.87769751968862,0
233.57568126247241,50.03090555038175,480.45842541147096,118.43269629590625,0
230.39564736087536,50.11113219851931,471.2995266612501,119.29619432703822,0
229.88454496307838,50.09684343079296,480.58705021124734,120.36184256135253,0
230.67028058086942,49.909768954394664,487.05784851915683,119.22281500224587,0
228.99281029566566,50.180539382844735,481.50453293689066,122.09643595261556,0
230.96464359682165,50.017334470546196,477.4720683254408,121.99421673951909,0
230.61396900688197,50.12354522694971,483.625616423707,118.10359653574457,0
229.64977755036932,49.971114468186926,492.21362615624435,123.2059530060776,0
230.85702621657973,50.232709783394135,489.17614082973637,121.11511270472938,0
231.57131046859413,50.10902025668151,477.8677274818289,124.04817456177078,0
228.51223985289707,50.08830144878685,475.5275564456433,120.72303173917494,0
228.73120297291115,49.89408160599646,481.6997723690159,121.08270919733349,0
230.5612046973628,49.988493329391936,485.9483046487758,118.34293059140276,0
230.36824540666444,50.003985654758935,481.6584657204766,118.03312083514533,0
231.65812273210585,50.04931417592862,475.78618656792156,121.23859275676072,0
232.3108724840221,50.182730265640416,471.854765860985,121.68934993333488,0
229.5161434949673,50.16102744269357,483.82429902734503,121.45978290550782,0
230.76663992414322,49.8438772754259,472.8879267169311,120.20842286195845,0
230.16736624538606,49.960810755047355,474.4062469242053,122.28738732560313,0
230.37331556721008,50.0956393128336,480.308499080134,122.36084605792915,0
230.45631639025638,50.15243578959847,475.07428993552435,119.01064524877046,0
229.14801758785944,50.0574953991663,480.06984311179065,118.58828623470306,0
229.8316503377476,49.93801902600105,476.1546944885462,122.04942544658037,0
229.77478786711865,50.00402375089083,483.4937279927836,118.78343654835413,0
228.51790380570046,50.079835354089106,482.6735286381561,119.0927955937844,0
231.4418704488802,49.97079139597831,473.6964395049441,120.06066768407611,0
232.04856461685569,50.00568066054792,479.1914670769399,119.67840520711208,0
228.19937384998542,50.21169787735253,479.22218986727887,117.84646222562846,0
229.39065629029218,49.8934985889669,481.8798081010789,118.43085043423143,0
230.48972072638696,50.022163016133455,476.12559281668246,118.24035622860222,0
230.55578713244833,50.06613315779146,474.675345461238,118.42828626093008,0
229.00211524801193,49.98019577793241,486.93135636176044,119.0300355668687,0
228.76379609418285,50.09596558535896,487.5278317273786,120.79354080506087,0
229.17386899300908,49.93457694414864,467.379757733696,118.29497290387006,0
229.45771876461555,49.948243354640454,474.8602014549831,118.12303612213067,0
229.26391180380406,50.00105909464361,488.2275312005651,123.23581874847312,0
229.65012204985638,50.05442803009247,480.1516233127811,120.36633872172776,0
229.04782391136612,49.95258466700654,484.5554044615203,120.09021400034426,0
230.7789254334243,50.08206302225212,479.32018807951994,120.16173943014292,0
228.94660808087528,50.10425349106868,481.2148890373624,122.78326084962991,0
229.71492665892316,50.204286536615115,483.7817757721027,121.06596630161471,0
230.76248581631415,50.021287463440764,479.96647176393316,118.73432338940736,0
228.96019407197937,49.99643538557607,481.5457105219908,125.01832790269803,0
231.16695705773736,50.036505096487204,469.2338501715178,120.02437928550967,0
229.54509302277486,50.04084092665707,478.70703584236725,119.91318035729537,0
229.65147109488296,50.13903316622348,469.9512713788548,119.82977585191085,0
231.48064539369335,49.95503248524932,487.40533784018805,115.71612276504459,0
231.53119334994298,49.866160160793775,484.6006972522738,118.12518344599277,0
232.45314701305665,50.10579816519104,483.6479603601873,118.07986276356398,0
230.03877910443433,50.09658737616791,482.14481309463264,123.31487842012666,0
231.51019988654383,50.11140083561201,476.9243728843938,120.77148239930959,0
229.70621353610315,50.089463929684776,481.8533771851563,123.98237983877186,0
229.67823588114777,50.12431894809999,473.53221216217594,122.69319208829317,0
231.4119156693881,50.212766344374316,475.1137050904827,120.29154548323511,0
230.48840108275613,50.10294880523677,483.51831202618126,124.60632855056467,0
229.27960024955257,49.99729478649139,479.06062044691265,125.01084217120301,0
227.20410558233505,49.902105546955546,476.30438067755654,121.56288762814967,0
231.6022955590358,50.07709714486427,473.8137847349175,117.52588051705318,0
228.79214723391735,49.92549264656147,481.7874739634356,118.26604763967397,0
230.9019884842835,50.13138330769899,473.5743425694411,118.4843359587503,0
229.25337701093642,49.84210091783045,482.38115524371983,117.02393909497168,0
229.23643529604487,50.005569823456035,474.72615944545817,120.66545887376229,0
230.39315834095066,49.981531112231515,474.5223514206664,119.24560121152103,0
229.6496607402071,49.949258691887124,476.82649504118444,120.18748454020847,0
230.81654008523734,50.14488819060999,480.90409591286806,116.07655500806469,0
230.58304039426704,50.10687132562503,479.26600168742044,123.0971538765378,0
228.21536227102635,49.835091918036234,477.7041933582035,121.45716977698211,0
229.92943594667835,50.0221901679971,474.729511963582,119.65180559042659,0
230.63255426699814,49.91043931152731,479.78012971380286,119.4425344944338,0
232.22262446083639,49.98814334914864,483.43793020694295,120.14457505438577,0
230.6091377813415,50.13180207426669,479.7340492520327,117.92810355784415,0
230.67644034024536,49.831817508306706,473.35988471113757,121.5323423063838,0
229.68199889423568,49.87749483009396,475.47957628729847,120.11260443705552,0
230.8991778391375,49.877731660129655,482.4458251823343,118.68898161563533,0
228.92623727287904,50.07396360981945,478.9301819449705,122.85846319503031,0
230.90272730714528,49.84618637920706,482.25895127469596,119.34886517673762,0
230.65760065331602,49.91387970736437,480.2533093963775,120.2247986577171,0
229.38822286354608,50.10358359517928,485.2935883577997,124.32504011867397,0
230.18418823350308,49.94307283080099,477.3528103546422,120.64942526417725,0
230.94187493268453,49.74915152137283,482.59256063069347,119.33580372152282,0
230.5224045855186,49.93663375450634,478.13672587356143,122.21139515279653,0
227.09260659620253,49.96684554852419,471.80331421916406,114.82531429456193,0
231.1984501254941,49.912395377181724,486.06550972555357,114.62938471366016,0
229.60366543571837,49.90667279721135,477.96694728386245,118.44470825918158,0
231.7020155602457,50.215205491890394,486.21631569734217,120.15597975730948,0
229.27355623568081,49.995312557130134,472.04287564346066,120.387833896384,0
231.1288183690033,49.92659483601246,486.1894758956843,119.01425201254874,0
229.16866490827942,50.076799874199246,481.23140568155975,126.48285628035877,0
229.20231336191404,50.034971246816355,484.8016013023237,119.29344634238261,0
230.50654882365356,50.14236671000612,476.11413058980764,123.82688596516527,0
230.64917719757048,50.09084519751672,485.8196263266772,119.72924008506321,0
228.5809970097256,50.03576080363578,481.582572267504,120.97623083970706,0
230.77219673344933,50.01793126023179,490.52595262047015,119.77222001984057,0
229.90625157091677,49.98301627261355,473.64669206241024,116.78294918483941,0
230.7272512409848,50.09423513084057,476.6403258423346,117.77463733447432,0
230.5415756428704,49.9358432826191,477.5732119533189,119.1045878739973,0
230.87390856500926,49.996678916001194,485.5892762802999,123.09478299127795,0
231.0111098719048,50.07010097163667,487.6650866591694,122.84072746181853,0
230.24781593053706,49.85114045578696,463.7608408270291,119.15585243143855,0
229.85644239936025,49.899373647371625,478.08078917293966,120.70700022752666,0
230.61467093262735,50.02377935113769,480.679003517942,116.37443214216597,0
230.5374145266443,50.036593327753174,477.3758839620396,120.61313158882818,0
230.72851163094393,50.01792129916825,479.1202277201845,121.74551307928652,0
230.09526894320052,50.08619832255751,478.9197594851329,119.46307629536635,0
228.92948438901632,49.92704725598256,482.63476245936755,120.45672473361046,0
230.1123742779282,50.035926962644375,484.39760682987094,118.75052892918562,0
231.54989411018187,49.95408220871571,469.7139890876461,120.63559035283629,0
230.82941359507214,50.05773669177588,468.0735247749556,119.59120431478675,0
229.78551599946326,50.109791173528166,478.98418281379355,121.77515008885995,0
229.40247483421848,49.950040082505275,474.78993001806714,119.27662978402576,0
230.18247265090625,50.051029735742695,470.22567225876986,120.86234065465376,0
229.6102007846693,50.01390333409646,482.72160076714874,121.78862767697241,0
232.54800170158677,49.892241699007634,472.2740159501382,125.1799267127634,0
229.80017163417224,49.956305428329884,478.77445056205306,119.25577404749346,0
230.15439767468175,49.87749842260236,481.51478501937885,117.02209706302749,0
231.23977805168505,49.983060259124365,480.9734924688487,120.80940274937072,0
230.0819505923905,49.865889236908316,478.37417390579145,117.88813285286577,0
229.51978030538794,50.01382460496303,477.61425324365604,118.09272954533539,0
231.31541404746113,50.014349969721636,479.64241670584585,121.04982323791663,0
230.90349289130518,50.181525635141995,484.4211742298941,118.85820366202168,0
232.4977006681466,50.02876596635783,476.0191299310816,120.09565688843853,0
228.46652884042268,50.14479821510837,473.1603342373682,119.97434139028911,0
229.80988269344257,49.89125136425476,487.4431612803808,121.07678381449738,0
230.3161948615686,50.19042699118697,482.1176599801145,121.27676332464944,0
230.6074710754301,50.08327505618756,489.33022003719856,121.1530169802045,0
231.2246285438926,50.05013371555333,484.50784452000363,117.56476163738714,0
231.08367351823122,50.079536545752624,475.05069334569833,119.08611305761781,0
229.05052702957963,50.05413564318814,478.702584605249,123.78047030352887,0
228.7436117314383,50.09918169256624,482.3298296438054,119.10704635699847,0
228.92767128310342,49.89040928237264,476.8395568236467,122.54814972229184,0
229.30066564707607,50.19126375618011,482.27938105294135,121.43503288094976,0
229.7627346316,50.018626440797156,476.26615087385665,121.25311321181985,0
229.10054559530906,50.238391124777344,473.8709507035349,113.35548385919193,0
231.35313437632917,50.03900323484178,474.7293871806646,118.6893174172227,0
227.74123731404137,50.043636479896655,474.50240545873453,119.4388732268204,0
231.35446182369344,49.95150526476603,474.62319278647914,117.9175101482625,0
230.78348571609177,50.059587154352755,480.1531281190812,120.14032966286257,0
230.79554660150808,50.03000886096308,488.4481679947055,122.74311417283593,0
230.54374381936486,50.086280382818025,478.1152215479386,119.6670560943008,0
230.0952488525062,50.07355963913985,475.68348408851057,118.0378642161641,0
230.1128199044847,49.95152674325721,474.0548598278793,119.92559099247023,0
231.90849580601466,50.13555588968306,485.25884792754516,120.06005138402844,0
228.56730696973938,49.971523046319554,477.4848305215781,121.3273484203863,0
231.1278207810813,50.018163829179976,475.63654274877064,115.12147699121606,0
230.7392170238218,49.83014514773664,481.2846783427647,120.27707488346172,0
231.4782326799463,50.0616763770855,478.35572622334166,119.85649977581002,0
230.62178882779818,49.96253139121078,485.2360711865128,121.13781846667473,0
232.30426041965444,50.17509821419019,485.0844987607175,120.27354791075126,0
231.9942284282354,49.947068360026286,473.45426125527644,119.45289088292216,0
230.20783730265111,50.03819033507859,474.9015450968231,119.0930885557858,0
229.22917036488337,50.08059412147536,475.7999891362571,121.69593318596412,0
229.94803851729208,50.0178979022441,469.89215057067975,119.20490114696311,0
229.8110707863845,49.99544493883976,473.76082215288704,119.64256515299721,0
229.35701636888172,50.05863179019755,483.77485212271955,122.59708118282967,0
229.46780500640008,50.2188772504934,477.44148210498145,123.35751768423464,0
231.7052414346869,49.910517528384474,484.969424911886,120.54619380286411,0
229.16361917379083,50.03217399311838,483.1533515818891,118.76107065615737,0
230.7646288190636,49.950981189581555,468.77100314954646,121.17949401560175,0
230.9265111458532,49.88429738178388,473.91065722291074,116.81746179392545,0
231.96036793832133,50.039431441445956,483.0375226955776,116.51206598720964,0
231.00637828210463,50.212026518671614,488.0087362400861,121.4187811638016,0
230.69117029124507,50.13641064820801,479.8607012688861,118.90688156660451,0
230.12635989661356,49.906586374950145,471.9263536576945,118.0511863371926,0
231.5140583164474,50.074464196738845,476.29032431124637,118.85171143094176,0
228.79498559940595,49.98805671756126,485.7274870522551,116.98624340259423,0
229.56372714975416,50.066620870151375,479.49643118746917,120.85935414625324,0
228.96248888229877,50.07791168324415,479.47212283123525,123.38567340211225,0
229.90184022333676,50.06516719143797,490.82959919536404,116.41666211339646,0
230.94196525364129,50.01350694031301,476.8034629275304,119.53463913823795,0
230.57843042751674,50.10230722247303,478.35780423329675,118.90987875081846,0
229.41931548975552,49.97545418779261,480.5718537126391,122.08956659886101,0
231.0535590854522,50.045001988515956,472.9162617270044,119.05899182243071,0
230.73930244607374,50.00844145549655,475.437165204181,121.03928157954061,0
227.47420585619943,50.06008366898204,477.83599052875553,119.56131464390123,0
229.4304472564663,50.108726501748954,474.6440996176525,121.2765334684597,0
228.32030097713965,49.96727355836334,486.27865352981905,121.6547959534223,0
231.50659255203328,50.06400020444367,489.73952240436404,120.59839290696928,0
230.6729271982422,49.92964560944297,466.0748270082888,117.1216331208405,0
230.6753089812189,50.03389840773903,477.9982250573272,122.72802085980454,0
228.81648596060813,50.132632842460424,480.0749895646093,120.62583201237949,0
230.26704337142118,50.16835454262693,481.3374778169027,118.9957900683108,0
230.9767974909476,50.0353225506928,480.1392169647378,117.98898236362547,0
230.9331925605109,49.979496546801315,480.05941019491763,118.65550959133456,0
229.76724196118028,49.92225873021866,475.9781734433623,121.67092475032761,0
231.38226793666888,49.78022218499637,485.9036492335305,118.34328426420778,0
229.21331955656203,49.98949093100877,482.0026539574511,118.12561052999935,0
230.25939623265074,49.935622373933455,489.2946656622188,118.65628653020777,0
230.0936852777584,50.03085683163942,479.7492175339062,122.53920343755922,0
230.42876856890274,50.02251382323338,484.6169694030697,120.4660255245289,0
229.07085522130234,49.767158155278814,482.03644679724187,120.96281742132274,0
230.68265745198164,50.05569483218306,477.0093505303197,118.7739137427525,0
229.93852507844014,49.99827730040265,473.87670359988994,117.26853333261941,0
229.57466716562905,50.04515457450792,480.43820217828244,119.24375788905532,0
229.00209345692926,49.97242695184407,480.931726945139,121.71212100734002,0
229.39621964068775,49.97754428911651,481.0718179076643,120.09686644080477,0
229.44135316637028,50.18585415135572,474.03605655999144,116.81658050022833,0
230.17692861852137,50.04404021212196,474.8897952820139,122.51420038468137,0
231.27496306813458,49.942387279332266,485.5007374781201,120.63714926384145,0
230.36096227746924,49.974337867791355,474.42563705768094,123.09366030322109,0
230.87150151884623,50.07875241479133,482.69833235626174,120.94083709955741,0
230.04866357271936,49.93234955450379,478.35630781555983,122.97785323537194,0
228.44068847854658,50.03930103318593,478.52062815743403,122.68320204676161,0
231.3042627250581,50.1953701497957,478.3817636585399,120.94453713864318,0
230.79634001733572,50.07392161605739,477.1288225973244,119.10491895339818,0
231.25621022713878,50.085614373815496,469.3291199419737,121.06224414957202,0
230.94218282598285,50.143491613258824,475.03406237624745,120.82085430338206,0
231.56636998211337,50.018187973648544,478.15739403094307,121.064513057338,0
229.39596154292764,50.04664664501784,488.9439691883305,125.54198740206806,0
229.71058085749627,49.93401468293375,481.5459951868346,119.48949302646135,0
230.42067218028149,50.12694923176576,469.0609785464458,123.2165871178783,0
231.13354198143853,50.11407771672597,469.02915153335573,117.9448090427456,0
229.40584044505346,49.835012610322764,477.6104875024963,121.29281572304673,0
230.7824506320272,50.02132915874683,484.53189740855765,117.75978560117964,0
231.24093222042518,49.9616236171783,474.16977828977184,117.97999820865694,0
229.2645588465745,49.959700009947575,487.4115271907133,117.70417272596112,0
230.450127957201,49.98724832665146,487.00799548464965,119.36715724145542,0
230.6418306292441,49.91416435126697,484.61431995415666,120.85429298718759,0
230.80282567129458,50.028627469792596,475.0086093543925,121.83320920255089,0
230.84038973185798,50.00715296622391,476.53146060988155,123.54907623406649,0
229.86113924997673,49.96767526981769,478.40847185795684,117.38705680171545,0
228.65935511082486,50.10891330242007,483.3760165718615,119.85533158466873,0
230.19087209943973,50.265405742206575,479.4817558868145,121.26082541560625,0
230.7313512649447,50.186811981598524,480.4273060937918,120.60593489441398,0
230.23782756867638,50.059722704042514,481.0256716557033,117.33692862665458,0
231.27369755973325,50.08335574932072,480.3421023151797,118.02302488962617,0
231.0011657710792,49.992540314961666,476.9218186909218,119.85712404785367,0
229.69846919493415,50.150162917871675,472.12166542413746,117.6660258683044,0
229.09220342089142,50.077544747500426,480.7521679464985,119.9853538751214,0
228.8515706163946,50.09504154437056,486.5373159883769,116.8374988421431,0
230.1637198613413,49.964997107451254,477.16006723313075,120.66657587450544,0
230.1723868207877,49.99243001481642,485.39524070848637,118.01125674456874,0
231.28362901868923,49.98697059699959,478.3690699932331,122.99374762440934,0
229.60762473169527,50.07452903319113,481.87871097406446,123.22657196983741,0
231.28187808797009,50.115640914637716,486.7271997820082,119.12874615735048,0
231.28491118651414,49.85592648386601,476.22552207964526,122.17380182535939,0
229.43226709916533,50.0442837938628,486.70027214480695,120.67922696585676,0
230.43750262186984,50.00642430969308,478.8176963565329,115.67859198102245,0
231.2012246947625,50.20083429036897,483.06627717105016,123.1589094758515,0
229.6728010272968,49.81588979175853,475.1567167827599,120.93198203986928,0
230.70206361764272,49.97767441890601,484.6045331731874,121.97354893505025,0
230.49978285229645,49.9987673940154,480.91918481494105,122.55938332856744,0
230.70856188119464,50.01673027852519,478.74030702696564,122.5629944689886,0
230.5029362000255,50.11920081615026,481.6347129240357,121.34521731825191,0
230.49270026875993,49.873684163248335,489.82113904274206,118.00795810721041,0
229.83300622461786,50.064503735302594,478.52370916956653,123.53272356860292,0
229.25614170954563,49.93121163292405,478.6590507730292,118.95942509492977,0
229.91842146435494,49.94358850790276,481.7180405318577,119.42147168791264,0
230.9545777837218,49.96510043233721,478.47947890972694,120.66135775208144,0
230.66294376447073,50.10945497571355,491.57158824042585,119.99428883853368,0
231.60899255395654,49.88217248819638,481.359741802798,118.45059319275421,0
230.42893875264514,50.040344965343934,485.31636743736556,122.5939313926671,0
229.88664147571194,50.058768112939944,483.51259370562815,119.01075447245272,0
230.25091328687841,49.884999927511835,482.4352635236437,118.85323695315329,0
229.33468770941272,49.93833233091951,484.24913732853975,117.14518212224759,0
229.8660016978432,50.209703606025556,479.96954172122776,121.2476588114931,0
227.39367678142528,49.98125765734676,486.8434693371816,122.55663078270614,0
231.8221259402945,49.9414557692055,481.55557044194785,122.22890809267008,0
231.0852475586007,50.17475942280369,483.6065113757581,118.02947926342529,0
230.9241634025857,50.14361568947359,482.2181326079702,118.92209494423538,0
231.773814727106,50.151686722770144,483.1036247511064,119.7963282077732,0
229.34311659718574,49.89640706786292,482.0706703545036,122.27622723423974,0
230.46089075699328,50.02041391434703,473.699626864295,119.62247093902988,0
231.39963945831894,50.09687928970643,481.7410800097477,123.41778502697494,0
230.56001878736774,50.210264296810664,473.9261389849161,122.26704937035358,0
232.33655924914387,50.11752676282074,485.54263148928356,121.33635850802887,0
230.09342613878215,50.10391009130414,480.46689101991234,118.46285563534543,0
230.9137605558422,49.80709999697203,476.07270550929866,122.65946365908464,0
228.9312140279267,49.99819337937877,479.892431093921,116.33010060851747,0
231.02698611336194,50.202256659073214,478.1634613790148,119.9111524166146,0
230.63923476232273,49.99838760111155,482.70862637836615,119.4435226833315,0
231.82326622658138,49.89566574672232,472.6876166517433,117.81075510118825,0
230.74220310495866,50.01653086298094,475.6757589955374,119.85950622853741,0
230.7841294726883,50.0956586500052,483.4853203145734,119.2438098522056,0
231.2930757397474,49.92548944779956,474.1223835524958,118.08753853835168,0
232.0372489678325,49.779798204596126,479.4018716319092,119.10098311406207,0
229.95160391002395,49.91322615265723,483.73363041588897,120.38822382693051,0
228.8975060841752,50.020721454605116,490.9751931013467,118.95113062952298,0
227.94009851820866,49.91655579848114,481.85069179608956,121.51222438945078,0
231.00450330401048,50.04207271339378,484.06291992947615,119.01762543735077,0
230.3395658766823,50.05015229341737,482.9968765595231,117.12768134037745,0
231.70858251714924,49.91414251125707,483.81009747351084,116.83091892932445,0
230.31170730833512,50.03357908549317,478.8492008485703,118.03058066215651,0
230.76622357739112,50.12814993533608,477.91274500604595,121.28116760847495,0
230.35005047722058,50.13212616542822,483.8548742222293,119.39352846133484,0
231.24933947201507,49.879874754735084,483.48548127083563,117.29298760989205,0
229.4102342792489,50.07523966436549,483.53285444875934,120.37217161467406,0
229.8942244340713,49.874599711358684,486.20979635969326,120.21540697981447,0
228.96557523793606,49.93059933224893,470.13008283305675,120.74855766951329,0
228.116232467796,49.955268756060526,475.20150852281944,119.48152105547503,0
229.8289579890204,50.01635513893093,476.49208588667017,115.90820510029118,0
231.01805858247894,49.873847458995904,480.2081304845915,121.22095261882285,0
230.9188217236759,49.82084638768618,484.29283984710355,116.408430195354,0
229.64277776137803,50.08977921857771,488.03946830163346,120.03985909124214,0
229.17888835928113,50.048665903443435,483.1209823185623,118.56536021056621,0
229.94864915108107,50.148894710439656,479.77655022922295,119.66797890671391,0
228.41576585189532,50.097911479276384,491.37599094274316,122.11040582048558,0
229.53623844170812,49.9501213696347,473.4897929788005,122.88732920906749,0
231.41221233096553,49.957905265696134,480.3996116736674,116.28145570868143,0
231.13997862315068,49.989674587363155,472.0229326374123,124.07474582514881,0
230.5375970791045,50.140129990144985,481.22851660013055,119.1633707169449,0
228.3410704959833,49.99049355266137,471.76114443424217,121.95098117513683,0
229.25089594004697,50.14058315418141,480.6797416551307,121.73008525207342,0
228.90671547442338,49.944051027591314,473.88092932122447,116.85798309891511,0
230.25639691838012,50.176775719838744,476.07511994173376,120.73463530155036,0
229.05183218427575,49.90805314501939,489.72040306395934,118.86623492111404,0
230.1722712365069,49.98311827997595,478.85954538502654,120.08298412154541,0
231.06283852069774,49.92782545037897,488.28118262860755,116.12514742010019,0
229.66941624420642,50.07218398935979,479.7099108735748,118.01432915009205,0
230.14351123945323,49.98620304221154,476.08081759477005,116.70792553792602,0
231.21750326604234,49.77670259207362,480.1273669116306,121.87779925843442,0
230.40406182122595,49.94306541861362,483.66296325777796,119.6704043128183,0
230.5713167738758,49.987373001348175,481.741124172132,118.77334258443577,0
229.1418605524217,49.87726963366463,478.68119804711625,121.46777670753956,0
231.53077796895226,50.006984124675675,491.55702051576736,119.97765846569627,0
231.65920617323803,50.004776941621834,481.0521366705269,120.38035179032599,0
231.5445587017757,49.979300818417464,475.4122609031932,122.94794147231038,0
230.46020561373828,49.89684215734366,474.1634899435022,121.1521310142475,0
228.73345467039303,50.009396821577354,481.6856422049066,118.74053855115132,0
231.30443942553197,49.899712364130856,486.3247281226512,119.1795321748727,0
231.52827903606465,49.97837767409158,482.8136455908113,122.30915692132065,0
229.56864809946603,50.074349336815644,486.49258591081303,120.65454686280786,0
231.2114547145639,50.078079910399445,475.70102791296966,116.95838921387033,0
230.40890279248885,50.145563106431425,480.21025958502827,120.05689381010598,0
229.46146222696615,49.92212962684857,483.13327538256266,118.13608339476771,0
230.476203310782,50.16942879067171,476.1599298380087,126.20394245766589,0
230.8898106327144,50.05314229197841,488.71018702863705,117.22537953851683,0
230.39696545052013,50.02002568603723,481.2778250213809,118.84940905031118,0
230.33955001340456,50.172226593987794,480.52187153347114,123.5653122313779,0
230.3181799611183,50.114784656494265,472.66286923995295,119.83720883324958,0
230.7926872286832,50.03107711356046,475.9490726356235,115.6900459782898,0
231.20927848681015,49.87719056730468,475.75289696867287,119.21602907215089,0
229.80996571272624,50.060830439043826,481.51553882893126,120.35725250386906,0
229.08186638407804,49.928805988809835,483.7259456439136,116.67025273082038,0
230.89474372121916,50.08101238860032,478.5553732784815,122.07210114286765,0
229.46367672469762,49.75386027778428,484.0877624111722,114.40674515067076,0
230.1090517690942,49.91338905640145,481.3301177187007,119.91604000353117,0
230.33028807462549,50.10399568450619,486.91039419787927,121.10573525054784,0
227.91178205373083,50.14984341140184,481.3551133333547,120.09312627583526,0
228.87846486372368,50.061258373941975,477.7377956864958,118.10866895344361,0
231.12662855537903,49.96727149361048,479.23396105159776,118.98698598527261,0
230.83548738597665,50.029254557693385,478.7634474097973,121.17689262915906,0
230.18987543677534,49.8148373878458,485.3359000279693,122.64726755777393,0
231.80939859815913,50.18797059860735,477.1241637976769,121.340277378145,0
229.02856189522637,50.09096553135635,482.55751952433036,123.89161624214765,0
228.57375717696667,50.17452681503664,481.9156708594742,120.56878776940664,0
231.36001738992638,49.93605845698038,490.08700444898227,116.84577267155895,0
230.39894416215913,50.02882347954057,487.89006537786236,118.45007471991978,0
227.69317325352296,49.99962656898076,475.2303681503391,120.43820920526849,0
228.89833753421482,49.90677177561392,481.86969559354804,118.78588405421563,0
228.82577779981605,50.03884889856509,475.50537919330435,122.18303710414833,0
230.45004475569033,49.944589157866574,477.53033327899504,118.4295314270764,0
228.85455802176446,50.11856295249616,485.9544990806205,120.5217159267583,0
229.2023030595492,50.116423379504916,484.05941067177434,119.96433824333072,0
231.5125117289251,49.95489148572658,482.4870807172975,120.79195584490162,0
229.40979442764103,49.90660761355584,472.00712276799806,119.04098689156481,0
228.24751991786906,50.05057741072388,470.68878705737677,119.37184986733726,0
230.3131456835687,49.95211825186475,479.6001582766413,119.76733848756938,0
229.97907555140196,49.92566082034853,489.554116470055,117.33558001583287,0
229.0815319945519,50.07478082398337,478.9053501915211,124.32803249277949,0
229.27938442560756,49.91968260084207,476.54225053685195,117.99193972670841,0
228.86063253603658,50.044798593746,483.7676212358147,118.87934300965443,0
230.42128343376228,49.99102153359804,480.8277306926638,117.52161301244108,0
230.62623761788785,50.2226208627932,489.4553719570009,118.07362507120118,0
230.17389663022735,50.10190665617117,486.2664739941361,119.25741054838215,0
229.51222838202452,49.85846853188161,482.0716863746585,121.31122694195496,0
229.1395995418051,50.05811556379584,478.0043887341852,118.74931736847283,0
232.2760861916839,50.100349921423145,485.7557414517191,120.67712315663822,0
230.67385211751085,49.83170202321172,477.40979512301095,119.78994062621653,0
229.49285529420058,49.895514661013145,475.27154098593957,118.47884997961962,0
228.68112990854596,49.996499833256436,481.73357562026246,120.15853842653388,0
231.06001439317092,49.92810214877262,483.6245452214681,120.60447873680143,0
231.01465885979863,50.247835130682816,477.092406023839,119.18672812424948,0
231.48363454531926,50.01085965619708,481.3904915495672,117.859264937902,0
231.8549031548578,49.87234212520629,475.6904507361006,120.68613667535041,0
232.13355692388126,50.09196225902035,482.20735161702225,117.9166440540113,0
232.29605114565535,50.136060284075796,473.82199011911456,116.80673967666213,0
229.0996455585207,50.23212761019831,486.9577482108658,121.4090108833456,0
230.476393958556,49.95974239645447,488.07476195526147,122.69177236913413,0
231.06179748637967,49.840935551159376,481.48907634685685,119.91965228902788,0
230.81538327842463,49.92712058863289,481.0365797466457,119.5845737081533,0
233.3476379832057,49.93674592042691,478.39586687911003,121.64623340952555,0
232.4911874398717,50.03473295792753,475.13665509846237,122.98706359322037,0
229.68075491415064,49.967317678034526,477.3943652145453,118.40754895616739,0
231.27987170143095,49.94456530969744,488.4887180412876,116.96236251780681,0
229.77117568215593,50.0799740072273,475.08377936261945,116.1703578191979,0
231.1261668773684,49.77424473905885,480.68324536218233,119.56570966939663,0
230.90624771325614,49.953326616535136,471.20039026426275,120.33016641032124,0
230.24074039772114,49.96601017218529,481.57239623248967,121.79899218797763,0
230.13857811160238,50.16718719725772,482.8898499374157,118.7948775922384,0
231.35071791474894,49.95148656280775,489.34934902704987,120.55639337046765,0
229.55950790187697,50.00872191880042,486.026224498795,119.35173140890471,0
230.69712539013898,49.915535391121516,472.8336796487851,119.72240075225858,0
231.4428477245014,49.89037695873754,475.62359791484187,118.31258146785838,0
228.73767930122605,50.10136646151819,476.56534377663576,119.05458283339127,0
227.9324559027368,50.09118810851511,479.8863749102428,121.00002570248022,0
229.84113028984453,50.146029414997855,480.5380960581614,117.85510847919105,0
231.16422123184748,49.93798324991704,487.29616333756314,120.50466288370869,0
231.68560042545198,50.06461329946131,478.72783121232214,119.60969752850255,0
230.18090282229272,50.16132784325314,483.97343425184204,117.18080977601042,0
230.41284397603056,50.136375567690976,475.3146500546672,122.63836448174534,0
229.73684951625336,50.0302230905537,483.4395515329081,121.03436923464626,0
230.41774881423345,49.9935695224372,481.0741820843996,118.94891810126845,0
228.93079439851724,50.05729921621778,478.16225638694954,117.19355834993067,0
231.58223878687144,49.92360157263512,477.5919733100041,120.82658135220336,0
229.7099523466828,50.1918224922494,474.4320602171635,117.49533931461872,0
231.96639347781266,50.14424531421349,478.71790619092945,119.23781550004047,0
229.3622748995838,50.04676539820443,480.48371708015964,121.84401511277186,0
230.20549025486446,50.07463257978721,484.74657997061814,122.50154881545129,0
231.32551904786786,49.95072568147279,477.367357448655,120.770993699584,0
229.72065120642642,50.15342790799133,482.3409650249916,117.76563495188039,0
230.74469224849963,49.98370809237192,484.63168604267685,118.44527577032738,0
229.51150493180478,49.853494776797895,477.98492543527766,121.78370172924426,0
233.17495889744146,50.00688066880128,479.8418230574793,123.23610634326603,0
230.41127806792758,50.0383561664305,472.9976670141897,120.29777557722116,0
228.97603225239666,49.95745025272487,480.6050586297328,119.997752307093,0
229.50441772535902,50.04256908717262,479.6927387229277,126.5081090409819,0
230.61053165280254,49.88896874915494,476.60446430396047,119.53644382535133,0
230.18424294221475,49.923972302743,478.5447796667465,120.19799865097374,0
231.1101584862392,50.10868311402147,489.4465877883949,120.9400870191372,0
231.07655707603575,49.811544342542966,482.86751820471454,123.62403053803565,0
230.1594796684039,50.021480202332725,477.1459956821304,122.38903316612515,0
229.75707390685304,50.17904259659611,478.814103829286,124.3697614994109,0
229.62539299907763,49.970712042825255,478.3956544560031,118.85932441157104,0
230.1672642704048,50.08394947587051,482.5134543554073,120.45663650571639,0
230.04226910166733,50.096679259608194,480.61955277659683,116.50621272557377,0
230.5861845684801,50.13122088305501,471.93688340802066,119.23119779375686,0
230.48085485868512,49.99528264226464,473.79045107613246,117.8706109527319,0
229.46468141407135,50.0742874050076,480.4776248905927,116.91995383949278,0
232.0303545794704,49.89834824874501,487.55850460921226,119.74587006302023,0
232.329004121669,49.97573998407317,489.77082926156436,121.22034282168572,0
229.72070102423092,50.0141605658856,483.4506072706906,123.72972313812599,0
230.53023873051853,50.080641564810676,476.25268028926604,119.5610076354258,0
230.298395962194,50.07382422121889,485.62687366988655,118.62183925332165,0
231.64458269666306,49.92707577662466,489.28142391642405,120.96719555819065,0
230.9441143250206,49.89874395627834,480.5101827571206,121.31472067317088,0
230.45316851136104,50.006321370541386,487.925284456986,123.03688878837366,0
230.43743793188546,50.09838293463331,478.0757828615807,118.03522143457072,0
229.24070694029484,49.80371899122711,496.35412063920734,123.07944544022409,0
229.89863292890746,50.223265290023214,477.4049731821322,119.41528207576981,0
230.4346100754023,50.0651386882623,474.9656946201283,117.13776685547127,0
230.47928170619127,50.0011026052976,481.0562099349004,120.22458803896549,0
231.14200781203138,50.0294285369954,480.9983384994164,121.69389210976149,0
231.1024039402914,50.08725358522452,484.5666629433617,116.37444506843543,0
231.16365103534773,50.0685998121721,477.4611226759214,118.27397044106384,0
231.9910409706754,49.96556651382121,480.39727096104826,122.11867445772084,0
231.46630318474132,49.95046456544984,477.4442370663496,119.82596171415672,0
229.8036823231291,49.81947237615783,475.12273445471664,118.45979831862604,0
230.80848315307685,49.95561201432393,480.6467979943384,118.62513452438198,0
230.11511518671284,50.03764039758293,474.5920706743271,121.6654512688353,0
229.9105242954393,49.89952722809141,478.2265058288334,117.50566548912997,0
230.87618638137076,50.02111285372173,477.5073864362743,117.10250844021495,0
229.19857661658634,49.95629944561922,482.08806915162296,119.65046093856313,0
231.0227515287348,49.9570814660888,485.52010243830534,118.72707820972174,0
230.76749930643163,49.94273580990514,478.54872338216717,119.72587877340227,0
230.9896804127948,50.0720256448207,481.34859973781874,116.39153896738988,0
230.70472618395672,49.843359217495646,474.8298303216467,122.60095076510905,0
230.96098186149757,49.98092158274739,484.00912384579954,117.1893582846592,0
230.70153787990438,50.20193133783452,477.2787232075547,122.65015829323438,0
229.55261882384468,49.805511343857425,486.06317269077505,117.46319517962804,0
232.2901976476629,50.02267509256612,478.90840226535954,120.22138459384094,0
229.86498682983282,50.141045248525934,490.1722708829101,120.51647681613149,0
230.79970844542422,50.074502179218,481.47314829879156,121.46471306524593,0
231.09739820157515,49.84879899260961,480.2952464395017,119.34813571311798,0
230.6557636751395,49.88372049063439,482.339155421203,116.85885272742824,0
231.12352350013578,50.080861875471804,475.83254037423836,116.97817676434796,0
230.5699882952717,49.90706677020106,476.47843283018665,122.63622715342156,0
230.23166442058263,49.90228629993959,478.1453635357022,120.39941303714403,0
229.12356381030494,50.013594111040874,478.59175730599634,117.9744426033548,0
228.74739602313608,50.03551853822273,472.34066349199946,121.25537764400879,0
229.8208423402594,50.15420540921554,478.7495606007731,119.5365100212689,0
229.6721352668814,49.95065050208797,485.34777168463313,120.28833910490448,0
229.59625273653376,49.88750253145608,492.9315908288362,119.37285701712939,0
231.47097497405974,50.10992127617148,483.2756926145908,120.35147787126094,0
230.1968480936428,49.910634244630884,481.2785178396896,119.01326481847815,0
229.5362708583828,49.89659933943346,480.07425764444923,122.0339327414406,0
229.9899713687574,50.10961543459103,487.5550937987433,118.78977078283833,0
230.60561525406408,49.87807897620615,479.2515655592956,122.01923791760643,0
229.2837014187003,50.031393624755886,480.3645612529781,118.9922568380781,0
231.9253415928741,50.00358602294341,480.99400834394976,116.91756774352726,0
229.88510823207625,50.08896670432251,483.50560738417414,119.1482861641868,0
230.54904104341335,49.99366220333615,480.8790110398025,117.11697899833771,0
232.70514487311857,50.091102331365605,475.7503749542427,120.29860528642342,0
231.89176759205156,50.01063150366706,485.9744406430892,121.04576958128418,0
231.9587207340291,49.91649928196414,479.93545239352295,119.74037299892403,0
232.06085889793607,49.97311453432594,470.679574585923,119.49655404825472,0
229.25933069671464,50.08830571387453,479.2604407831703,115.9295174659939,0
229.80214215309815,49.967870775159135,474.5225005830809,118.10704856020676,0
229.96293784191158,49.96960263956398,481.14621299679345,117.20528615819441,0
230.9607052954265,49.82635376027182,477.42531689447276,122.59527389073462,0
232.01167500598305,49.84400027620204,471.6278609411231,120.1617417643767,0
232.44991582767813,49.95501330590619,484.2466502809226,118.86373879566959,0
230.0139838952722,49.8762985099072,484.6356135795509,118.34552139523907,0
230.85375963423238,50.17366796067478,477.1251040608777,121.53855816034371,0
229.61388491572367,50.042063825486295,473.94907442867714,119.6332188285013,0
230.43397782704807,49.9649532739294,479.87502748567516,121.15753044513127,0
229.84091415328672,50.006326013790684,479.7601456954349,118.51487950957248,0
231.20073228474408,50.03699450013341,479.2715153664864,115.90511130996617,0
229.34559642682763,49.859246669448595,479.26347968789366,121.84681458621003,0
231.10127623104688,50.16635124044844,486.5397048409796,119.74169029666304,0
230.3835446577298,50.074166539448164,475.04373948511665,119.21574445837481,0
230.88093928100287,49.9258423680905,475.52712656977525,120.21623995918621,0
229.98818400770642,50.08289532013689,481.92919227682097,120.57446865292746,0
230.50426754604842,49.953192453185686,481.5541458244136,119.3493094595449,0
228.75232220198833,49.80741750495391,479.97934190634345,117.72261121412869,0
229.88371337989182,50.04928260616109,469.4433244531292,118.73783818231236,0
231.0642364439088,50.10822686844902,484.3555597919987,122.60665231361133,0
230.77889425145938,50.055326527949795,487.1073388212653,119.07316842535624,0
230.09088154771,50.109156554624256,481.62216862494034,123.80021050611558,0
230.53049366847245,50.050569039223824,483.72479398658487,120.49806297094483,0
232.33046315214435,50.11155425992609,468.0907451607924,121.79739712391923,0
230.87829051148978,50.004860563474054,474.1409344209216,120.81018884552336,0
230.69204060000706,50.00729319893677,486.5751345805708,118.85917424182642,0
230.21631205705307,50.08808777621302,479.1893377509061,120.73596437041843,0
229.91681116340078,49.988112027056566,482.3230223686612,121.38408402761372,0
230.97406044519738,50.04119704935104,483.5127582522697,121.77183496288886,0
227.83606103933465,49.8949766780631,470.4646554725978,117.28582590179533,0
230.03830294343325,50.045410998074225,484.4359793979623,120.05828453934078,0
228.5433108078021,50.10549477688353,483.7830463057175,116.65330512534165,0
229.98335924441048,49.90975918395409,471.5726966795646,122.61973904437271,0
230.81055734450203,49.91409327769101,472.7533284641255,118.13120083196603,0
229.27788274672477,50.29544164874837,478.13253682256004,122.71358913542639,0
231.5650987068674,49.903269914194766,479.52495607507103,120.26961915922946,0
230.26341492882094,50.05267928331168,476.60486378873844,119.40601541857951,0
230.21474541544248,50.19343665497461,470.4919122192158,118.60884454348846,0
230.22840350509279,50.01527734977664,479.2798065649215,118.71538772683813,0
229.4198869123546,50.160219778952055,490.77117968112265,122.86649170660188,0
228.0941417906967,49.97720835128274,484.434614263385,120.01009569056814,0
227.69352264618072,50.0647737544225,480.5903420735251,117.32038382017033,0
229.36572047273316,50.208295980899265,479.2976948196423,119.67113912676692,0
232.20502225574913,50.141549423836494,477.86318066106713,120.36189145605293,0
229.35638723475753,50.11735505279281,491.25211798292344,118.60959536978358,0
229.1385995799079,50.07716767071648,479.51918801217187,120.38592077494421,0
230.95790073576543,50.07160922485823,486.25232169507893,120.54560689528688,0
229.6083788493444,50.13370352141044,477.92186736288926,119.95857253811249,0
229.21321600089564,49.913439003300596,483.1101763299884,119.65305232858272,0
229.77467541648952,50.15761733515132,482.14092777068373,120.42880736783451,0
230.53233844587206,50.123810306440944,481.31503874443837,121.00695411489706,0
231.3167346654506,50.018759254984346,479.17638844670006,118.67665208231578,0
228.93121057745324,50.017086378590704,478.242047802405,121.92303108089342,0
230.3263428333849,50.04996051035076,480.0422949832579,123.21549408085987,0
228.8599302258499,49.86099239100967,477.74563784106374,122.17267018813502,0
230.26052671445026,50.042159406544634,479.7191925094262,117.64990289474162,0
230.0680941743332,49.87860080958762,472.3784224555597,119.45298942564213,0
228.84503472742009,50.05489310687889,478.1636493943618,117.71300766455167,0
230.7185187084403,50.03240281016325,483.5785503083857,121.7936778115673,0
229.97324714524905,50.04736715598857,481.0906031707276,120.39526519721178,0
229.62814503151682,49.92756776764748,485.5670720276408,119.23098075417369,0
228.37003330631978,50.073633667250974,480.4150316733889,119.43517049858387,0
231.4737215460399,50.15571003606808,478.0374446098555,120.01167383520374,0
229.5600350501244,49.95677076486786,484.2049120490423,120.97683609923142,0
230.5069399475656,50.060436515775415,485.4142898769484,122.34050534552604,0
230.70452344531301,50.00700415767592,487.132170252711,119.27591798489034,0
229.7175692264596,50.02587281774511,481.92130563937866,121.27466111253733,0
230.87465339245728,49.990354046895405,478.3603173579146,119.57730633064374,0
230.1463011355023,50.04982231830851,480.2334095014523,121.28565064600296,0
229.74809430081856,49.96207500732653,476.7200471419476,122.24313817280408,0
230.66102082569785,50.13819342950782,487.5323190478375,120.11337935284187,0
229.75128837532026,50.0010844882367,477.66916092796464,121.01651959151687,0
227.89415743830568,49.96601414128696,487.4336634749919,120.13871017246777,0
232.14669363594112,50.068843565152385,471.81395187848386,116.06193084014856,0
231.52733850862796,50.04325673687411,474.68634197724276,123.45813889894636,0
229.10336907909405,49.946570760827456,494.92155989308355,118.80041236318169,0
229.92211098685155,50.07443861212663,479.0349598513108,118.86571196567161,0
229.9829173009897,50.261296877475104,479.14981109525144,120.59395804591459,0
230.82608380537388,49.963789737764316,489.0521672552076,120.30201709336743,0
230.2588381988667,50.113426476269375,488.44636135730315,117.40411162862613,0
230.13487290341632,49.936042692975334,478.434754140688,121.53936654310343,0
232.64204393807532,49.902439471828146,481.29733927134646,120.17555056791912,0
231.21758885985008,49.98088472291427,467.83380312258913,120.16382825355906,0
230.9140164744493,49.890208927364334,477.25237473504677,117.37216242807581,0
230.08930943286384,50.17055995497993,476.0332028027377,120.85321561134376,0
230.4861443069498,50.01750387389466,478.7818501423388,118.93126792913503,0
232.8145354779053,50.02421423597287,492.6421251111027,122.47292848912328,0
230.9496813237677,49.966251098187634,481.2362448835,122.73945449058087,0
229.51413917202188,50.19559704793175,484.28448678552144,120.75691452835211,0
231.0540027183528,50.044033417216944,480.6220104847336,121.1065241605959,0
230.5206407958863,50.105654240363,473.9219832253247,120.30861944347456,0
231.09018448570924,50.25037485978542,486.8718489652347,119.60847923491627,0
228.79888520006213,49.96167444707465,481.4246905018969,122.18640956075187,0
229.85708605159599,50.10765339765587,475.52765321403456,120.05600734613272,0
230.1460591484046,50.162946160171074,483.38114770897374,118.46133193968703,0
231.9326465575074,50.05149062939786,468.91272622216627,118.59431309542782,0
228.83114818775826,49.960943267047114,484.27939578077866,121.07877505204435,0
229.84010632017421,50.09821549758483,477.91772180043944,120.83644412218625,0
229.86293344775441,50.14694010482345,478.09488455685147,122.22058016690885,0
231.87449310536692,50.001179308371775,470.9707791080924,120.57514940383786,0
228.1270695561714,49.90021299917542,491.13197160284113,119.87083947027983,0
230.8223805927723,50.02473666108339,474.7916992545129,122.526809200133,0
229.43625469183422,49.98290760327142,474.6925952463162,121.75910915477344,0
230.32270766411827,50.104996929158084,475.24023518037274,118.82788622551244,0
229.93081049176945,49.851873878222655,484.7247639877977,118.72212609287241,0
230.00920351042197,50.06885552369641,478.8979148360502,119.14795019430942,0
230.08929818680045,49.84845004303633,479.4178152015387,122.61722088165676,0
229.11738612545668,50.0294030244713,485.41861237108355,120.54941805615634,0
230.12948202741256,50.05964506461493,479.556482502248,120.17507264842543,0
229.79390727740264,50.10338976219741,482.9175142877182,119.66324254952406,0
232.19095918425,50.02996137332214,485.24857778541326,121.71068568860491,0
230.77710272506397,50.13904428901729,481.7467990432039,118.69591083090154,0
229.89691534345832,49.9604265782258,481.5989696865855,119.31125352118097,0
228.35364952103765,50.066640132065075,479.95190593259326,123.78289397499904,0
230.2442712706611,49.94302804603887,485.10947800915653,121.04887203037637,0
228.26076520267273,49.90735708915998,488.1723329231064,118.27272220156595,0
231.09842003543412,49.96975480504206,477.8718400826673,121.35355205156937,0
231.1417912541869,50.01210603334115,474.7640569889508,118.02545053605976,0
228.80757211929406,49.93299079648843,482.08652668711727,121.66773177369471,0
232.33323648134913,50.09492632686891,482.1064420511223,122.72335100471471,0
229.69925046022234,50.16581737458243,477.4195591408494,118.96663832811981,0
231.67676717952597,49.869948609268405,474.3017293078399,121.25099239114219,0
229.62949055557826,50.080466028301714,485.9198213402648,120.40497920353971,0
232.02215707889678,50.41018130862011,484.174926566008,120.67871329512894,0
229.70044181985784,49.92334524473644,482.68133641835806,121.39426136648433,0
231.36080390476755,50.02865143235084,480.95284818312456,121.5252698081429,0
229.74708981295282,50.07350176434732,484.2351910423681,121.25798184246786,0
229.23945917870543,50.1837380888294,478.6441874533657,119.74889373565586,0
229.96356391517858,50.0693551344065,481.3703283306797,121.62277869062959,0
230.92587698932658,50.01954197187118,485.3460955653291,116.99782057197723,0
231.2094817596536,50.127317344861645,474.7592073045619,119.8983714833227,0
229.05035995270737,49.98453780817986,480.3613787041953,116.93146924515554,0
231.07686637766176,49.98412224910538,477.99338988945004,118.3600790764864,0
230.06191322000765,49.97509913818137,485.21998281697046,122.08000881214984,0
229.2196768202528,50.122719027344964,479.2284391827744,118.7136490505008,0
231.35202915646934,50.020020103037545,492.9651674159052,122.45133319555458,0
228.8322034613077,49.923999573977376,480.269749150189,122.35248583400752,0
230.2513558157613,50.07606728124722,477.04583653447867,117.85690350460773,0
230.59105495922017,49.95250676547311,472.5128850165243,116.82144539421148,0
231.26403637041815,50.172670142215395,473.28863836502086,118.41436561389622,0
229.63268881629548,49.90980320311837,481.00123326464427,121.6496781575292,0
231.55274823546463,49.99327938753554,481.04970944300385,121.49407510087678,0
228.97866331322075,49.898866087764056,485.2233234834104,120.0631934405613,0
231.29741778025206,49.998472503669284,474.8871379556506,118.42371600546477,0
230.6556444358658,50.07020811334858,466.93825484336617,122.82758298995992,0
230.75638985367536,50.138028258840635,480.7722988259659,120.45358218817594,0
230.9548763692454,49.98777694906342,482.68782359133377,118.91095106990889,0
231.45451775217086,50.0156654643869,488.73144959654957,120.49575192758876,0
231.61002259267448,50.01200919054587,474.40112959161223,121.83663551315807,0
229.06692635256545,50.00645441958236,476.2996651122955,120.29141549692159,0
231.59086146991024,50.03588334152982,486.51393728939286,121.27723636105898,0
229.12610166240526,50.011599331186616,474.7714256480592,122.81825298491403,0
230.81831435543035,50.08082722498915,468.7406876895309,118.08029896352805,0
230.02878509048307,50.03437641924004,479.5487792827394,120.79551798046276,0
230.6953754651509,49.961935995941346,471.4045173182105,119.90169843792069,0
228.81365672811296,50.05603051399705,494.241349811782,118.74247580689713,0
229.53707722599688,50.03518893547199,490.91569592271827,119.60988040353331,0
232.70647836417612,50.121446390466225,481.7535602971813,123.87239582056215,0
229.26343780419185,49.90227771393888,485.22185015464197,122.65446406503092,0
231.72676857275403,50.32249678206283,478.5590941981845,121.23897146351528,0
229.329586952127,49.94898257222967,478.5557698868374,121.09455527579998,0
229.28302242052914,49.75490202580299,486.2465246881941,121.52976878739044,0
230.42924170074915,50.11602519110479,483.3405811672196,121.76386954086799,0
230.3786774511838,50.109675516201904,474.21220220302087,120.00292771846496,0
230.31005409250787,50.12472372269556,480.661745294108,120.89025519750491,0
230.94613958030166,50.07682775975253,480.9537502394452,116.93211335642415,0
231.19451245274834,49.90179845564948,480.0460709936106,121.03387784573144,0
231.17921975003242,50.195472070137974,480.8420655209977,121.33685510376343,0
231.96126807475437,49.839742103427795,474.7309767886142,119.26782915533263,0
230.28938917584648,49.9453934794596,474.8575491350131,119.76645689351187,0
229.05518343576264,50.05004628988712,482.6654768350876,118.69083497929286,0
231.1261468383224,49.891447028792626,479.976845753314,120.07912559386864,0
229.57390198859807,50.01260412668131,482.7397201199922,119.2097845643702,0
232.123761300234,50.182063085439424,471.41360280547093,120.26287482963151,0
229.99850367080063,49.88171302963801,477.22572932586354,119.17610143172847,0
229.46767543153507,49.99205133833121,477.6282988353445,119.97359756431649,0
229.66371422678466,50.09660127051634,481.60985528017784,121.71535511989191,0
231.06937235020325,50.191924586146186,476.0189035336742,119.3353270345773,0
229.50687779633535,49.97445521219682,481.8956306361409,118.07515035416458,0
230.0681346274589,50.19028893588564,484.06308676056847,118.67014466485665,0
231.6377967672448,49.88712277796024,484.82810789995295,116.72859105758492,0
230.39501192492816,49.99890645162202,476.64420153141884,120.82021660084489,0
230.19447512540046,50.01577366434116,477.17811575797566,119.84541059089226,0
232.77588177227912,50.05552850236633,482.28243818938716,125.33520218810628,0
230.3059571362276,49.96683974780747,487.54726282572176,123.5555543270895,0
230.98208738740794,50.042393673638145,482.94043432207593,120.11504975063724,0
230.41830186391223,50.142705495322495,482.30434895110767,120.59264731969803,0
230.75110855871716,49.8573010200972,484.10819477839203,125.20344096338883,0
229.96498414445657,50.16833499980928,475.68299235130286,116.8860623990313,0
231.2131458325375,50.08100422115034,476.2175574488365,118.59731084461392,0
228.95870398372594,49.96652414142909,483.7037158400644,117.86081544900308,0
229.8352321587385,49.97355833541856,477.94890185918166,120.68431846164314,0
228.9299726094654,50.25703884275686,481.3409582102685,120.74432842725646,0
231.44670481207717,49.989784484623414,474.41342742652114,120.86606223831575,0
231.21256283810823,49.94228331156783,475.4879505142682,120.51467540689168,0
230.55984220775767,50.00215089942139,484.89298554685394,120.46333684235552,0
230.599495807715,50.02156588887633,476.34268595041294,121.24872058278645,0
231.92896964070482,49.989463142949376,480.0320001493729,120.1138567794995,0
231.48988317019004,50.200890636432625,479.67644464360575,120.25899065338099,0
229.07314398560035,50.013478761075206,475.8192828612465,117.40739031867997,0
229.08839279582426,50.28628115524484,476.36440178280264,121.52839932462362,0
231.73908226227778,49.94639892394027,484.7749452417125,121.67073622943089,0
229.52468215483935,50.057035954251724,473.56172838694204,122.01686567840099,0
229.00905926361872,49.88250883930276,474.129202451157,120.1817086858737,0
229.8480836997341,50.117421584118894,482.86216551138017,120.68499686255802,0
230.0821958231785,49.91093885023653,479.51773709437424,121.17205179701314,0
228.43088276440602,50.11558222645384,484.62825589411483,120.38054721136719,0
229.18652323771485,50.10513241034051,480.0528539957203,119.47699077652643,0
230.2155747835116,49.982264789682226,477.5350919502182,118.29171007233685,0
231.61730035084875,50.04159042616602,474.8907354882274,121.25789107515779,0
230.24966406168116,50.043035087741444,478.1996324595969,120.90972509346408,0
231.07079972126664,50.013411710750546,472.27729433480823,122.5841985684311,0
229.75643950787813,50.103321936640775,491.12498993015987,120.38882692411967,0
228.92839543925865,49.680078462670004,473.49844683035786,116.44525977447304,0
230.08699669368653,49.906736624050325,479.9548977026529,122.84814632972014,0
229.73245716612035,50.05454140859196,493.1326410094898,119.72126076087694,0
230.74213224732082,50.13757325701549,488.0841037175719,117.70971954875074,0
230.55937810935131,50.11481357330551,480.65930702493887,122.05685937456666,0
232.26703369756598,49.855538107910355,477.0754455479992,120.38286334956278,0
230.07751351870576,49.99884220387909,481.9043858989145,122.90721188320435,0
230.0524969261072,49.91892044774866,468.6626872773682,121.47720640121369,0
230.84315589845477,49.99480339589197,480.6552021847068,122.7855465617892,0
230.23858685883263,49.77141293297236,481.1145565039013,124.10730513008762,0
230.34009439560054,49.93529895580048,479.0374332576446,120.14204409392927,0
231.6962626303831,50.09932772619532,475.4479526721704,122.72921703806777,0
230.8799906785677,50.06511309641674,481.02625102736823,122.09630301116793,0
230.58782156525763,50.00710092274061,480.97974867960755,120.08318001600185,0
402.7625,87.53500000000001,840.0,210.0,1
402.7625,87.53500000000001,840.0,210.0,1
402.7625,87.53500000000001,840.0,210.0,1
402.7625,87.53500000000001,840.0,210.0,1
402.7625,87.53500000000001,840.0,210.0,1
402.7625,87.53500000000001,840.0,210.0,1
402.7625,87.53500000000001,840.0,210.0,1
402.7625,87.53500000000001,840.0,210.0,1
402.7625,87.53500000000001,840.0,210.0,1
402.7625,87.53500000000001,840.0,210.0,1
402.7625,87.53500000000001,840.0,210.0,1
402.7625,87.53500000000001,840.0,210.0,1
402.7625,87.53500000000001,840.0,210.0,1
402.7625,87.53500000000001,840.0,210.0,1
402.7625,87.53500000000001,840.0,210.0,1
402.7625,87.53500000000001,840.0,210.0,1
402.7625,87.53500000000001,840.0,210.0,1
402.7625,87.53500000000001,840.0,210.0,1
402.7625,87.53500000000001,840.0,210.0,1
402.7625,87.53500000000001,840.0,210.0,1
402.7625,87.53500000000001,840.0,210.0,1
402.7625,87.53500000000001,840.0,210.0,1
402.7625,87.53500000000001,840.0,210.0,1
402.7625,87.53500000000001,840.0,210.0,1
402.7625,87.53500000000001,840.0,210.0,1
402.7625,87.53500000000001,840.0,210.0,1
402.7625,87.53500000000001,840.0,210.0,1
402.7625,87.53500000000001,840.0,210.0,1
402.7625,87.53500000000001,840.0,210.0,1
402.7625,87.53500000000001,840.0,210.0,1
402.7625,87.53500000000001,840.0,210.0,1
402.7625,87.53500000000001,840.0,210.0,1
402.7625,87.53500000000001,840.0,210.0,1
402.7625,87.53500000000001,840.0,210.0,1
402.7625,87.53500000000001,840.0,210.0,1
402.7625,87.53500000000001,840.0,210.0,1
402.7625,87.53500000000001,840.0,210.0,1
402.7625,87.53500000000001,840.0,210.0,1
402.7625,87.53500000000001,840.0,210.0,1
402.7625,87.53500000000001,840.0,210.0,1
402.7625,87.53500000000001,840.0,210.0,1
402.7625,87.53500000000001,840.0,210.0,1
402.7625,87.53500000000001,840.0,210.0,1
402.7625,87.53500000000001,840.0,210.0,1
402.7625,87.53500000000001,840.0,210.0,1
402.7625,87.53500000000001,840.0,210.0,1
402.7625,87.53500000000001,840.0,210.0,1
402.7625,87.53500000000001,840.0,210.0,1
402.7625,87.53500000000001,840.0,210.0,1
402.7625,87.53500000000001,840.0,210.0,1
402.7625,87.53500000000001,840.0,210.0,1
402.7625,87.53500000000001,840.0,210.0,1
402.7625,87.53500000000001,840.0,210.0,1
402.7625,87.53500000000001,840.0,210.0,1
402.7625,87.53500000000001,840.0,210.0,1
402.7625,87.53500000000001,840.0,210.0,1
402.7625,87.53500000000001,840.0,210.0,1
402.7625,87.53500000000001,840.0,210.0,1
402.7625,87.53500000000001,840.0,210.0,1
402.7625,87.53500000000001,840.0,210.0,1
402.7625,87.53500000000001,840.0,210.0,1
402.7625,87.53500000000001,840.0,210.0,1
402.7625,87.53500000000001,840.0,210.0,1
402.7625,87.53500000000001,840.0,210.0,1
402.7625,87.53500000000001,840.0,210.0,1
402.7625,87.53500000000001,840.0,210.0,1
402.7625,87.53500000000001,840.0,210.0,1
402.7625,87.53500000000001,840.0,210.0,1
402.7625,87.53500000000001,840.0,210.0,1
402.7625,87.53500000000001,840.0,210.0,1
402.7625,87.53500000000001,840.0,210.0,1
402.7625,87.53500000000001,840.0,210.0,1
402.7625,87.53500000000001,840.0,210.0,1
402.7625,87.53500000000001,840.0,210.0,1
402.7625,87.53500000000001,840.0,210.0,1
402.7625,87.53500000000001,840.0,210.0,1
402.7625,87.53500000000001,840.0,210.0,1
402.7625,87.53500000000001,840.0,210.0,1
402.7625,87.53500000000001,840.0,210.0,1
402.7625,87.53500000000001,840.0,210.0,1
402.7625,87.53500000000001,840.0,210.0,1
402.7625,87.53500000000001,840.0,210.0,1
402.7625,87.53500000000001,840.0,210.0,1
402.7625,87.53500000000001,840.0,210.0,1
402.7625,87.53500000000001,840.0,210.0,1
402.7625,87.53500000000001,840.0,210.0,1
402.7625,87.53500000000001,840.0,210.0,1
402.7625,87.53500000000001,840.0,210.0,1
402.7625,87.53500000000001,840.0,210.0,1
402.7625,87.53500000000001,840.0,210.0,1
402.7625,87.53500000000001,840.0,210.0,1
402.7625,87.53500000000001,840.0,210.0,1
402.7625,87.53500000000001,840.0,210.0,1
402.7625,87.53500000000001,840.0,210.0,1
402.7625,87.53500000000001,840.0,210.0,1
402.7625,87.53500000000001,840.0,210.0,1
402.7625,87.53500000000001,840.0,210.0,1
402.7625,87.53500000000001,840.0,210.0,1
402.7625,87.53500000000001,840.0,210.0,1
402.7625,87.53500000000001,840.0,210.0,1
402.7625,87.53500000000001,840.0,210.0,1
402.7625,87.53500000000001,840.0,210.0,1
402.7625,87.53500000000001,840.0,210.0,1
402.7625,87.53500000000001,840.0,210.0,1
402.7625,87.53500000000001,840.0,210.0,1
402.7625,87.53500000000001,840.0,210.0,1
402.7625,87.53500000000001,840.0,210.0,1
402.7625,87.53500000000001,840.0,210.0,1
402.7625,87.53500000000001,840.0,210.0,1
402.7625,87.53500000000001,840.0,210.0,1
402.7625,87.53500000000001,840.0,210.0,1
402.7625,87.53500000000001,840.0,210.0,1
402.7625,87.53500000000001,840.0,210.0,1
402.7625,87.53500000000001,840.0,210.0,1
402.7625,87.53500000000001,840.0,210.0,1
402.7625,87.53500000000001,840.0,210.0,1
402.7625,87.53500000000001,840.0,210.0,1
402.7625,87.53500000000001,840.0,210.0,1
402.7625,87.53500000000001,840.0,210.0,1
402.7625,87.53500000000001,840.0,210.0,1
402.7625,87.53500000000001,840.0,210.0,1
402.7625,87.53500000000001,840.0,210.0,1
402.7625,87.53500000000001,840.0,210.0,1
402.7625,87.53500000000001,840.0,210.0,1
402.7625,87.53500000000001,840.0,210.0,1
402.7625,87.53500000000001,840.0,210.0,1
402.7625,87.53500000000001,840.0,210.0,1
402.7625,87.53500000000001,840.0,210.0,1
402.7625,87.53500000000001,840.0,210.0,1
402.7625,87.53500000000001,840.0,210.0,1
402.7625,87.53500000000001,840.0,210.0,1
402.7625,87.53500000000001,840.0,210.0,1
402.7625,87.53500000000001,840.0,210.0,1
402.7625,87.53500000000001,840.0,210.0,1
402.7625,87.53500000000001,840.0,210.0,1
402.7625,87.53500000000001,840.0,210.0,1
402.7625,87.53500000000001,840.0,210.0,1
402.7625,87.53500000000001,840.0,210.0,1
402.7625,87.53500000000001,840.0,210.0,1
402.7625,87.53500000000001,840.0,210.0,1
402.7625,87.53500000000001,840.0,210.0,1
402.7625,87.53500000000001,840.0,210.0,1
402.7625,87.53500000000001,840.0,210.0,1
402.7625,87.53500000000001,840.0,210.0,1
402.7625,87.53500000000001,840.0,210.0,1
402.7625,87.53500000000001,840.0,210.0,1
402.7625,87.53500000000001,840.0,210.0,1
402.7625,87.53500000000001,840.0,210.0,1
402.7625,87.53500000000001,840.0,210.0,1
402.7625,87.53500000000001,840.0,210.0,1
402.7625,87.53500000000001,840.0,210.0,1
402.7625,87.53500000000001,840.0,210.0,1
402.7625,87.53500000000001,840.0,210.0,1
402.7625,87.53500000000001,840.0,210.0,1
402.7625,87.53500000000001,840.0,210.0,1
402.7625,87.53500000000001,840.0,210.0,1
402.7625,87.53500000000001,840.0,210.0,1
402.7625,87.53500000000001,840.0,210.0,1
402.7625,87.53500000000001,840.0,210.0,1
402.7625,87.53500000000001,840.0,210.0,1
402.7625,87.53500000000001,840.0,210.0,1
402.7625,87.53500000000001,840.0,210.0,1
402.7625,87.53500000000001,840.0,210.0,1
402.7625,87.53500000000001,840.0,210.0,1
402.7625,87.53500000000001,840.0,210.0,1
402.7625,87.53500000000001,840.0,210.0,1
402.7625,87.53500000000001,840.0,210.0,1
402.7625,87.53500000000001,840.0,210.0,1
402.7625,87.53500000000001,840.0,210.0,1
402.7625,87.53500000000001,840.0,210.0,1
402.7625,87.53500000000001,840.0,210.0,1
402.7625,87.53500000000001,840.0,210.0,1
402.7625,87.53500000000001,840.0,210.0,1
402.7625,87.53500000000001,840.0,210.0,1
402.7625,87.53500000000001,840.0,210.0,1
402.7625,87.53500000000001,840.0,210.0,1
402.7625,87.53500000000001,840.0,210.0,1
402.7625,87.53500000000001,840.0,210.0,1
402.7625,87.53500000000001,840.0,210.0,1
402.7625,87.53500000000001,840.0,210.0,1
402.7625,87.53500000000001,840.0,210.0,1
402.7625,87.53500000000001,840.0,210.0,1
402.7625,87.53500000000001,840.0,210.0,1
402.7625,87.53500000000001,840.0,210.0,1
402.7625,87.53500000000001,840.0,210.0,1
402.7625,87.53500000000001,840.0,210.0,1
402.7625,87.53500000000001,840.0,210.0,1
402.7625,87.53500000000001,840.0,210.0,1
402.7625,87.53500000000001,840.0,210.0,1
402.7625,87.53500000000001,840.0,210.0,1
402.7625,87.53500000000001,840.0,210.0,1
402.7625,87.53500000000001,840.0,210.0,1
402.7625,87.53500000000001,840.0,210.0,1
402.7625,87.53500000000001,840.0,210.0,1
402.7625,87.53500000000001,840.0,210.0,1
402.7625,87.53500000000001,840.0,210.0,1
402.7625,87.53500000000001,840.0,210.0,1
402.7625,87.53500000000001,840.0,210.0,1
402.7625,87.53500000000001,840.0,210.0,1
402.7625,87.53500000000001,840.0,210.0,1
402.7625,87.53500000000001,840.0,210.0,1
402.7625,87.53500000000001,840.0,210.0,1
402.7625,87.53500000000001,840.0,210.0,1
402.7625,87.53500000000001,840.0,210.0,1
402.7625,87.53500000000001,840.0,210.0,1
402.7625,87.53500000000001,840.0,210.0,1
402.7625,87.53500000000001,840.0,210.0,1
402.7625,87.53500000000001,840.0,210.0,1
402.7625,87.53500000000001,840.0,210.0,1
402.7625,87.53500000000001,840.0,210.0,1
402.7625,87.53500000000001,840.0,210.0,1
402.7625,87.53500000000001,840.0,210.0,1
402.7625,87.53500000000001,840.0,210.0,1
402.7625,87.53500000000001,840.0,210.0,1
402.7625,87.53500000000001,840.0,210.0,1
402.7625,87.53500000000001,840.0,210.0,1
402.7625,87.53500000000001,840.0,210.0,1
402.7625,87.53500000000001,840.0,210.0,1
402.7625,87.53500000000001,840.0,210.0,1
402.7625,87.53500000000001,840.0,210.0,1
402.7625,87.53500000000001,840.0,210.0,1
402.7625,87.53500000000001,840.0,210.0,1
402.7625,87.53500000000001,840.0,210.0,1
402.7625,87.53500000000001,840.0,210.0,1
402.7625,87.53500000000001,840.0,210.0,1
402.7625,87.53500000000001,840.0,210.0,1
402.7625,87.53500000000001,840.0,210.0,1
402.7625,87.53500000000001,840.0,210.0,1
402.7625,87.53500000000001,840.0,210.0,1
402.7625,87.53500000000001,840.0,210.0,1
402.7625,87.53500000000001,840.0,210.0,1
402.7625,87.53500000000001,840.0,210.0,1
402.7625,87.53500000000001,840.0,210.0,1
402.7625,87.53500000000001,840.0,210.0,1
402.7625,87.53500000000001,840.0,210.0,1
402.7625,87.53500000000001,840.0,210.0,1
402.7625,87.53500000000001,840.0,210.0,1
402.7625,87.53500000000001,840.0,210.0,1
402.7625,87.53500000000001,840.0,210.0,1
402.7625,87.53500000000001,840.0,210.0,1
402.7625,87.53500000000001,840.0,210.0,1
402.7625,87.53500000000001,840.0,210.0,1
402.7625,87.53500000000001,840.0,210.0,1
402.7625,87.53500000000001,840.0,210.0,1
402.7625,87.53500000000001,840.0,210.0,1
402.7625,87.53500000000001,840.0,210.0,1
402.7625,87.53500000000001,840.0,210.0,1
402.7625,87.53500000000001,840.0,210.0,1
402.7625,87.53500000000001,840.0,210.0,1
402.7625,87.53500000000001,840.0,210.0,1
402.7625,87.53500000000001,840.0,210.0,1
402.7625,87.53500000000001,840.0,210.0,1
402.7625,87.53500000000001,840.0,210.0,1
402.7625,87.53500000000001,840.0,210.0,1
402.7625,87.53500000000001,840.0,210.0,1
402.7625,87.53500000000001,840.0,210.0,1
402.7625,87.53500000000001,840.0,210.0,1
402.7625,87.53500000000001,840.0,210.0,1
402.7625,87.53500000000001,840.0,210.0,1
402.7625,87.53500000000001,840.0,210.0,1
402.7625,87.53500000000001,840.0,210.0,1
402.7625,87.53500000000001,840.0,210.0,1
402.7625,87.53500000000001,840.0,210.0,1
402.7625,87.53500000000001,840.0,210.0,1
402.7625,87.53500000000001,840.0,210.0,1
402.7625,87.53500000000001,840.0,210.0,1
402.7625,87.53500000000001,840.0,210.0,1
402.7625,87.53500000000001,840.0,210.0,1
402.7625,87.53500000000001,840.0,210.0,1
402.7625,87.53500000000001,840.0,210.0,1
402.7625,87.53500000000001,840.0,210.0,1
402.7625,87.53500000000001,840.0,210.0,1
402.7625,87.53500000000001,840.0,210.0,1
402.7625,87.53500000000001,840.0,210.0,1
402.7625,87.53500000000001,840.0,210.0,1
402.7625,87.53500000000001,840.0,210.0,1
402.7625,87.53500000000001,840.0,210.0,1
402.7625,87.53500000000001,840.0,210.0,1
402.7625,87.53500000000001,840.0,210.0,1
402.7625,87.53500000000001,840.0,210.0,1
402.7625,87.53500000000001,840.0,210.0,1
402.7625,87.53500000000001,840.0,210.0,1
402.7625,87.53500000000001,840.0,210.0,1
402.7625,87.53500000000001,840.0,210.0,1
402.7625,87.53500000000001,840.0,210.0,1
402.7625,87.53500000000001,840.0,210.0,1
402.7625,87.53500000000001,840.0,210.0,1
402.7625,87.53500000000001,840.0,210.0,1
402.7625,87.53500000000001,840.0,210.0,1
402.7625,87.53500000000001,840.0,210.0,1
402.7625,87.53500000000001,840.0,210.0,1
402.7625,87.53500000000001,840.0,210.0,1
402.7625,87.53500000000001,840.0,210.0,1
402.7625,87.53500000000001,840.0,210.0,1
402.7625,87.53500000000001,840.0,210.0,1
402.7625,87.53500000000001,840.0,210.0,1
402.7625,87.53500000000001,840.0,210.0,1
402.7625,87.53500000000001,840.0,210.0,1
402.7625,87.53500000000001,840.0,210.0,1
402.7625,87.53500000000001,840.0,210.0,1
402.7625,87.53500000000001,840.0,210.0,1
402.7625,87.53500000000001,840.0,210.0,1
402.7625,87.53500000000001,840.0,210.0,1
402.7625,87.53500000000001,840.0,210.0,1
402.7625,87.53500000000001,840.0,210.0,1
402.7625,87.53500000000001,840.0,210.0,1
402.7625,87.53500000000001,840.0,210.0,1
402.7625,87.53500000000001,840.0,210.0,1
402.7625,87.53500000000001,840.0,210.0,1
402.7625,87.53500000000001,840.0,210.0,1
402.7625,87.53500000000001,840.0,210.0,1
402.7625,87.53500000000001,840.0,210.0,1
402.7625,87.53500000000001,840.0,210.0,1
402.7625,87.53500000000001,840.0,210.0,1
402.7625,87.53500000000001,840.0,210.0,1
402.7625,87.53500000000001,840.0,210.0,1
402.7625,87.53500000000001,840.0,210.0,1
402.7625,87.53500000000001,840.0,210.0,1
402.7625,87.53500000000001,840.0,210.0,1
402.7625,87.53500000000001,840.0,210.0,1
402.7625,87.53500000000001,840.0,210.0,1
402.7625,87.53500000000001,840.0,210.0,1
402.7625,87.53500000000001,840.0,210.0,1
402.7625,87.53500000000001,840.0,210.0,1
402.7625,87.53500000000001,840.0,210.0,1
402.7625,87.53500000000001,840.0,210.0,1
402.7625,87.53500000000001,840.0,210.0,1
402.7625,87.53500000000001,840.0,210.0,1
402.7625,87.53500000000001,840.0,210.0,1
402.7625,87.53500000000001,840.0,210.0,1
402.7625,87.53500000000001,840.0,210.0,1
402.7625,87.53500000000001,840.0,210.0,1
402.7625,87.53500000000001,840.0,210.0,1
402.7625,87.53500000000001,840.0,210.0,1
402.7625,87.53500000000001,840.0,210.0,1
402.7625,87.53500000000001,840.0,210.0,1
402.7625,87.53500000000001,840.0,210.0,1
402.7625,87.53500000000001,840.0,210.0,1
402.7625,87.53500000000001,840.0,210.0,1
402.7625,87.53500000000001,840.0,210.0,1
402.7625,87.53500000000001,840.0,210.0,1
402.7625,87.53500000000001,840.0,210.0,1
402.7625,87.53500000000001,840.0,210.0,1
402.7625,87.53500000000001,840.0,210.0,1
402.7625,87.53500000000001,840.0,210.0,1
402.7625,87.53500000000001,840.0,210.0,1
402.7625,87.53500000000001,840.0,210.0,1
402.7625,87.53500000000001,840.0,210.0,1
402.7625,87.53500000000001,840.0,210.0,1
402.7625,87.53500000000001,840.0,210.0,1
402.7625,87.53500000000001,840.0,210.0,1
402.7625,87.53500000000001,840.0,210.0,1
402.7625,87.53500000000001,840.0,210.0,1
402.7625,87.53500000000001,840.0,210.0,1
402.7625,87.53500000000001,840.0,210.0,1
402.7625,87.53500000000001,840.0,210.0,1
402.7625,87.53500000000001,840.0,210.0,1
402.7625,87.53500000000001,840.0,210.0,1
402.7625,87.53500000000001,840.0,210.0,1
402.7625,87.53500000000001,840.0,210.0,1
402.7625,87.53500000000001,840.0,210.0,1
402.7625,87.53500000000001,840.0,210.0,1
402.7625,87.53500000000001,840.0,210.0,1
402.7625,87.53500000000001,840.0,210.0,1
402.7625,87.53500000000001,840.0,210.0,1
402.7625,87.53500000000001,840.0,210.0,1
402.7625,87.53500000000001,840.0,210.0,1
402.7625,87.53500000000001,840.0,210.0,1
402.7625,87.53500000000001,840.0,210.0,1
402.7625,87.53500000000001,840.0,210.0,1
402.7625,87.53500000000001,840.0,210.0,1
402.7625,87.53500000000001,840.0,210.0,1
402.7625,87.53500000000001,840.0,210.0,1
402.7625,87.53500000000001,840.0,210.0,1
402.7625,87.53500000000001,840.0,210.0,1
402.7625,87.53500000000001,840.0,210.0,1
402.7625,87.53500000000001,840.0,210.0,1
402.7625,87.53500000000001,840.0,210.0,1
402.7625,87.53500000000001,840.0,210.0,1
402.7625,87.53500000000001,840.0,210.0,1
402.7625,87.53500000000001,840.0,210.0,1
402.7625,87.53500000000001,840.0,210.0,1
402.7625,87.53500000000001,840.0,210.0,1
402.7625,87.53500000000001,840.0,210.0,1
402.7625,87.53500000000001,840.0,210.0,1
402.7625,87.53500000000001,840.0,210.0,1
402.7625,87.53500000000001,840.0,210.0,1
402.7625,87.53500000000001,840.0,210.0,1
402.7625,87.53500000000001,840.0,210.0,1
402.7625,87.53500000000001,840.0,210.0,1
402.7625,87.53500000000001,840.0,210.0,1
402.7625,87.53500000000001,840.0,210.0,1
402.7625,87.53500000000001,840.0,210.0,1
402.7625,87.53500000000001,840.0,210.0,1
402.7625,87.53500000000001,840.0,210.0,1
402.7625,87.53500000000001,840.0,210.0,1
402.7625,87.53500000000001,840.0,210.0,1
402.7625,87.53500000000001,840.0,210.0,1
402.7625,87.53500000000001,840.0,210.0,1
402.7625,87.53500000000001,840.0,210.0,1
402.7625,87.53500000000001,840.0,210.0,1
402.7625,87.53500000000001,840.0,210.0,1
402.7625,87.53500000000001,840.0,210.0,1
402.7625,87.53500000000001,840.0,210.0,1
402.7625,87.53500000000001,840.0,210.0,1
402.7625,87.53500000000001,840.0,210.0,1
402.7625,87.53500000000001,840.0,210.0,1
402.7625,87.53500000000001,840.0,210.0,1
402.7625,87.53500000000001,840.0,210.0,1
402.7625,87.53500000000001,840.0,210.0,1
402.7625,87.53500000000001,840.0,210.0,1
402.7625,87.53500000000001,840.0,210.0,1
402.7625,87.53500000000001,840.0,210.0,1
402.7625,87.53500000000001,840.0,210.0,1
402.7625,87.53500000000001,840.0,210.0,1
402.7625,87.53500000000001,840.0,210.0,1
402.7625,87.53500000000001,840.0,210.0,1
402.7625,87.53500000000001,840.0,210.0,1
402.7625,87.53500000000001,840.0,210.0,1
402.7625,87.53500000000001,840.0,210.0,1
402.7625,87.53500000000001,840.0,210.0,1
402.7625,87.53500000000001,840.0,210.0,1
402.7625,87.53500000000001,840.0,210.0,1
402.7625,87.53500000000001,840.0,210.0,1
402.7625,87.53500000000001,840.0,210.0,1
402.7625,87.53500000000001,840.0,210.0,1
402.7625,87.53500000000001,840.0,210.0,1
402.7625,87.53500000000001,840.0,210.0,1
402.7625,87.53500000000001,840.0,210.0,1
402.7625,87.53500000000001,840.0,210.0,1
402.7625,87.53500000000001,840.0,210.0,1
402.7625,87.53500000000001,840.0,210.0,1
402.7625,87.53500000000001,840.0,210.0,1
402.7625,87.53500000000001,840.0,210.0,1
402.7625,87.53500000000001,840.0,210.0,1
402.7625,87.53500000000001,840.0,210.0,1
402.7625,87.53500000000001,840.0,210.0,1
402.7625,87.53500000000001,840.0,210.0,1
402.7625,87.53500000000001,840.0,210.0,1
402.7625,87.53500000000001,840.0,210.0,1
402.7625,87.53500000000001,840.0,210.0,1
402.7625,87.53500000000001,840.0,210.0,1
402.7625,87.53500000000001,840.0,210.0,1
402.7625,87.53500000000001,840.0,210.0,1
402.7625,87.53500000000001,840.0,210.0,1
402.7625,87.53500000000001,840.0,210.0,1
402.7625,87.53500000000001,840.0,210.0,1
402.7625,87.53500000000001,840.0,210.0,1
402.7625,87.53500000000001,840.0,210.0,1
402.7625,87.53500000000001,840.0,210.0,1
402.7625,87.53500000000001,840.0,210.0,1
402.7625,87.53500000000001,840.0,210.0,1
402.7625,87.53500000000001,840.0,210.0,1
402.7625,87.53500000000001,840.0,210.0,1
402.7625,87.53500000000001,840.0,210.0,1
402.7625,87.53500000000001,840.0,210.0,1
402.7625,87.53500000000001,840.0,210.0,1
402.7625,87.53500000000001,840.0,210.0,1
402.7625,87.53500000000001,840.0,210.0,1
402.7625,87.53500000000001,840.0,210.0,1
402.7625,87.53500000000001,840.0,210.0,1
402.7625,87.53500000000001,840.0,210.0,1
402.7625,87.53500000000001,840.0,210.0,1
402.7625,87.53500000000001,840.0,210.0,1
402.7625,87.53500000000001,840.0,210.0,1
402.7625,87.53500000000001,840.0,210.0,1
402.7625,87.53500000000001,840.0,210.0,1
402.7625,87.53500000000001,840.0,210.0,1
402.7625,87.53500000000001,840.0,210.0,1
402.7625,87.53500000000001,840.0,210.0,1
402.7625,87.53500000000001,840.0,210.0,1
402.7625,87.53500000000001,840.0,210.0,1
402.7625,87.53500000000001,840.0,210.0,1
402.7625,87.53500000000001,840.0,210.0,1
402.7625,87.53500000000001,840.0,210.0,1
402.7625,87.53500000000001,840.0,210.0,1
402.7625,87.53500000000001,840.0,210.0,1
402.7625,87.53500000000001,840.0,210.0,1
402.7625,87.53500000000001,840.0,210.0,1
402.7625,87.53500000000001,840.0,210.0,1
402.7625,87.53500000000001,840.0,210.0,1
402.7625,87.53500000000001,840.0,210.0,1
402.7625,87.53500000000001,840.0,210.0,1
402.7625,87.53500000000001,840.0,210.0,1
402.7625,87.53500000000001,840.0,210.0,1
402.7625,87.53500000000001,840.0,210.0,1
402.7625,87.53500000000001,840.0,210.0,1
402.7625,87.53500000000001,840.0,210.0,1
402.7625,87.53500000000001,840.0,210.0,1
402.7625,87.53500000000001,840.0,210.0,1
402.7625,87.53500000000001,840.0,210.0,1
402.7625,87.53500000000001,840.0,210.0,1
402.7625,87.53500000000001,840.0,210.0,1
402.7625,87.53500000000001,840.0,210.0,1
402.7625,87.53500000000001,840.0,210.0,1
402.7625,87.53500000000001,840.0,210.0,1
402.7625,87.53500000000001,840.0,210.0,1
402.7625,87.53500000000001,840.0,210.0,1
402.7625,87.53500000000001,840.0,210.0,1
402.7625,87.53500000000001,840.0,210.0,1
402.7625,87.53500000000001,840.0,210.0,1
402.7625,87.53500000000001,840.0,210.0,1
402.7625,87.53500000000001,840.0,210.0,1
402.7625,87.53500000000001,840.0,210.0,1
402.7625,87.53500000000001,840.0,210.0,1
402.7625,87.53500000000001,840.0,210.0,1
402.7625,87.53500000000001,840.0,210.0,1
402.7625,87.53500000000001,840.0,210.0,1
402.7625,87.53500000000001,840.0,210.0,1
402.7625,87.53500000000001,840.0,210.0,1
402.7625,87.53500000000001,840.0,210.0,1
402.7625,87.53500000000001,840.0,210.0,1
402.7625,87.53500000000001,840.0,210.0,1
402.7625,87.53500000000001,840.0,210.0,1
402.7625,87.53500000000001,840.0,210.0,1
402.7625,87.53500000000001,840.0,210.0,1
402.7625,87.53500000000001,840.0,210.0,1
402.7625,87.53500000000001,840.0,210.0,1
402.7625,87.53500000000001,840.0,210.0,1
402.7625,87.53500000000001,840.0,210.0,1
402.7625,87.53500000000001,840.0,210.0,1
402.7625,87.53500000000001,840.0,210.0,1
402.7625,87.53500000000001,840.0,210.0,1
402.7625,87.53500000000001,840.0,210.0,1
402.7625,87.53500000000001,840.0,210.0,1
402.7625,87.53500000000001,840.0,210.0,1
402.7625,87.53500000000001,840.0,210.0,1
402.7625,87.53500000000001,840.0,210.0,1
402.7625,87.53500000000001,840.0,210.0,1
402.7625,87.53500000000001,840.0,210.0,1
402.7625,87.53500000000001,840.0,210.0,1
402.7625,87.53500000000001,840.0,210.0,1
402.7625,87.53500000000001,840.0,210.0,1
402.7625,87.53500000000001,840.0,210.0,1
402.7625,87.53500000000001,840.0,210.0,1
402.7625,87.53500000000001,840.0,210.0,1
402.7625,87.53500000000001,840.0,210.0,1
402.7625,87.53500000000001,840.0,210.0,1
402.7625,87.53500000000001,840.0,210.0,1
402.7625,87.53500000000001,840.0,210.0,1
402.7625,87.53500000000001,840.0,210.0,1
402.7625,87.53500000000001,840.0,210.0,1
402.7625,87.53500000000001,840.0,210.0,1
402.7625,87.53500000000001,840.0,210.0,1
402.7625,87.53500000000001,840.0,210.0,1
402.7625,87.53500000000001,840.0,210.0,1
402.7625,87.53500000000001,840.0,210.0,1
402.7625,87.53500000000001,840.0,210.0,1
402.7625,87.53500000000001,840.0,210.0,1
402.7625,87.53500000000001,840.0,210.0,1
402.7625,87.53500000000001,840.0,210.0,1
402.7625,87.53500000000001,840.0,210.0,1
402.7625,87.53500000000001,840.0,210.0,1
402.7625,87.53500000000001,840.0,210.0,1
402.7625,87.53500000000001,840.0,210.0,1
402.7625,87.53500000000001,840.0,210.0,1
402.7625,87.53500000000001,840.0,210.0,1
402.7625,87.53500000000001,840.0,210.0,1
402.7625,87.53500000000001,840.0,210.0,1
402.7625,87.53500000000001,840.0,210.0,1
402.7625,87.53500000000001,840.0,210.0,1
402.7625,87.53500000000001,840.0,210.0,1
402.7625,87.53500000000001,840.0,210.0,1
402.7625,87.53500000000001,840.0,210.0,1
402.7625,87.53500000000001,840.0,210.0,1
402.7625,87.53500000000001,840.0,210.0,1
402.7625,87.53500000000001,840.0,210.0,1
402.7625,87.53500000000001,840.0,210.0,1
402.7625,87.53500000000001,840.0,210.0,1
402.7625,87.53500000000001,840.0,210.0,1
402.7625,87.53500000000001,840.0,210.0,1
402.7625,87.53500000000001,840.0,210.0,1
402.7625,87.53500000000001,840.0,210.0,1
402.7625,87.53500000000001,840.0,210.0,1
402.7625,87.53500000000001,840.0,210.0,1
402.7625,87.53500000000001,840.0,210.0,1
402.7625,87.53500000000001,840.0,210.0,1
402.7625,87.53500000000001,840.0,210.0,1
402.7625,87.53500000000001,840.0,210.0,1
402.7625,87.53500000000001,840.0,210.0,1
402.7625,87.53500000000001,840.0,210.0,1
402.7625,87.53500000000001,840.0,210.0,1
402.7625,87.53500000000001,840.0,210.0,1
402.7625,87.53500000000001,840.0,210.0,1
402.7625,87.53500000000001,840.0,210.0,1
402.7625,87.53500000000001,840.0,210.0,1
402.7625,87.53500000000001,840.0,210.0,1
402.7625,87.53500000000001,840.0,210.0,1
402.7625,87.53500000000001,840.0,210.0,1
402.7625,87.53500000000001,840.0,210.0,1
402.7625,87.53500000000001,840.0,210.0,1
402.7625,87.53500000000001,840.0,210.0,1
402.7625,87.53500000000001,840.0,210.0,1
402.7625,87.53500000000001,840.0,210.0,1
402.7625,87.53500000000001,840.0,210.0,1
402.7625,87.53500000000001,840.0,210.0,1
402.7625,87.53500000000001,840.0,210.0,1
402.7625,87.53500000000001,840.0,210.0,1
402.7625,87.53500000000001,840.0,210.0,1
402.7625,87.53500000000001,840.0,210.0,1
402.7625,87.53500000000001,840.0,210.0,1
402.7625,87.53500000000001,840.0,210.0,1
402.7625,87.53500000000001,840.0,210.0,1
402.7625,87.53500000000001,840.0,210.0,1
402.7625,87.53500000000001,840.0,210.0,1
402.7625,87.53500000000001,840.0,210.0,1
402.7625,87.53500000000001,840.0,210.0,1
402.7625,87.53500000000001,840.0,210.0,1
402.7625,87.53500000000001,840.0,210.0,1
402.7625,87.53500000000001,840.0,210.0,1
402.7625,87.53500000000001,840.0,210.0,1
402.7625,87.53500000000001,840.0,210.0,1
402.7625,87.53500000000001,840.0,210.0,1
402.7625,87.53500000000001,840.0,210.0,1
402.7625,87.53500000000001,840.0,210.0,1
402.7625,87.53500000000001,840.0,210.0,1
402.7625,87.53500000000001,840.0,210.0,1
402.7625,87.53500000000001,840.0,210.0,1
402.7625,87.53500000000001,840.0,210.0,1
402.7625,87.53500000000001,840.0,210.0,1
402.7625,87.53500000000001,840.0,210.0,1
402.7625,87.53500000000001,840.0,210.0,1
402.7625,87.53500000000001,840.0,210.0,1
402.7625,87.53500000000001,840.0,210.0,1
402.7625,87.53500000000001,840.0,210.0,1
402.7625,87.53500000000001,840.0,210.0,1
402.7625,87.53500000000001,840.0,210.0,1
402.7625,87.53500000000001,840.0,210.0,1
402.7625,87.53500000000001,840.0,210.0,1
402.7625,87.53500000000001,840.0,210.0,1
402.7625,87.53500000000001,840.0,210.0,1
402.7625,87.53500000000001,840.0,210.0,1
402.7625,87.53500000000001,840.0,210.0,1
402.7625,87.53500000000001,840.0,210.0,1
402.7625,87.53500000000001,840.0,210.0,1
402.7625,87.53500000000001,840.0,210.0,1
402.7625,87.53500000000001,840.0,210.0,1
402.7625,87.53500000000001,840.0,210.0,1
402.7625,87.53500000000001,840.0,210.0,1
402.7625,87.53500000000001,840.0,210.0,1
402.7625,87.53500000000001,840.0,210.0,1
402.7625,87.53500000000001,840.0,210.0,1
402.7625,87.53500000000001,840.0,210.0,1
402.7625,87.53500000000001,840.0,210.0,1
402.7625,87.53500000000001,840.0,210.0,1
402.7625,87.53500000000001,840.0,210.0,1
402.7625,87.53500000000001,840.0,210.0,1
402.7625,87.53500000000001,840.0,210.0,1
402.7625,87.53500000000001,840.0,210.0,1
402.7625,87.53500000000001,840.0,210.0,1
402.7625,87.53500000000001,840.0,210.0,1
402.7625,87.53500000000001,840.0,210.0,1
402.7625,87.53500000000001,840.0,210.0,1
402.7625,87.53500000000001,840.0,210.0,1
402.7625,87.53500000000001,840.0,210.0,1
402.7625,87.53500000000001,840.0,210.0,1
402.7625,87.53500000000001,840.0,210.0,1
402.7625,87.53500000000001,840.0,210.0,1
402.7625,87.53500000000001,840.0,210.0,1
402.7625,87.53500000000001,840.0,210.0,1
402.7625,87.53500000000001,840.0,210.0,1
402.7625,87.53500000000001,840.0,210.0,1
402.7625,87.53500000000001,840.0,210.0,1
402.7625,87.53500000000001,840.0,210.0,1
402.7625,87.53500000000001,840.0,210.0,1
402.7625,87.53500000000001,840.0,210.0,1
402.7625,87.53500000000001,840.0,210.0,1
402.7625,87.53500000000001,840.0,210.0,1
402.7625,87.53500000000001,840.0,210.0,1
402.7625,87.53500000000001,840.0,210.0,1
402.7625,87.53500000000001,840.0,210.0,1
402.7625,87.53500000000001,840.0,210.0,1
402.7625,87.53500000000001,840.0,210.0,1
402.7625,87.53500000000001,840.0,210.0,1
402.7625,87.53500000000001,840.0,210.0,1
402.7625,87.53500000000001,840.0,210.0,1
402.7625,87.53500000000001,840.0,210.0,1
402.7625,87.53500000000001,840.0,210.0,1
402.7625,87.53500000000001,840.0,210.0,1
402.7625,87.53500000000001,840.0,210.0,1
402.7625,87.53500000000001,840.0,210.0,1
402.7625,87.53500000000001,840.0,210.0,1
402.7625,87.53500000000001,840.0,210.0,1
402.7625,87.53500000000001,840.0,210.0,1
402.7625,87.53500000000001,840.0,210.0,1
402.7625,87.53500000000001,840.0,210.0,1
402.7625,87.53500000000001,840.0,210.0,1
402.7625,87.53500000000001,840.0,210.0,1
402.7625,87.53500000000001,840.0,210.0,1
402.7625,87.53500000000001,840.0,210.0,1
402.7625,87.53500000000001,840.0,210.0,1
402.7625,87.53500000000001,840.0,210.0,1
402.7625,87.53500000000001,840.0,210.0,1
402.7625,87.53500000000001,840.0,210.0,1
402.7625,87.53500000000001,840.0,210.0,1
402.7625,87.53500000000001,840.0,210.0,1
402.7625,87.53500000000001,840.0,210.0,1
402.7625,87.53500000000001,840.0,210.0,1
402.7625,87.53500000000001,840.0,210.0,1
402.7625,87.53500000000001,840.0,210.0,1
402.7625,87.53500000000001,840.0,210.0,1
402.7625,87.53500000000001,840.0,210.0,1
402.7625,87.53500000000001,840.0,210.0,1
402.7625,87.53500000000001,840.0,210.0,1
402.7625,87.53500000000001,840.0,210.0,1
402.7625,87.53500000000001,840.0,210.0,1
402.7625,87.53500000000001,840.0,210.0,1
402.7625,87.53500000000001,840.0,210.0,1
402.7625,87.53500000000001,840.0,210.0,1
402.7625,87.53500000000001,840.0,210.0,1
402.7625,87.53500000000001,840.0,210.0,1
402.7625,87.53500000000001,840.0,210.0,1
402.7625,87.53500000000001,840.0,210.0,1
402.7625,87.53500000000001,840.0,210.0,1
402.7625,87.53500000000001,840.0,210.0,1
402.7625,87.53500000000001,840.0,210.0,1
402.7625,87.53500000000001,840.0,210.0,1
402.7625,87.53500000000001,840.0,210.0,1
402.7625,87.53500000000001,840.0,210.0,1
402.7625,87.53500000000001,840.0,210.0,1
402.7625,87.53500000000001,840.0,210.0,1
402.7625,87.53500000000001,840.0,210.0,1
402.7625,87.53500000000001,840.0,210.0,1
402.7625,87.53500000000001,840.0,210.0,1
402.7625,87.53500000000001,840.0,210.0,1
402.7625,87.53500000000001,840.0,210.0,1
402.7625,87.53500000000001,840.0,210.0,1
402.7625,87.53500000000001,840.0,210.0,1
402.7625,87.53500000000001,840.0,210.0,1
402.7625,87.53500000000001,840.0,210.0,1
402.7625,87.53500000000001,840.0,210.0,1
402.7625,87.53500000000001,840.0,210.0,1
402.7625,87.53500000000001,840.0,210.0,1
402.7625,87.53500000000001,840.0,210.0,1
402.7625,87.53500000000001,840.0,210.0,1
402.7625,87.53500000000001,840.0,210.0,1
402.7625,87.53500000000001,840.0,210.0,1
402.7625,87.53500000000001,840.0,210.0,1
402.7625,87.53500000000001,840.0,210.0,1
402.7625,87.53500000000001,840.0,210.0,1
402.7625,87.53500000000001,840.0,210.0,1
402.7625,87.53500000000001,840.0,210.0,1
402.7625,87.53500000000001,840.0,210.0,1
402.7625,87.53500000000001,840.0,210.0,1
402.7625,87.53500000000001,840.0,210.0,1
402.7625,87.53500000000001,840.0,210.0,1
402.7625,87.53500000000001,840.0,210.0,1
402.7625,87.53500000000001,840.0,210.0,1
402.7625,87.53500000000001,840.0,210.0,1
402.7625,87.53500000000001,840.0,210.0,1
402.7625,87.53500000000001,840.0,210.0,1
402.7625,87.53500000000001,840.0,210.0,1
402.7625,87.53500000000001,840.0,210.0,1
402.7625,87.53500000000001,840.0,210.0,1
402.7625,87.53500000000001,840.0,210.0,1
402.7625,87.53500000000001,840.0,210.0,1
402.7625,87.53500000000001,840.0,210.0,1
402.7625,87.53500000000001,840.0,210.0,1
402.7625,87.53500000000001,840.0,210.0,1
402.7625,87.53500000000001,840.0,210.0,1
402.7625,87.53500000000001,840.0,210.0,1
402.7625,87.53500000000001,840.0,210.0,1
402.7625,87.53500000000001,840.0,210.0,1
402.7625,87.53500000000001,840.0,210.0,1
402.7625,87.53500000000001,840.0,210.0,1
402.7625,87.53500000000001,840.0,210.0,1
402.7625,87.53500000000001,840.0,210.0,1
402.7625,87.53500000000001,840.0,210.0,1
402.7625,87.53500000000001,840.0,210.0,1
402.7625,87.53500000000001,840.0,210.0,1
402.7625,87.53500000000001,840.0,210.0,1
402.7625,87.53500000000001,840.0,210.0,1
402.7625,87.53500000000001,840.0,210.0,1
402.7625,87.53500000000001,840.0,210.0,1
402.7625,87.53500000000001,840.0,210.0,1
402.7625,87.53500000000001,840.0,210.0,1
402.7625,87.53500000000001,840.0,210.0,1
402.7625,87.53500000000001,840.0,210.0,1
402.7625,87.53500000000001,840.0,210.0,1
402.7625,87.53500000000001,840.0,210.0,1
402.7625,87.53500000000001,840.0,210.0,1
402.7625,87.53500000000001,840.0,210.0,1
402.7625,87.53500000000001,840.0,210.0,1
402.7625,87.53500000000001,840.0,210.0,1
402.7625,87.53500000000001,840.0,210.0,1
402.7625,87.53500000000001,840.0,210.0,1
402.7625,87.53500000000001,840.0,210.0,1
402.7625,87.53500000000001,840.0,210.0,1
402.7625,87.53500000000001,840.0,210.0,1
402.7625,87.53500000000001,840.0,210.0,1
402.7625,87.53500000000001,840.0,210.0,1
402.7625,87.53500000000001,840.0,210.0,1
402.7625,87.53500000000001,840.0,210.0,1
402.7625,87.53500000000001,840.0,210.0,1
402.7625,87.53500000000001,840.0,210.0,1
402.7625,87.53500000000001,840.0,210.0,1
402.7625,87.53500000000001,840.0,210.0,1
402.7625,87.53500000000001,840.0,210.0,1
402.7625,87.53500000000001,840.0,210.0,1
402.7625,87.53500000000001,840.0,210.0,1
402.7625,87.53500000000001,840.0,210.0,1
402.7625,87.53500000000001,840.0,210.0,1
402.7625,87.53500000000001,840.0,210.0,1
402.7625,87.53500000000001,840.0,210.0,1
402.7625,87.53500000000001,840.0,210.0,1
402.7625,87.53500000000001,840.0,210.0,1
402.7625,87.53500000000001,840.0,210.0,1
402.7625,87.53500000000001,840.0,210.0,1
402.7625,87.53500000000001,840.0,210.0,1
402.7625,87.53500000000001,840.0,210.0,1
402.7625,87.53500000000001,840.0,210.0,1
402.7625,87.53500000000001,840.0,210.0,1
402.7625,87.53500000000001,840.0,210.0,1
402.7625,87.53500000000001,840.0,210.0,1
402.7625,87.53500000000001,840.0,210.0,1
402.7625,87.53500000000001,840.0,210.0,1
402.7625,87.53500000000001,840.0,210.0,1
402.7625,87.53500000000001,840.0,210.0,1
402.7625,87.53500000000001,840.0,210.0,1
402.7625,87.53500000000001,840.0,210.0,1
402.7625,87.53500000000001,840.0,210.0,1
402.7625,87.53500000000001,840.0,210.0,1
402.7625,87.53500000000001,840.0,210.0,1
402.7625,87.53500000000001,840.0,210.0,1
402.7625,87.53500000000001,840.0,210.0,1
402.7625,87.53500000000001,840.0,210.0,1
402.7625,87.53500000000001,840.0,210.0,1
402.7625,87.53500000000001,840.0,210.0,1
402.7625,87.53500000000001,840.0,210.0,1
402.7625,87.53500000000001,840.0,210.0,1
402.7625,87.53500000000001,840.0,210.0,1
402.7625,87.53500000000001,840.0,210.0,1
402.7625,87.53500000000001,840.0,210.0,1
402.7625,87.53500000000001,840.0,210.0,1
402.7625,87.53500000000001,840.0,210.0,1
402.7625,87.53500000000001,840.0,210.0,1
402.7625,87.53500000000001,840.0,210.0,1
402.7625,87.53500000000001,840.0,210.0,1
402.7625,87.53500000000001,840.0,210.0,1
402.7625,87.53500000000001,840.0,210.0,1
402.7625,87.53500000000001,840.0,210.0,1
402.7625,87.53500000000001,840.0,210.0,1
402.7625,87.53500000000001,840.0,210.0,1
402.7625,87.53500000000001,840.0,210.0,1
402.7625,87.53500000000001,840.0,210.0,1
402.7625,87.53500000000001,840.0,210.0,1
402.7625,87.53500000000001,840.0,210.0,1
402.7625,87.53500000000001,840.0,210.0,1
402.7625,87.53500000000001,840.0,210.0,1
402.7625,87.53500000000001,840.0,210.0,1
402.7625,87.53500000000001,840.0,210.0,1
402.7625,87.53500000000001,840.0,210.0,1
402.7625,87.53500000000001,840.0,210.0,1
402.7625,87.53500000000001,840.0,210.0,1
402.7625,87.53500000000001,840.0,210.0,1
402.7625,87.53500000000001,840.0,210.0,1
402.7625,87.53500000000001,840.0,210.0,1
402.7625,87.53500000000001,840.0,210.0,1
402.7625,87.53500000000001,840.0,210.0,1
402.7625,87.53500000000001,840.0,210.0,1
402.7625,87.53500000000001,840.0,210.0,1
402.7625,87.53500000000001,840.0,210.0,1
402.7625,87.53500000000001,840.0,210.0,1
402.7625,87.53500000000001,840.0,210.0,1
402.7625,87.53500000000001,840.0,210.0,1
402.7625,87.53500000000001,840.0,210.0,1
402.7625,87.53500000000001,840.0,210.0,1
402.7625,87.53500000000001,840.0,210.0,1
402.7625,87.53500000000001,840.0,210.0,1
402.7625,87.53500000000001,840.0,210.0,1
402.7625,87.53500000000001,840.0,210.0,1
402.7625,87.53500000000001,840.0,210.0,1
402.7625,87.53500000000001,840.0,210.0,1
402.7625,87.53500000000001,840.0,210.0,1
402.7625,87.53500000000001,840.0,210.0,1
402.7625,87.53500000000001,840.0,210.0,1
402.7625,87.53500000000001,840.0,210.0,1
402.7625,87.53500000000001,840.0,210.0,1
402.7625,87.53500000000001,840.0,210.0,1
402.7625,87.53500000000001,840.0,210.0,1
402.7625,87.53500000000001,840.0,210.0,1
402.7625,87.53500000000001,840.0,210.0,1
402.7625,87.53500000000001,840.0,210.0,1
402.7625,87.53500000000001,840.0,210.0,1
402.7625,87.53500000000001,840.0,210.0,1
402.7625,87.53500000000001,840.0,210.0,1
402.7625,87.53500000000001,840.0,210.0,1
402.7625,87.53500000000001,840.0,210.0,1
402.7625,87.53500000000001,840.0,210.0,1
402.7625,87.53500000000001,840.0,210.0,1
402.7625,87.53500000000001,840.0,210.0,1
402.7625,87.53500000000001,840.0,210.0,1
402.7625,87.53500000000001,840.0,210.0,1
402.7625,87.53500000000001,840.0,210.0,1
402.7625,87.53500000000001,840.0,210.0,1
402.7625,87.53500000000001,840.0,210.0,1
402.7625,87.53500000000001,840.0,210.0,1
402.7625,87.53500000000001,840.0,210.0,1
402.7625,87.53500000000001,840.0,210.0,1
402.7625,87.53500000000001,840.0,210.0,1
402.7625,87.53500000000001,840.0,210.0,1
402.7625,87.53500000000001,840.0,210.0,1
402.7625,87.53500000000001,840.0,210.0,1
402.7625,87.53500000000001,840.0,210.0,1
402.7625,87.53500000000001,840.0,210.0,1
402.7625,87.53500000000001,840.0,210.0,1
402.7625,87.53500000000001,840.0,210.0,1
402.7625,87.53500000000001,840.0,210.0,1
402.7625,87.53500000000001,840.0,210.0,1
402.7625,87.53500000000001,840.0,210.0,1
402.7625,87.53500000000001,840.0,210.0,1
402.7625,87.53500000000001,840.0,210.0,1
402.7625,87.53500000000001,840.0,210.0,1
402.7625,87.53500000000001,840.0,210.0,1
402.7625,87.53500000000001,840.0,210.0,1
402.7625,87.53500000000001,840.0,210.0,1
402.7625,87.53500000000001,840.0,210.0,1
402.7625,87.53500000000001,840.0,210.0,1
402.7625,87.53500000000001,840.0,210.0,1
402.7625,87.53500000000001,840.0,210.0,1
402.7625,87.53500000000001,840.0,210.0,1
402.7625,87.53500000000001,840.0,210.0,1
402.7625,87.53500000000001,840.0,210.0,1
402.7625,87.53500000000001,840.0,210.0,1
402.7625,87.53500000000001,840.0,210.0,1
402.7625,87.53500000000001,840.0,210.0,1
402.7625,87.53500000000001,840.0,210.0,1
402.7625,87.53500000000001,840.0,210.0,1
402.7625,87.53500000000001,840.0,210.0,1
402.7625,87.53500000000001,840.0,210.0,1
402.7625,87.53500000000001,840.0,210.0,1
402.7625,87.53500000000001,840.0,210.0,1
402.7625,87.53500000000001,840.0,210.0,1
402.7625,87.53500000000001,840.0,210.0,1
402.7625,87.53500000000001,840.0,210.0,1
402.7625,87.53500000000001,840.0,210.0,1
402.7625,87.53500000000001,840.0,210.0,1
402.7625,87.53500000000001,840.0,210.0,1
402.7625,87.53500000000001,840.0,210.0,1
402.7625,87.53500000000001,840.0,210.0,1
402.7625,87.53500000000001,840.0,210.0,1
402.7625,87.53500000000001,840.0,210.0,1
402.7625,87.53500000000001,840.0,210.0,1
402.7625,87.53500000000001,840.0,210.0,1
402.7625,87.53500000000001,840.0,210.0,1
402.7625,87.53500000000001,840.0,210.0,1
402.7625,87.53500000000001,840.0,210.0,1
402.7625,87.53500000000001,840.0,210.0,1
402.7625,87.53500000000001,840.0,210.0,1
402.7625,87.53500000000001,840.0,210.0,1
402.7625,87.53500000000001,840.0,210.0,1
402.7625,87.53500000000001,840.0,210.0,1
402.7625,87.53500000000001,840.0,210.0,1
402.7625,87.53500000000001,840.0,210.0,1
402.7625,87.53500000000001,840.0,210.0,1
402.7625,87.53500000000001,840.0,210.0,1
402.7625,87.53500000000001,840.0,210.0,1
402.7625,87.53500000000001,840.0,210.0,1
402.7625,87.53500000000001,840.0,210.0,1
402.7625,87.53500000000001,840.0,210.0,1
402.7625,87.53500000000001,840.0,210.0,1
402.7625,87.53500000000001,840.0,210.0,1
402.7625,87.53500000000001,840.0,210.0,1
402.7625,87.53500000000001,840.0,210.0,1
402.7625,87.53500000000001,840.0,210.0,1
402.7625,87.53500000000001,840.0,210.0,1
402.7625,87.53500000000001,840.0,210.0,1
402.7625,87.53500000000001,840.0,210.0,1
402.7625,87.53500000000001,840.0,210.0,1
402.7625,87.53500000000001,840.0,210.0,1
402.7625,87.53500000000001,840.0,210.0,1
402.7625,87.53500000000001,840.0,210.0,1
402.7625,87.53500000000001,840.0,210.0,1
402.7625,87.53500000000001,840.0,210.0,1
402.7625,87.53500000000001,840.0,210.0,1
402.7625,87.53500000000001,840.0,210.0,1
402.7625,87.53500000000001,840.0,210.0,1
402.7625,87.53500000000001,840.0,210.0,1
402.7625,87.53500000000001,840.0,210.0,1
402.7625,87.53500000000001,840.0,210.0,1
402.7625,87.53500000000001,840.0,210.0,1
402.7625,87.53500000000001,840.0,210.0,1
402.7625,87.53500000000001,840.0,210.0,1
402.7625,87.53500000000001,840.0,210.0,1
402.7625,87.53500000000001,840.0,210.0,1
402.7625,87.53500000000001,840.0,210.0,1
402.7625,87.53500000000001,840.0,210.0,1
402.7625,87.53500000000001,840.0,210.0,1
402.7625,87.53500000000001,840.0,210.0,1
402.7625,87.53500000000001,840.0,210.0,1
402.7625,87.53500000000001,840.0,210.0,1
402.7625,87.53500000000001,840.0,210.0,1
402.7625,87.53500000000001,840.0,210.0,1
402.7625,87.53500000000001,840.0,210.0,1
402.7625,87.53500000000001,840.0,210.0,1
402.7625,87.53500000000001,840.0,210.0,1
402.7625,87.53500000000001,840.0,210.0,1
402.7625,87.53500000000001,840.0,210.0,1
402.7625,87.53500000000001,840.0,210.0,1
402.7625,87.53500000000001,840.0,210.0,1
402.7625,87.53500000000001,840.0,210.0,1
402.7625,87.53500000000001,840.0,210.0,1
402.7625,87.53500000000001,840.0,210.0,1
402.7625,87.53500000000001,840.0,210.0,1
402.7625,87.53500000000001,840.0,210.0,1
402.7625,87.53500000000001,840.0,210.0,1
402.7625,87.53500000000001,840.0,210.0,1
402.7625,87.53500000000001,840.0,210.0,1
402.7625,87.53500000000001,840.0,210.0,1
402.7625,87.53500000000001,840.0,210.0,1
402.7625,87.53500000000001,840.0,210.0,1
402.7625,87.53500000000001,840.0,210.0,1
402.7625,87.53500000000001,840.0,210.0,1
402.7625,87.53500000000001,840.0,210.0,1
402.7625,87.53500000000001,840.0,210.0,1
402.7625,87.53500000000001,840.0,210.0,1
402.7625,87.53500000000001,840.0,210.0,1
402.7625,87.53500000000001,840.0,210.0,1
402.7625,87.53500000000001,840.0,210.0,1
402.7625,87.53500000000001,840.0,210.0,1
402.7625,87.53500000000001,840.0,210.0,1
402.7625,87.53500000000001,840.0,210.0,1
402.7625,87.53500000000001,840.0,210.0,1
402.7625,87.53500000000001,840.0,210.0,1
402.7625,87.53500000000001,840.0,210.0,1
402.7625,87.53500000000001,840.0,210.0,1
402.7625,87.53500000000001,840.0,210.0,1
402.7625,87.53500000000001,840.0,210.0,1
402.7625,87.53500000000001,840.0,210.0,1
402.7625,87.53500000000001,840.0,210.0,1
402.7625,87.53500000000001,840.0,210.0,1
402.7625,87.53500000000001,840.0,210.0,1
402.7625,87.53500000000001,840.0,210.0,1
402.7625,87.53500000000001,840.0,210.0,1
402.7625,87.53500000000001,840.0,210.0,1
402.7625,87.53500000000001,840.0,210.0,1
402.7625,87.53500000000001,840.0,210.0,1
402.7625,87.53500000000001,840.0,210.0,1
402.7625,87.53500000000001,840.0,210.0,1
402.7625,87.53500000000001,840.0,210.0,1
402.7625,87.53500000000001,840.0,210.0,1
402.7625,87.53500000000001,840.0,210.0,1
402.7625,87.53500000000001,840.0,210.0,1
402.7625,87.53500000000001,840.0,210.0,1
402.7625,87.53500000000001,840.0,210.0,1
402.7625,87.53500000000001,840.0,210.0,1
402.7625,87.53500000000001,840.0,210.0,1
402.7625,87.53500000000001,840.0,210.0,1
402.7625,87.53500000000001,840.0,210.0,1
402.7625,87.53500000000001,840.0,210.0,1
402.7625,87.53500000000001,840.0,210.0,1
402.7625,87.53500000000001,840.0,210.0,1
402.7625,87.53500000000001,840.0,210.0,1
402.7625,87.53500000000001,840.0,210.0,1
402.7625,87.53500000000001,840.0,210.0,1
402.7625,87.53500000000001,840.0,210.0,1
402.7625,87.53500000000001,840.0,210.0,1
402.7625,87.53500000000001,840.0,210.0,1
402.7625,87.53500000000001,840.0,210.0,1
402.7625,87.53500000000001,840.0,210.0,1
402.7625,87.53500000000001,840.0,210.0,1
402.7625,87.53500000000001,840.0,210.0,1
402.7625,87.53500000000001,840.0,210.0,1
402.7625,87.53500000000001,840.0,210.0,1
402.7625,87.53500000000001,840.0,210.0,1
402.7625,87.53500000000001,840.0,210.0,1
402.7625,87.53500000000001,840.0,210.0,1
402.7625,87.53500000000001,840.0,210.0,1
402.7625,87.53500000000001,840.0,210.0,1
402.7625,87.53500000000001,840.0,210.0,1
402.7625,87.53500000000001,840.0,210.0,1
402.7625,87.53500000000001,840.0,210.0,1
402.7625,87.53500000000001,840.0,210.0,1
402.7625,87.53500000000001,840.0,210.0,1
402.7625,87.53500000000001,840.0,210.0,1
402.7625,87.53500000000001,840.0,210.0,1
402.7625,87.53500000000001,840.0,210.0,1
402.7625,87.53500000000001,840.0,210.0,1
402.7625,87.53500000000001,840.0,210.0,1
402.7625,87.53500000000001,840.0,210.0,1
402.7625,87.53500000000001,840.0,210.0,1
402.7625,87.53500000000001,840.0,210.0,1
402.7625,87.53500000000001,840.0,210.0,1
402.7625,87.53500000000001,840.0,210.0,1
402.7625,87.53500000000001,840.0,210.0,1
402.7625,87.53500000000001,840.0,210.0,1
402.7625,87.53500000000001,840.0,210.0,1
402.7625,87.53500000000001,840.0,210.0,1
402.7625,87.53500000000001,840.0,210.0,1
402.7625,87.53500000000001,840.0,210.0,1
402.7625,87.53500000000001,840.0,210.0,1
402.7625,87.53500000000001,840.0,210.0,1
402.7625,87.53500000000001,840.0,210.0,1
402.7625,87.53500000000001,840.0,210.0,1
402.7625,87.53500000000001,840.0,210.0,1
402.7625,87.53500000000001,840.0,210.0,1
402.7625,87.53500000000001,840.0,210.0,1
402.7625,87.53500000000001,840.0,210.0,1
402.7625,87.53500000000001,840.0,210.0,1
402.7625,87.53500000000001,840.0,210.0,1
402.7625,87.53500000000001,840.0,210.0,1
402.7625,87.53500000000001,840.0,210.0,1
402.7625,87.53500000000001,840.0,210.0,1
402.7625,87.53500000000001,840.0,210.0,1
402.7625,87.53500000000001,840.0,210.0,1
402.7625,87.53500000000001,840.0,210.0,1
402.7625,87.53500000000001,840.0,210.0,1
402.7625,87.53500000000001,840.0,210.0,1
402.7625,87.53500000000001,840.0,210.0,1
402.7625,87.53500000000001,840.0,210.0,1
402.7625,87.53500000000001,840.0,210.0,1
402.7625,87.53500000000001,840.0,210.0,1
402.7625,87.53500000000001,840.0,210.0,1
402.7625,87.53500000000001,840.0,210.0,1
402.7625,87.53500000000001,840.0,210.0,1
402.7625,87.53500000000001,840.0,210.0,1
402.7625,87.53500000000001,840.0,210.0,1
402.7625,87.53500000000001,840.0,210.0,1
402.7625,87.53500000000001,840.0,210.0,1
402.7625,87.53500000000001,840.0,210.0,1
402.7625,87.53500000000001,840.0,210.0,1
402.7625,87.53500000000001,840.0,210.0,1
402.7625,87.53500000000001,840.0,210.0,1
402.7625,87.53500000000001,840.0,210.0,1
402.7625,87.53500000000001,840.0,210.0,1
402.7625,87.53500000000001,840.0,210.0,1
402.7625,87.53500000000001,840.0,210.0,1
402.7625,87.53500000000001,840.0,210.0,1
402.7625,87.53500000000001,840.0,210.0,1
402.7625,87.53500000000001,840.0,210.0,1
402.7625,87.53500000000001,840.0,210.0,1
402.7625,87.53500000000001,840.0,210.0,1
402.7625,87.53500000000001,840.0,210.0,1
402.7625,87.53500000000001,840.0,210.0,1
402.7625,87.53500000000001,840.0,210.0,1
402.7625,87.53500000000001,840.0,210.0,1
402.7625,87.53500000000001,840.0,210.0,1
402.7625,87.53500000000001,840.0,210.0,1
402.7625,87.53500000000001,840.0,210.0,1
402.7625,87.53500000000001,840.0,210.0,1
402.7625,87.53500000000001,840.0,210.0,1
402.7625,87.53500000000001,840.0,210.0,1
402.7625,87.53500000000001,840.0,210.0,1
402.7625,87.53500000000001,840.0,210.0,1
402.7625,87.53500000000001,840.0,210.0,1
402.7625,87.53500000000001,840.0,210.0,1
402.7625,87.53500000000001,840.0,210.0,1
402.7625,87.53500000000001,840.0,210.0,1
402.7625,87.53500000000001,840.0,210.0,1
402.7625,87.53500000000001,840.0,210.0,1
402.7625,87.53500000000001,840.0,210.0,1
402.7625,87.53500000000001,840.0,210.0,1
402.7625,87.53500000000001,840.0,210.0,1
402.7625,87.53500000000001,840.0,210.0,1
402.7625,87.53500000000001,840.0,210.0,1
402.7625,87.53500000000001,840.0,210.0,1
402.7625,87.53500000000001,840.0,210.0,1
402.7625,87.53500000000001,840.0,210.0,1
402.7625,87.53500000000001,840.0,210.0,1
402.7625,87.53500000000001,840.0,210.0,1
402.7625,87.53500000000001,840.0,210.0,1
402.7625,87.53500000000001,840.0,210.0,1
402.7625,87.53500000000001,840.0,210.0,1
402.7625,87.53500000000001,840.0,210.0,1
402.7625,87.53500000000001,840.0,210.0,1
402.7625,87.53500000000001,840.0,210.0,1
402.7625,87.53500000000001,840.0,210.0,1
402.7625,87.53500000000001,840.0,210.0,1
402.7625,87.53500000000001,840.0,210.0,1
402.7625,87.53500000000001,840.0,210.0,1
402.7625,87.53500000000001,840.0,210.0,1
402.7625,87.53500000000001,840.0,210.0,1
402.7625,87.53500000000001,840.0,210.0,1
402.7625,87.53500000000001,840.0,210.0,1
402.7625,87.53500000000001,840.0,210.0,1
402.7625,87.53500000000001,840.0,210.0,1
402.7625,87.53500000000001,840.0,210.0,1
402.7625,87.53500000000001,840.0,210.0,1
402.7625,87.53500000000001,840.0,210.0,1
402.7625,87.53500000000001,840.0,210.0,1
402.7625,87.53500000000001,840.0,210.0,1
402.7625,87.53500000000001,840.0,210.0,1
402.7625,87.53500000000001,840.0,210.0,1
402.7625,87.53500000000001,840.0,210.0,1
402.7625,87.53500000000001,840.0,210.0,1
402.7625,87.53500000000001,840.0,210.0,1
402.7625,87.53500000000001,840.0,210.0,1
402.7625,87.53500000000001,840.0,210.0,1
402.7625,87.53500000000001,840.0,210.0,1
402.7625,87.53500000000001,840.0,210.0,1
402.7625,87.53500000000001,840.0,210.0,1
402.7625,87.53500000000001,840.0,210.0,1
402.7625,87.53500000000001,840.0,210.0,1
402.7625,87.53500000000001,840.0,210.0,1
402.7625,87.53500000000001,840.0,210.0,1
402.7625,87.53500000000001,840.0,210.0,1
402.7625,87.53500000000001,840.0,210.0,1
402.7625,87.53500000000001,840.0,210.0,1
402.7625,87.53500000000001,840.0,210.0,1
402.7625,87.53500000000001,840.0,210.0,1
402.7625,87.53500000000001,840.0,210.0,1
402.7625,87.53500000000001,840.0,210.0,1
402.7625,87.53500000000001,840.0,210.0,1
402.7625,87.53500000000001,840.0,210.0,1
402.7625,87.53500000000001,840.0,210.0,1
402.7625,87.53500000000001,840.0,210.0,1
402.7625,87.53500000000001,840.0,210.0,1
402.7625,87.53500000000001,840.0,210.0,1
402.7625,87.53500000000001,840.0,210.0,1
402.7625,87.53500000000001,840.0,210.0,1
402.7625,87.53500000000001,840.0,210.0,1
402.7625,87.53500000000001,840.0,210.0,1
402.7625,87.53500000000001,840.0,210.0,1
402.7625,87.53500000000001,840.0,210.0,1
402.7625,87.53500000000001,840.0,210.0,1
402.7625,87.53500000000001,840.0,210.0,1
402.7625,87.53500000000001,840.0,210.0,1
402.7625,87.53500000000001,840.0,210.0,1
402.7625,87.53500000000001,840.0,210.0,1
402.7625,87.53500000000001,840.0,210.0,1
402.7625,87.53500000000001,840.0,210.0,1
402.7625,87.53500000000001,840.0,210.0,1
402.7625,87.53500000000001,840.0,210.0,1
402.7625,87.53500000000001,840.0,210.0,1
402.7625,87.53500000000001,840.0,210.0,1
402.7625,87.53500000000001,840.0,210.0,1
402.7625,87.53500000000001,840.0,210.0,1
402.7625,87.53500000000001,840.0,210.0,1
402.7625,87.53500000000001,840.0,210.0,1
402.7625,87.53500000000001,840.0,210.0,1
402.7625,87.53500000000001,840.0,210.0,1
402.7625,87.53500000000001,840.0,210.0,1
402.7625,87.53500000000001,840.0,210.0,1
402.7625,87.53500000000001,840.0,210.0,1
402.7625,87.53500000000001,840.0,210.0,1
402.7625,87.53500000000001,840.0,210.0,1
402.7625,87.53500000000001,840.0,210.0,1
402.7625,87.53500000000001,840.0,210.0,1
402.7625,87.53500000000001,840.0,210.0,1
402.7625,87.53500000000001,840.0,210.0,1
402.7625,87.53500000000001,840.0,210.0,1
402.7625,87.53500000000001,840.0,210.0,1
402.7625,87.53500000000001,840.0,210.0,1
402.7625,87.53500000000001,840.0,210.0,1
402.7625,87.53500000000001,840.0,210.0,1
402.7625,87.53500000000001,840.0,210.0,1
402.7625,87.53500000000001,840.0,210.0,1
402.7625,87.53500000000001,840.0,210.0,1
402.7625,87.53500000000001,840.0,210.0,1
402.7625,87.53500000000001,840.0,210.0,1
402.7625,87.53500000000001,840.0,210.0,1
402.7625,87.53500000000001,840.0,210.0,1
402.7625,87.53500000000001,840.0,210.0,1
402.7625,87.53500000000001,840.0,210.0,1
402.7625,87.53500000000001,840.0,210.0,1
402.7625,87.53500000000001,840.0,210.0,1
402.7625,87.53500000000001,840.0,210.0,1
402.7625,87.53500000000001,840.0,210.0,1
402.7625,87.53500000000001,840.0,210.0,1
402.7625,87.53500000000001,840.0,210.0,1
402.7625,87.53500000000001,840.0,210.0,1
402.7625,87.53500000000001,840.0,210.0,1
402.7625,87.53500000000001,840.0,210.0,1
402.7625,87.53500000000001,840.0,210.0,1
402.7625,87.53500000000001,840.0,210.0,1
402.7625,87.53500000000001,840.0,210.0,1
402.7625,87.53500000000001,840.0,210.0,1
402.7625,87.53500000000001,840.0,210.0,1
402.7625,87.53500000000001,840.0,210.0,1
402.7625,87.53500000000001,840.0,210.0,1
402.7625,87.53500000000001,840.0,210.0,1
402.7625,87.53500000000001,840.0,210.0,1
402.7625,87.53500000000001,840.0,210.0,1
402.7625,87.53500000000001,840.0,210.0,1
402.7625,87.53500000000001,840.0,210.0,1
402.7625,87.53500000000001,840.0,210.0,1
402.7625,87.53500000000001,840.0,210.0,1
402.7625,87.53500000000001,840.0,210.0,1
402.7625,87.53500000000001,840.0,210.0,1
402.7625,87.53500000000001,840.0,210.0,1
402.7625,87.53500000000001,840.0,210.0,1
402.7625,87.53500000000001,840.0,210.0,1
402.7625,87.53500000000001,840.0,210.0,1
402.7625,87.53500000000001,840.0,210.0,1
402.7625,87.53500000000001,840.0,210.0,1
402.7625,87.53500000000001,840.0,210.0,1
402.7625,87.53500000000001,840.0,210.0,1
402.7625,87.53500000000001,840.0,210.0,1
402.7625,87.53500000000001,840.0,210.0,1
402.7625,87.53500000000001,840.0,210.0,1
402.7625,87.53500000000001,840.0,210.0,1
402.7625,87.53500000000001,840.0,210.0,1
402.7625,87.53500000000001,840.0,210.0,1
402.7625,87.53500000000001,840.0,210.0,1
402.7625,87.53500000000001,840.0,210.0,1
402.7625,87.53500000000001,840.0,210.0,1
402.7625,87.53500000000001,840.0,210.0,1
402.7625,87.53500000000001,840.0,210.0,1
402.7625,87.53500000000001,840.0,210.0,1
402.7625,87.53500000000001,840.0,210.0,1
402.7625,87.53500000000001,840.0,210.0,1
402.7625,87.53500000000001,840.0,210.0,1
402.7625,87.53500000000001,840.0,210.0,1
402.7625,87.53500000000001,840.0,210.0,1
402.7625,87.53500000000001,840.0,210.0,1
402.7625,87.53500000000001,840.0,210.0,1
402.7625,87.53500000000001,840.0,210.0,1
402.7625,87.53500000000001,840.0,210.0,1
402.7625,87.53500000000001,840.0,210.0,1
402.7625,87.53500000000001,840.0,210.0,1
402.7625,87.53500000000001,840.0,210.0,1
402.7625,87.53500000000001,840.0,210.0,1
402.7625,87.53500000000001,840.0,210.0,1
402.7625,87.53500000000001,840.0,210.0,1
402.7625,87.53500000000001,840.0,210.0,1
402.7625,87.53500000000001,840.0,210.0,1
402.7625,87.53500000000001,840.0,210.0,1
402.7625,87.53500000000001,840.0,210.0,1
402.7625,87.53500000000001,840.0,210.0,1
402.7625,87.53500000000001,840.0,210.0,1
402.7625,87.53500000000001,840.0,210.0,1
402.7625,87.53500000000001,840.0,210.0,1
402.7625,87.53500000000001,840.0,210.0,1
402.7625,87.53500000000001,840.0,210.0,1
402.7625,87.53500000000001,840.0,210.0,1
402.7625,87.53500000000001,840.0,210.0,1
402.7625,87.53500000000001,840.0,210.0,1
402.7625,87.53500000000001,840.0,210.0,1
402.7625,87.53500000000001,840.0,210.0,1
402.7625,87.53500000000001,840.0,210.0,1
402.7625,87.53500000000001,840.0,210.0,1
402.7625,87.53500000000001,840.0,210.0,1
402.7625,87.53500000000001,840.0,210.0,1
402.7625,87.53500000000001,840.0,210.0,1
402.7625,87.53500000000001,840.0,210.0,1
402.7625,87.53500000000001,840.0,210.0,1
402.7625,87.53500000000001,840.0,210.0,1
402.7625,87.53500000000001,840.0,210.0,1
402.7625,87.53500000000001,840.0,210.0,1
402.7625,87.53500000000001,840.0,210.0,1
402.7625,87.53500000000001,840.0,210.0,1
402.7625,87.53500000000001,840.0,210.0,1
402.7625,87.53500000000001,840.0,210.0,1
402.7625,87.53500000000001,840.0,210.0,1
402.7625,87.53500000000001,840.0,210.0,1
402.7625,87.53500000000001,840.0,210.0,1
402.7625,87.53500000000001,840.0,210.0,1
402.7625,87.53500000000001,840.0,210.0,1
402.7625,87.53500000000001,840.0,210.0,1
402.7625,87.53500000000001,840.0,210.0,1
402.7625,87.53500000000001,840.0,210.0,1
402.7625,87.53500000000001,840.0,210.0,1
402.7625,87.53500000000001,840.0,210.0,1
402.7625,87.53500000000001,840.0,210.0,1
402.7625,87.53500000000001,840.0,210.0,1
402.7625,87.53500000000001,840.0,210.0,1
402.7625,87.53500000000001,840.0,210.0,1
402.7625,87.53500000000001,840.0,210.0,1
402.7625,87.53500000000001,840.0,210.0,1
402.7625,87.53500000000001,840.0,210.0,1
402.7625,87.53500000000001,840.0,210.0,1
402.7625,87.53500000000001,840.0,210.0,1
402.7625,87.53500000000001,840.0,210.0,1
402.7625,87.53500000000001,840.0,210.0,1
402.7625,87.53500000000001,840.0,210.0,1
402.7625,87.53500000000001,840.0,210.0,1
402.7625,87.53500000000001,840.0,210.0,1
402.7625,87.53500000000001,840.0,210.0,1
402.7625,87.53500000000001,840.0,210.0,1
402.7625,87.53500000000001,840.0,210.0,1
402.7625,87.53500000000001,840.0,210.0,1
402.7625,87.53500000000001,840.0,210.0,1
402.7625,87.53500000000001,840.0,210.0,1
402.7625,87.53500000000001,840.0,210.0,1
402.7625,87.53500000000001,840.0,210.0,1
402.7625,87.53500000000001,840.0,210.0,1
402.7625,87.53500000000001,840.0,210.0,1
402.7625,87.53500000000001,840.0,210.0,1
402.7625,87.53500000000001,840.0,210.0,1
402.7625,87.53500000000001,840.0,210.0,1
402.7625,87.53500000000001,840.0,210.0,1
402.7625,87.53500000000001,840.0,210.0,1
402.7625,87.53500000000001,840.0,210.0,1
402.7625,87.53500000000001,840.0,210.0,1
402.7625,87.53500000000001,840.0,210.0,1
402.7625,87.53500000000001,840.0,210.0,1
402.7625,87.53500000000001,840.0,210.0,1
402.7625,87.53500000000001,840.0,210.0,1
402.7625,87.53500000000001,840.0,210.0,1
402.7625,87.53500000000001,840.0,210.0,1
402.7625,87.53500000000001,840.0,210.0,1
402.7625,87.53500000000001,840.0,210.0,1
402.7625,87.53500000000001,840.0,210.0,1
402.7625,87.53500000000001,840.0,210.0,1
402.7625,87.53500000000001,840.0,210.0,1
402.7625,87.53500000000001,840.0,210.0,1
402.7625,87.53500000000001,840.0,210.0,1
402.7625,87.53500000000001,840.0,210.0,1
402.7625,87.53500000000001,840.0,210.0,1
402.7625,87.53500000000001,840.0,210.0,1
402.7625,87.53500000000001,840.0,210.0,1
402.7625,87.53500000000001,840.0,210.0,1
402.7625,87.53500000000001,840.0,210.0,1
402.7625,87.53500000000001,840.0,210.0,1
402.7625,87.53500000000001,840.0,210.0,1
402.7625,87.53500000000001,840.0,210.0,1
402.7625,87.53500000000001,840.0,210.0,1
402.7625,87.53500000000001,840.0,210.0,1
402.7625,87.53500000000001,840.0,210.0,1
402.7625,87.53500000000001,840.0,210.0,1
402.7625,87.53500000000001,840.0,210.0,1
402.7625,87.53500000000001,840.0,210.0,1
402.7625,87.53500000000001,840.0,210.0,1
402.7625,87.53500000000001,840.0,210.0,1
402.7625,87.53500000000001,840.0,210.0,1
402.7625,87.53500000000001,840.0,210.0,1
402.7625,87.53500000000001,840.0,210.0,1
402.7625,87.53500000000001,840.0,210.0,1
402.7625,87.53500000000001,840.0,210.0,1
402.7625,87.53500000000001,840.0,210.0,1
402.7625,87.53500000000001,840.0,210.0,1
402.7625,87.53500000000001,840.0,210.0,1
402.7625,87.53500000000001,840.0,210.0,1
402.7625,87.53500000000001,840.0,210.0,1
402.7625,87.53500000000001,840.0,210.0,1
402.7625,87.53500000000001,840.0,210.0,1
402.7625,87.53500000000001,840.0,210.0,1
402.7625,87.53500000000001,840.0,210.0,1
402.7625,87.53500000000001,840.0,210.0,1
402.7625,87.53500000000001,840.0,210.0,1
402.7625,87.53500000000001,840.0,210.0,1
402.7625,87.53500000000001,840.0,210.0,1
402.7625,87.53500000000001,840.0,210.0,1
402.7625,87.53500000000001,840.0,210.0,1
402.7625,87.53500000000001,840.0,210.0,1
402.7625,87.53500000000001,840.0,210.0,1
402.7625,87.53500000000001,840.0,210.0,1
402.7625,87.53500000000001,840.0,210.0,1
402.7625,87.53500000000001,840.0,210.0,1
402.7625,87.53500000000001,840.0,210.0,1
402.7625,87.53500000000001,840.0,210.0,1
402.7625,87.53500000000001,840.0,210.0,1
402.7625,87.53500000000001,840.0,210.0,1
402.7625,87.53500000000001,840.0,210.0,1
402.7625,87.53500000000001,840.0,210.0,1
402.7625,87.53500000000001,840.0,210.0,1
402.7625,87.53500000000001,840.0,210.0,1
402.7625,87.53500000000001,840.0,210.0,1
402.7625,87.53500000000001,840.0,210.0,1
402.7625,87.53500000000001,840.0,210.0,1
402.7625,87.53500000000001,840.0,210.0,1
402.7625,87.53500000000001,840.0,210.0,1
402.7625,87.53500000000001,840.0,210.0,1
402.7625,87.53500000000001,840.0,210.0,1
402.7625,87.53500000000001,840.0,210.0,1
402.7625,87.53500000000001,840.0,210.0,1
402.7625,87.53500000000001,840.0,210.0,1
402.7625,87.53500000000001,840.0,210.0,1
402.7625,87.53500000000001,840.0,210.0,1
402.7625,87.53500000000001,840.0,210.0,1
402.7625,87.53500000000001,840.0,210.0,1
402.7625,87.53500000000001,840.0,210.0,1
402.7625,87.53500000000001,840.0,210.0,1
402.7625,87.53500000000001,840.0,210.0,1
402.7625,87.53500000000001,840.0,210.0,1
402.7625,87.53500000000001,840.0,210.0,1
402.7625,87.53500000000001,840.0,210.0,1
402.7625,87.53500000000001,840.0,210.0,1
402.7625,87.53500000000001,840.0,210.0,1
402.7625,87.53500000000001,840.0,210.0,1
402.7625,87.53500000000001,840.0,210.0,1
402.7625,87.53500000000001,840.0,210.0,1
402.7625,87.53500000000001,840.0,210.0,1
402.7625,87.53500000000001,840.0,210.0,1
402.7625,87.53500000000001,840.0,210.0,1
402.7625,87.53500000000001,840.0,210.0,1
402.7625,87.53500000000001,840.0,210.0,1
402.7625,87.53500000000001,840.0,210.0,1
402.7625,87.53500000000001,840.0,210.0,1
402.7625,87.53500000000001,840.0,210.0,1
402.7625,87.53500000000001,840.0,210.0,1
402.7625,87.53500000000001,840.0,210.0,1
402.7625,87.53500000000001,840.0,210.0,1
402.7625,87.53500000000001,840.0,210.0,1
402.7625,87.53500000000001,840.0,210.0,1
402.7625,87.53500000000001,840.0,210.0,1
402.7625,87.53500000000001,840.0,210.0,1
402.7625,87.53500000000001,840.0,210.0,1
402.7625,87.53500000000001,840.0,210.0,1
402.7625,87.53500000000001,840.0,210.0,1
402.7625,87.53500000000001,840.0,210.0,1
402.7625,87.53500000000001,840.0,210.0,1
402.7625,87.53500000000001,840.0,210.0,1
402.7625,87.53500000000001,840.0,210.0,1
402.7625,87.53500000000001,840.0,210.0,1
402.7625,87.53500000000001,840.0,210.0,1
402.7625,87.53500000000001,840.0,210.0,1
402.7625,87.53500000000001,840.0,210.0,1
402.7625,87.53500000000001,840.0,210.0,1
402.7625,87.53500000000001,840.0,210.0,1
402.7625,87.53500000000001,840.0,210.0,1
402.7625,87.53500000000001,840.0,210.0,1
402.7625,87.53500000000001,840.0,210.0,1
402.7625,87.53500000000001,840.0,210.0,1
402.7625,87.53500000000001,840.0,210.0,1
402.7625,87.53500000000001,840.0,210.0,1
402.7625,87.53500000000001,840.0,210.0,1
402.7625,87.53500000000001,840.0,210.0,1
402.7625,87.53500000000001,840.0,210.0,1
402.7625,87.53500000000001,840.0,210.0,1
402.7625,87.53500000000001,840.0,210.0,1
402.7625,87.53500000000001,840.0,210.0,1
402.7625,87.53500000000001,840.0,210.0,1
402.7625,87.53500000000001,840.0,210.0,1
402.7625,87.53500000000001,840.0,210.0,1
402.7625,87.53500000000001,840.0,210.0,1
402.7625,87.53500000000001,840.0,210.0,1
402.7625,87.53500000000001,840.0,210.0,1
402.7625,87.53500000000001,840.0,210.0,1
402.7625,87.53500000000001,840.0,210.0,1
402.7625,87.53500000000001,840.0,210.0,1
402.7625,87.53500000000001,840.0,210.0,1
402.7625,87.53500000000001,840.0,210.0,1
402.7625,87.53500000000001,840.0,210.0,1
402.7625,87.53500000000001,840.0,210.0,1
402.7625,87.53500000000001,840.0,210.0,1
402.7625,87.53500000000001,840.0,210.0,1
402.7625,87.53500000000001,840.0,210.0,1
402.7625,87.53500000000001,840.0,210.0,1
402.7625,87.53500000000001,840.0,210.0,1
402.7625,87.53500000000001,840.0,210.0,1
402.7625,87.53500000000001,840.0,210.0,1
402.7625,87.53500000000001,840.0,210.0,1
402.7625,87.53500000000001,840.0,210.0,1
402.7625,87.53500000000001,840.0,210.0,1
402.7625,87.53500000000001,840.0,210.0,1
402.7625,87.53500000000001,840.0,210.0,1
402.7625,87.53500000000001,840.0,210.0,1
402.7625,87.53500000000001,840.0,210.0,1
402.7625,87.53500000000001,840.0,210.0,1
402.7625,87.53500000000001,840.0,210.0,1
402.7625,87.53500000000001,840.0,210.0,1
402.7625,87.53500000000001,840.0,210.0,1
402.7625,87.53500000000001,840.0,210.0,1
402.7625,87.53500000000001,840.0,210.0,1
402.7625,87.53500000000001,840.0,210.0,1
402.7625,87.53500000000001,840.0,210.0,1
402.7625,87.53500000000001,840.0,210.0,1
402.7625,87.53500000000001,840.0,210.0,1
402.7625,87.53500000000001,840.0,210.0,1
402.7625,87.53500000000001,840.0,210.0,1
402.7625,87.53500000000001,840.0,210.0,1
402.7625,87.53500000000001,840.0,210.0,1
402.7625,87.53500000000001,840.0,210.0,1
402.7625,87.53500000000001,840.0,210.0,1
402.7625,87.53500000000001,840.0,210.0,1
402.7625,87.53500000000001,840.0,210.0,1
402.7625,87.53500000000001,840.0,210.0,1
402.7625,87.53500000000001,840.0,210.0,1
402.7625,87.53500000000001,840.0,210.0,1
402.7625,87.53500000000001,840.0,210.0,1
402.7625,87.53500000000001,840.0,210.0,1
402.7625,87.53500000000001,840.0,210.0,1
402.7625,87.53500000000001,840.0,210.0,1
402.7625,87.53500000000001,840.0,210.0,1
402.7625,87.53500000000001,840.0,210.0,1
402.7625,87.53500000000001,840.0,210.0,1
402.7625,87.53500000000001,840.0,210.0,1
402.7625,87.53500000000001,840.0,210.0,1
402.7625,87.53500000000001,840.0,210.0,1
402.7625,87.53500000000001,840.0,210.0,1
402.7625,87.53500000000001,840.0,210.0,1
402.7625,87.53500000000001,840.0,210.0,1
402.7625,87.53500000000001,840.0,210.0,1
402.7625,87.53500000000001,840.0,210.0,1
402.7625,87.53500000000001,840.0,210.0,1
402.7625,87.53500000000001,840.0,210.0,1
402.7625,87.53500000000001,840.0,210.0,1
402.7625,87.53500000000001,840.0,210.0,1
402.7625,87.53500000000001,840.0,210.0,1
402.7625,87.53500000000001,840.0,210.0,1
402.7625,87.53500000000001,840.0,210.0,1
402.7625,87.53500000000001,840.0,210.0,1
402.7625,87.53500000000001,840.0,210.0,1
402.7625,87.53500000000001,840.0,210.0,1
402.7625,87.53500000000001,840.0,210.0,1
402.7625,87.53500000000001,840.0,210.0,1
402.7625,87.53500000000001,840.0,210.0,1
402.7625,87.53500000000001,840.0,210.0,1
402.7625,87.53500000000001,840.0,210.0,1
402.7625,87.53500000000001,840.0,210.0,1
402.7625,87.53500000000001,840.0,210.0,1
402.7625,87.53500000000001,840.0,210.0,1
402.7625,87.53500000000001,840.0,210.0,1
402.7625,87.53500000000001,840.0,210.0,1
402.7625,87.53500000000001,840.0,210.0,1
402.7625,87.53500000000001,840.0,210.0,1
402.7625,87.53500000000001,840.0,210.0,1
402.7625,87.53500000000001,840.0,210.0,1
402.7625,87.53500000000001,840.0,210.0,1
402.7625,87.53500000000001,840.0,210.0,1
402.7625,87.53500000000001,840.0,210.0,1
402.7625,87.53500000000001,840.0,210.0,1
402.7625,87.53500000000001,840.0,210.0,1
402.7625,87.53500000000001,840.0,210.0,1
402.7625,87.53500000000001,840.0,210.0,1
402.7625,87.53500000000001,840.0,210.0,1
402.7625,87.53500000000001,840.0,210.0,1
402.7625,87.53500000000001,840.0,210.0,1
402.7625,87.53500000000001,840.0,210.0,1
402.7625,87.53500000000001,840.0,210.0,1
402.7625,87.53500000000001,840.0,210.0,1
402.7625,87.53500000000001,840.0,210.0,1
402.7625,87.53500000000001,840.0,210.0,1
402.7625,87.53500000000001,840.0,210.0,1
402.7625,87.53500000000001,840.0,210.0,1
402.7625,87.53500000000001,840.0,210.0,1
402.7625,87.53500000000001,840.0,210.0,1
402.7625,87.53500000000001,840.0,210.0,1
402.7625,87.53500000000001,840.0,210.0,1
402.7625,87.53500000000001,840.0,210.0,1
402.7625,87.53500000000001,840.0,210.0,1
402.7625,87.53500000000001,840.0,210.0,1
402.7625,87.53500000000001,840.0,210.0,1
402.7625,87.53500000000001,840.0,210.0,1
402.7625,87.53500000000001,840.0,210.0,1
402.7625,87.53500000000001,840.0,210.0,1
402.7625,87.53500000000001,840.0,210.0,1
402.7625,87.53500000000001,840.0,210.0,1
402.7625,87.53500000000001,840.0,210.0,1
402.7625,87.53500000000001,840.0,210.0,1
402.7625,87.53500000000001,840.0,210.0,1
402.7625,87.53500000000001,840.0,210.0,1
402.7625,87.53500000000001,840.0,210.0,1
402.7625,87.53500000000001,840.0,210.0,1
402.7625,87.53500000000001,840.0,210.0,1
402.7625,87.53500000000001,840.0,210.0,1
402.7625,87.53500000000001,840.0,210.0,1
402.7625,87.53500000000001,840.0,210.0,1
402.7625,87.53500000000001,840.0,210.0,1
402.7625,87.53500000000001,840.0,210.0,1
402.7625,87.53500000000001,840.0,210.0,1
402.7625,87.53500000000001,840.0,210.0,1
402.7625,87.53500000000001,840.0,210.0,1
402.7625,87.53500000000001,840.0,210.0,1
402.7625,87.53500000000001,840.0,210.0,1
402.7625,87.53500000000001,840.0,210.0,1
402.7625,87.53500000000001,840.0,210.0,1
402.7625,87.53500000000001,840.0,210.0,1
402.7625,87.53500000000001,840.0,210.0,1
402.7625,87.53500000000001,840.0,210.0,1
402.7625,87.53500000000001,840.0,210.0,1
402.7625,87.53500000000001,840.0,210.0,1
402.7625,87.53500000000001,840.0,210.0,1
402.7625,87.53500000000001,840.0,210.0,1
402.7625,87.53500000000001,840.0,210.0,1
402.7625,87.53500000000001,840.0,210.0,1
402.7625,87.53500000000001,840.0,210.0,1
402.7625,87.53500000000001,840.0,210.0,1
402.7625,87.53500000000001,840.0,210.0,1
402.7625,87.53500000000001,840.0,210.0,1
402.7625,87.53500000000001,840.0,210.0,1
402.7625,87.53500000000001,840.0,210.0,1
402.7625,87.53500000000001,840.0,210.0,1
402.7625,87.53500000000001,840.0,210.0,1
402.7625,87.53500000000001,840.0,210.0,1
402.7625,87.53500000000001,840.0,210.0,1
402.7625,87.53500000000001,840.0,210.0,1
402.7625,87.53500000000001,840.0,210.0,1
402.7625,87.53500000000001,840.0,210.0,1
402.7625,87.53500000000001,840.0,210.0,1
402.7625,87.53500000000001,840.0,210.0,1
402.7625,87.53500000000001,840.0,210.0,1
402.7625,87.53500000000001,840.0,210.0,1
402.7625,87.53500000000001,840.0,210.0,1
402.7625,87.53500000000001,840.0,210.0,1
402.7625,87.53500000000001,840.0,210.0,1
402.7625,87.53500000000001,840.0,210.0,1
402.7625,87.53500000000001,840.0,210.0,1
402.7625,87.53500000000001,840.0,210.0,1
402.7625,87.53500000000001,840.0,210.0,1
402.7625,87.53500000000001,840.0,210.0,1
402.7625,87.53500000000001,840.0,210.0,1
402.7625,87.53500000000001,840.0,210.0,1
402.7625,87.53500000000001,840.0,210.0,1
402.7625,87.53500000000001,840.0,210.0,1
402.7625,87.53500000000001,840.0,210.0,1
402.7625,87.53500000000001,840.0,210.0,1
402.7625,87.53500000000001,840.0,210.0,1
402.7625,87.53500000000001,840.0,210.0,1
402.7625,87.53500000000001,840.0,210.0,1
402.7625,87.53500000000001,840.0,210.0,1
402.7625,87.53500000000001,840.0,210.0,1
402.7625,87.53500000000001,840.0,210.0,1
402.7625,87.53500000000001,840.0,210.0,1
402.7625,87.53500000000001,840.0,210.0,1
402.7625,87.53500000000001,840.0,210.0,1
402.7625,87.53500000000001,840.0,210.0,1
402.7625,87.53500000000001,840.0,210.0,1
402.7625,87.53500000000001,840.0,210.0,1
402.7625,87.53500000000001,840.0,210.0,1
402.7625,87.53500000000001,840.0,210.0,1
402.7625,87.53500000000001,840.0,210.0,1
402.7625,87.53500000000001,840.0,210.0,1
402.7625,87.53500000000001,840.0,210.0,1
402.7625,87.53500000000001,840.0,210.0,1
402.7625,87.53500000000001,840.0,210.0,1
402.7625,87.53500000000001,840.0,210.0,1
402.7625,87.53500000000001,840.0,210.0,1
402.7625,87.53500000000001,840.0,210.0,1
402.7625,87.53500000000001,840.0,210.0,1
402.7625,87.53500000000001,840.0,210.0,1
402.7625,87.53500000000001,840.0,210.0,1
402.7625,87.53500000000001,840.0,210.0,1
402.7625,87.53500000000001,840.0,210.0,1
402.7625,87.53500000000001,840.0,210.0,1
402.7625,87.53500000000001,840.0,210.0,1
402.7625,87.53500000000001,840.0,210.0,1
402.7625,87.53500000000001,840.0,210.0,1
402.7625,87.53500000000001,840.0,210.0,1
402.7625,87.53500000000001,840.0,210.0,1
402.7625,87.53500000000001,840.0,210.0,1
402.7625,87.53500000000001,840.0,210.0,1
402.7625,87.53500000000001,840.0,210.0,1
402.7625,87.53500000000001,840.0,210.0,1
402.7625,87.53500000000001,840.0,210.0,1
402.7625,87.53500000000001,840.0,210.0,1
402.7625,87.53500000000001,840.0,210.0,1
402.7625,87.53500000000001,840.0,210.0,1
402.7625,87.53500000000001,840.0,210.0,1
402.7625,87.53500000000001,840.0,210.0,1
402.7625,87.53500000000001,840.0,210.0,1
402.7625,87.53500000000001,840.0,210.0,1
402.7625,87.53500000000001,840.0,210.0,1
402.7625,87.53500000000001,840.0,210.0,1
402.7625,87.53500000000001,840.0,210.0,1
402.7625,87.53500000000001,840.0,210.0,1
402.7625,87.53500000000001,840.0,210.0,1
402.7625,87.53500000000001,840.0,210.0,1
402.7625,87.53500000000001,840.0,210.0,1
402.7625,87.53500000000001,840.0,210.0,1
402.7625,87.53500000000001,840.0,210.0,1
402.7625,87.53500000000001,840.0,210.0,1
402.7625,87.53500000000001,840.0,210.0,1
402.7625,87.53500000000001,840.0,210.0,1
402.7625,87.53500000000001,840.0,210.0,1
402.7625,87.53500000000001,840.0,210.0,1
402.7625,87.53500000000001,840.0,210.0,1
402.7625,87.53500000000001,840.0,210.0,1
402.7625,87.53500000000001,840.0,210.0,1
402.7625,87.53500000000001,840.0,210.0,1
402.7625,87.53500000000001,840.0,210.0,1
402.7625,87.53500000000001,840.0,210.0,1
402.7625,87.53500000000001,840.0,210.0,1
402.7625,87.53500000000001,840.0,210.0,1
402.7625,87.53500000000001,840.0,210.0,1
402.7625,87.53500000000001,840.0,210.0,1
402.7625,87.53500000000001,840.0,210.0,1
402.7625,87.53500000000001,840.0,210.0,1
402.7625,87.53500000000001,840.0,210.0,1
402.7625,87.53500000000001,840.0,210.0,1
402.7625,87.53500000000001,840.0,210.0,1
402.7625,87.53500000000001,840.0,210.0,1
402.7625,87.53500000000001,840.0,210.0,1
402.7625,87.53500000000001,840.0,210.0,1
402.7625,87.53500000000001,840.0,210.0,1
402.7625,87.53500000000001,840.0,210.0,1
402.7625,87.53500000000001,840.0,210.0,1
402.7625,87.53500000000001,840.0,210.0,1
402.7625,87.53500000000001,840.0,210.0,1
402.7625,87.53500000000001,840.0,210.0,1
402.7625,87.53500000000001,840.0,210.0,1
402.7625,87.53500000000001,840.0,210.0,1
402.7625,87.53500000000001,840.0,210.0,1
402.7625,87.53500000000001,840.0,210.0,1
402.7625,87.53500000000001,840.0,210.0,1
402.7625,87.53500000000001,840.0,210.0,1
402.7625,87.53500000000001,840.0,210.0,1
402.7625,87.53500000000001,840.0,210.0,1
402.7625,87.53500000000001,840.0,210.0,1
402.7625,87.53500000000001,840.0,210.0,1
402.7625,87.53500000000001,840.0,210.0,1
402.7625,87.53500000000001,840.0,210.0,1
402.7625,87.53500000000001,840.0,210.0,1
402.7625,87.53500000000001,840.0,210.0,1
402.7625,87.53500000000001,840.0,210.0,1
402.7625,87.53500000000001,840.0,210.0,1
402.7625,87.53500000000001,840.0,210.0,1
402.7625,87.53500000000001,840.0,210.0,1
402.7625,87.53500000000001,840.0,210.0,1
402.7625,87.53500000000001,840.0,210.0,1
402.7625,87.53500000000001,840.0,210.0,1
402.7625,87.53500000000001,840.0,210.0,1
402.7625,87.53500000000001,840.0,210.0,1
402.7625,87.53500000000001,840.0,210.0,1
402.7625,87.53500000000001,840.0,210.0,1
402.7625,87.53500000000001,840.0,210.0,1
402.7625,87.53500000000001,840.0,210.0,1
402.7625,87.53500000000001,840.0,210.0,1
402.7625,87.53500000000001,840.0,210.0,1
402.7625,87.53500000000001,840.0,210.0,1
402.7625,87.53500000000001,840.0,210.0,1
402.7625,87.53500000000001,840.0,210.0,1
402.7625,87.53500000000001,840.0,210.0,1
402.7625,87.53500000000001,840.0,210.0,1
402.7625,87.53500000000001,840.0,210.0,1
402.7625,87.53500000000001,840.0,210.0,1
402.7625,87.53500000000001,840.0,210.0,1
402.7625,87.53500000000001,840.0,210.0,1
402.7625,87.53500000000001,840.0,210.0,1
402.7625,87.53500000000001,840.0,210.0,1
402.7625,87.53500000000001,840.0,210.0,1
402.7625,87.53500000000001,840.0,210.0,1
402.7625,87.53500000000001,840.0,210.0,1
402.7625,87.53500000000001,840.0,210.0,1
402.7625,87.53500000000001,840.0,210.0,1
402.7625,87.53500000000001,840.0,210.0,1
402.7625,87.53500000000001,840.0,210.0,1
402.7625,87.53500000000001,840.0,210.0,1
402.7625,87.53500000000001,840.0,210.0,1
402.7625,87.53500000000001,840.0,210.0,1
402.7625,87.53500000000001,840.0,210.0,1
402.7625,87.53500000000001,840.0,210.0,1
402.7625,87.53500000000001,840.0,210.0,1
402.7625,87.53500000000001,840.0,210.0,1
402.7625,87.53500000000001,840.0,210.0,1
402.7625,87.53500000000001,840.0,210.0,1
402.7625,87.53500000000001,840.0,210.0,1
402.7625,87.53500000000001,840.0,210.0,1
402.7625,87.53500000000001,840.0,210.0,1
402.7625,87.53500000000001,840.0,210.0,1
402.7625,87.53500000000001,840.0,210.0,1
402.7625,87.53500000000001,840.0,210.0,1
402.7625,87.53500000000001,840.0,210.0,1
402.7625,87.53500000000001,840.0,210.0,1
402.7625,87.53500000000001,840.0,210.0,1
402.7625,87.53500000000001,840.0,210.0,1
402.7625,87.53500000000001,840.0,210.0,1
402.7625,87.53500000000001,840.0,210.0,1
402.7625,87.53500000000001,840.0,210.0,1
402.7625,87.53500000000001,840.0,210.0,1
402.7625,87.53500000000001,840.0,210.0,1
402.7625,87.53500000000001,840.0,210.0,1
402.7625,87.53500000000001,840.0,210.0,1
402.7625,87.53500000000001,840.0,210.0,1
402.7625,87.53500000000001,840.0,210.0,1
402.7625,87.53500000000001,840.0,210.0,1
402.7625,87.53500000000001,840.0,210.0,1
402.7625,87.53500000000001,840.0,210.0,1
402.7625,87.53500000000001,840.0,210.0,1
402.7625,87.53500000000001,840.0,210.0,1
402.7625,87.53500000000001,840.0,210.0,1
402.7625,87.53500000000001,840.0,210.0,1
402.7625,87.53500000000001,840.0,210.0,1
402.7625,87.53500000000001,840.0,210.0,1
402.7625,87.53500000000001,840.0,210.0,1
402.7625,87.53500000000001,840.0,210.0,1
402.7625,87.53500000000001,840.0,210.0,1
402.7625,87.53500000000001,840.0,210.0,1
402.7625,87.53500000000001,840.0,210.0,1
402.7625,87.53500000000001,840.0,210.0,1
402.7625,87.53500000000001,840.0,210.0,1
402.7625,87.53500000000001,840.0,210.0,1
402.7625,87.53500000000001,840.0,210.0,1
402.7625,87.53500000000001,840.0,210.0,1
402.7625,87.53500000000001,840.0,210.0,1
402.7625,87.53500000000001,840.0,210.0,1
402.7625,87.53500000000001,840.0,210.0,1
402.7625,87.53500000000001,840.0,210.0,1
402.7625,87.53500000000001,840.0,210.0,1
402.7625,87.53500000000001,840.0,210.0,1
402.7625,87.53500000000001,840.0,210.0,1
402.7625,87.53500000000001,840.0,210.0,1
402.7625,87.53500000000001,840.0,210.0,1
402.7625,87.53500000000001,840.0,210.0,1
402.7625,87.53500000000001,840.0,210.0,1
402.7625,87.53500000000001,840.0,210.0,1
402.7625,87.53500000000001,840.0,210.0,1
402.7625,87.53500000000001,840.0,210.0,1
402.7625,87.53500000000001,840.0,210.0,1
402.7625,87.53500000000001,840.0,210.0,1
402.7625,87.53500000000001,840.0,210.0,1
402.7625,87.53500000000001,840.0,210.0,1
402.7625,87.53500000000001,840.0,210.0,1
402.7625,87.53500000000001,840.0,210.0,1
402.7625,87.53500000000001,840.0,210.0,1
402.7625,87.53500000000001,840.0,210.0,1
402.7625,87.53500000000001,840.0,210.0,1
402.7625,87.53500000000001,840.0,210.0,1
402.7625,87.53500000000001,840.0,210.0,1
402.7625,87.53500000000001,840.0,210.0,1
402.7625,87.53500000000001,840.0,210.0,1
402.7625,87.53500000000001,840.0,210.0,1
402.7625,87.53500000000001,840.0,210.0,1
402.7625,87.53500000000001,840.0,210.0,1
402.7625,87.53500000000001,840.0,210.0,1
402.7625,87.53500000000001,840.0,210.0,1
402.7625,87.53500000000001,840.0,210.0,1
402.7625,87.53500000000001,840.0,210.0,1
402.7625,87.53500000000001,840.0,210.0,1
402.7625,87.53500000000001,840.0,210.0,1
402.7625,87.53500000000001,840.0,210.0,1
402.7625,87.53500000000001,840.0,210.0,1
402.7625,87.53500000000001,840.0,210.0,1
402.7625,87.53500000000001,840.0,210.0,1
402.7625,87.53500000000001,840.0,210.0,1
402.7625,87.53500000000001,840.0,210.0,1
402.7625,87.53500000000001,840.0,210.0,1
402.7625,87.53500000000001,840.0,210.0,1
402.7625,87.53500000000001,840.0,210.0,1
402.7625,87.53500000000001,840.0,210.0,1
402.7625,87.53500000000001,840.0,210.0,1
402.7625,87.53500000000001,840.0,210.0,1
402.7625,87.53500000000001,840.0,210.0,1
402.7625,87.53500000000001,840.0,210.0,1
402.7625,87.53500000000001,840.0,210.0,1
402.7625,87.53500000000001,840.0,210.0,1
402.7625,87.53500000000001,840.0,210.0,1
402.7625,87.53500000000001,840.0,210.0,1
402.7625,87.53500000000001,840.0,210.0,1
402.7625,87.53500000000001,840.0,210.0,1
402.7625,87.53500000000001,840.0,210.0,1
402.7625,87.53500000000001,840.0,210.0,1
402.7625,87.53500000000001,840.0,210.0,1
402.7625,87.53500000000001,840.0,210.0,1
402.7625,87.53500000000001,840.0,210.0,1
402.7625,87.53500000000001,840.0,210.0,1
402.7625,87.53500000000001,840.0,210.0,1
402.7625,87.53500000000001,840.0,210.0,1
402.7625,87.53500000000001,840.0,210.0,1
402.7625,87.53500000000001,840.0,210.0,1
402.7625,87.53500000000001,840.0,210.0,1
402.7625,87.53500000000001,840.0,210.0,1
402.7625,87.53500000000001,840.0,210.0,1
402.7625,87.53500000000001,840.0,210.0,1
402.7625,87.53500000000001,840.0,210.0,1
402.7625,87.53500000000001,840.0,210.0,1
402.7625,87.53500000000001,840.0,210.0,1
402.7625,87.53500000000001,840.0,210.0,1
402.7625,87.53500000000001,840.0,210.0,1
402.7625,87.53500000000001,840.0,210.0,1
402.7625,87.53500000000001,840.0,210.0,1
402.7625,87.53500000000001,840.0,210.0,1
402.7625,87.53500000000001,840.0,210.0,1
402.7625,87.53500000000001,840.0,210.0,1
402.7625,87.53500000000001,840.0,210.0,1
402.7625,87.53500000000001,840.0,210.0,1
402.7625,87.53500000000001,840.0,210.0,1
402.7625,87.53500000000001,840.0,210.0,1
402.7625,87.53500000000001,840.0,210.0,1
402.7625,87.53500000000001,840.0,210.0,1
402.7625,87.53500000000001,840.0,210.0,1
402.7625,87.53500000000001,840.0,210.0,1
402.7625,87.53500000000001,840.0,210.0,1
402.7625,87.53500000000001,840.0,210.0,1
402.7625,87.53500000000001,840.0,210.0,1
402.7625,87.53500000000001,840.0,210.0,1
402.7625,87.53500000000001,840.0,210.0,1
402.7625,87.53500000000001,840.0,210.0,1
402.7625,87.53500000000001,840.0,210.0,1
402.7625,87.53500000000001,840.0,210.0,1
402.7625,87.53500000000001,840.0,210.0,1
402.7625,87.53500000000001,840.0,210.0,1
402.7625,87.53500000000001,840.0,210.0,1
402.7625,87.53500000000001,840.0,210.0,1
402.7625,87.53500000000001,840.0,210.0,1
402.7625,87.53500000000001,840.0,210.0,1
402.7625,87.53500000000001,840.0,210.0,1
402.7625,87.53500000000001,840.0,210.0,1
402.7625,87.53500000000001,840.0,210.0,1
402.7625,87.53500000000001,840.0,210.0,1
402.7625,87.53500000000001,840.0,210.0,1
402.7625,87.53500000000001,840.0,210.0,1
402.7625,87.53500000000001,840.0,210.0,1
402.7625,87.53500000000001,840.0,210.0,1
402.7625,87.53500000000001,840.0,210.0,1
402.7625,87.53500000000001,840.0,210.0,1
402.7625,87.53500000000001,840.0,210.0,1
402.7625,87.53500000000001,840.0,210.0,1
402.7625,87.53500000000001,840.0,210.0,1
402.7625,87.53500000000001,840.0,210.0,1
402.7625,87.53500000000001,840.0,210.0,1
402.7625,87.53500000000001,840.0,210.0,1
402.7625,87.53500000000001,840.0,210.0,1
402.7625,87.53500000000001,840.0,210.0,1
402.7625,87.53500000000001,840.0,210.0,1
402.7625,87.53500000000001,840.0,210.0,1
402.7625,87.53500000000001,840.0,210.0,1
402.7625,87.53500000000001,840.0,210.0,1
402.7625,87.53500000000001,840.0,210.0,1
402.7625,87.53500000000001,840.0,210.0,1
402.7625,87.53500000000001,840.0,210.0,1
402.7625,87.53500000000001,840.0,210.0,1
402.7625,87.53500000000001,840.0,210.0,1
402.7625,87.53500000000001,840.0,210.0,1
402.7625,87.53500000000001,840.0,210.0,1
402.7625,87.53500000000001,840.0,210.0,1
402.7625,87.53500000000001,840.0,210.0,1
402.7625,87.53500000000001,840.0,210.0,1
402.7625,87.53500000000001,840.0,210.0,1
402.7625,87.53500000000001,840.0,210.0,1
402.7625,87.53500000000001,840.0,210.0,1
402.7625,87.53500000000001,840.0,210.0,1
402.7625,87.53500000000001,840.0,210.0,1
402.7625,87.53500000000001,840.0,210.0,1
402.7625,87.53500000000001,840.0,210.0,1
402.7625,87.53500000000001,840.0,210.0,1
402.7625,87.53500000000001,840.0,210.0,1
402.7625,87.53500000000001,840.0,210.0,1
402.7625,87.53500000000001,840.0,210.0,1
402.7625,87.53500000000001,840.0,210.0,1
402.7625,87.53500000000001,840.0,210.0,1
402.7625,87.53500000000001,840.0,210.0,1
402.7625,87.53500000000001,840.0,210.0,1
402.7625,87.53500000000001,840.0,210.0,1
402.7625,87.53500000000001,840.0,210.0,1
402.7625,87.53500000000001,840.0,210.0,1
402.7625,87.53500000000001,840.0,210.0,1
402.7625,87.53500000000001,840.0,210.0,1
402.7625,87.53500000000001,840.0,210.0,1
402.7625,87.53500000000001,840.0,210.0,1
402.7625,87.53500000000001,840.0,210.0,1
402.7625,87.53500000000001,840.0,210.0,1
402.7625,87.53500000000001,840.0,210.0,1
402.7625,87.53500000000001,840.0,210.0,1
402.7625,87.53500000000001,840.0,210.0,1
402.7625,87.53500000000001,840.0,210.0,1
402.7625,87.53500000000001,840.0,210.0,1
402.7625,87.53500000000001,840.0,210.0,1
402.7625,87.53500000000001,840.0,210.0,1
402.7625,87.53500000000001,840.0,210.0,1
402.7625,87.53500000000001,840.0,210.0,1
402.7625,87.53500000000001,840.0,210.0,1
402.7625,87.53500000000001,840.0,210.0,1
402.7625,87.53500000000001,840.0,210.0,1
402.7625,87.53500000000001,840.0,210.0,1
402.7625,87.53500000000001,840.0,210.0,1
402.7625,87.53500000000001,840.0,210.0,1
402.7625,87.53500000000001,840.0,210.0,1
402.7625,87.53500000000001,840.0,210.0,1
402.7625,87.53500000000001,840.0,210.0,1
402.7625,87.53500000000001,840.0,210.0,1
402.7625,87.53500000000001,840.0,210.0,1
402.7625,87.53500000000001,840.0,210.0,1
402.7625,87.53500000000001,840.0,210.0,1
402.7625,87.53500000000001,840.0,210.0,1
402.7625,87.53500000000001,840.0,210.0,1
402.7625,87.53500000000001,840.0,210.0,1
402.7625,87.53500000000001,840.0,210.0,1
402.7625,87.53500000000001,840.0,210.0,1
402.7625,87.53500000000001,840.0,210.0,1
402.7625,87.53500000000001,840.0,210.0,1
402.7625,87.53500000000001,840.0,210.0,1
402.7625,87.53500000000001,840.0,210.0,1
402.7625,87.53500000000001,840.0,210.0,1
402.7625,87.53500000000001,840.0,210.0,1
402.7625,87.53500000000001,840.0,210.0,1
402.7625,87.53500000000001,840.0,210.0,1
402.7625,87.53500000000001,840.0,210.0,1
402.7625,87.53500000000001,840.0,210.0,1
402.7625,87.53500000000001,840.0,210.0,1
402.7625,87.53500000000001,840.0,210.0,1
402.7625,87.53500000000001,840.0,210.0,1
402.7625,87.53500000000001,840.0,210.0,1
402.7625,87.53500000000001,840.0,210.0,1
402.7625,87.53500000000001,840.0,210.0,1
402.7625,87.53500000000001,840.0,210.0,1
402.7625,87.53500000000001,840.0,210.0,1
402.7625,87.53500000000001,840.0,210.0,1
402.7625,87.53500000000001,840.0,210.0,1
402.7625,87.53500000000001,840.0,210.0,1
402.7625,87.53500000000001,840.0,210.0,1
402.7625,87.53500000000001,840.0,210.0,1
402.7625,87.53500000000001,840.0,210.0,1
402.7625,87.53500000000001,840.0,210.0,1
402.7625,87.53500000000001,840.0,210.0,1
402.7625,87.53500000000001,840.0,210.0,1
402.7625,87.53500000000001,840.0,210.0,1
402.7625,87.53500000000001,840.0,210.0,1
402.7625,87.53500000000001,840.0,210.0,1
402.7625,87.53500000000001,840.0,210.0,1
402.7625,87.53500000000001,840.0,210.0,1
402.7625,87.53500000000001,840.0,210.0,1
402.7625,87.53500000000001,840.0,210.0,1
402.7625,87.53500000000001,840.0,210.0,1
402.7625,87.53500000000001,840.0,210.0,1
402.7625,87.53500000000001,840.0,210.0,1
402.7625,87.53500000000001,840.0,210.0,1
402.7625,87.53500000000001,840.0,210.0,1
402.7625,87.53500000000001,840.0,210.0,1
402.7625,87.53500000000001,840.0,210.0,1
402.7625,87.53500000000001,840.0,210.0,1
402.7625,87.53500000000001,840.0,210.0,1
402.7625,87.53500000000001,840.0,210.0,1
402.7625,87.53500000000001,840.0,210.0,1
402.7625,87.53500000000001,840.0,210.0,1
402.7625,87.53500000000001,840.0,210.0,1
402.7625,87.53500000000001,840.0,210.0,1
402.7625,87.53500000000001,840.0,210.0,1
402.7625,87.53500000000001,840.0,210.0,1
402.7625,87.53500000000001,840.0,210.0,1
402.7625,87.53500000000001,840.0,210.0,1
402.7625,87.53500000000001,840.0,210.0,1
402.7625,87.53500000000001,840.0,210.0,1
402.7625,87.53500000000001,840.0,210.0,1
402.7625,87.53500000000001,840.0,210.0,1
402.7625,87.53500000000001,840.0,210.0,1
402.7625,87.53500000000001,840.0,210.0,1
402.7625,87.53500000000001,840.0,210.0,1
402.7625,87.53500000000001,840.0,210.0,1
402.7625,87.53500000000001,840.0,210.0,1
402.7625,87.53500000000001,840.0,210.0,1
402.7625,87.53500000000001,840.0,210.0,1
402.7625,87.53500000000001,840.0,210.0,1
402.7625,87.53500000000001,840.0,210.0,1
402.7625,87.53500000000001,840.0,210.0,1
402.7625,87.53500000000001,840.0,210.0,1
402.7625,87.53500000000001,840.0,210.0,1
402.7625,87.53500000000001,840.0,210.0,1
402.7625,87.53500000000001,840.0,210.0,1
402.7625,87.53500000000001,840.0,210.0,1
402.7625,87.53500000000001,840.0,210.0,1
402.7625,87.53500000000001,840.0,210.0,1
402.7625,87.53500000000001,840.0,210.0,1
402.7625,87.53500000000001,840.0,210.0,1
402.7625,87.53500000000001,840.0,210.0,1
402.7625,87.53500000000001,840.0,210.0,1
402.7625,87.53500000000001,840.0,210.0,1
402.7625,87.53500000000001,840.0,210.0,1
402.7625,87.53500000000001,840.0,210.0,1
402.7625,87.53500000000001,840.0,210.0,1
402.7625,87.53500000000001,840.0,210.0,1
402.7625,87.53500000000001,840.0,210.0,1
402.7625,87.53500000000001,840.0,210.0,1
402.7625,87.53500000000001,840.0,210.0,1
402.7625,87.53500000000001,840.0,210.0,1
402.7625,87.53500000000001,840.0,210.0,1
402.7625,87.53500000000001,840.0,210.0,1
402.7625,87.53500000000001,840.0,210.0,1
402.7625,87.53500000000001,840.0,210.0,1
402.7625,87.53500000000001,840.0,210.0,1
402.7625,87.53500000000001,840.0,210.0,1
402.7625,87.53500000000001,840.0,210.0,1
402.7625,87.53500000000001,840.0,210.0,1
402.7625,87.53500000000001,840.0,210.0,1
402.7625,87.53500000000001,840.0,210.0,1
402.7625,87.53500000000001,840.0,210.0,1
402.7625,87.53500000000001,840.0,210.0,1
402.7625,87.53500000000001,840.0,210.0,1
402.7625,87.53500000000001,840.0,210.0,1
402.7625,87.53500000000001,840.0,210.0,1
402.7625,87.53500000000001,840.0,210.0,1
402.7625,87.53500000000001,840.0,210.0,1
402.7625,87.53500000000001,840.0,210.0,1
402.7625,87.53500000000001,840.0,210.0,1
402.7625,87.53500000000001,840.0,210.0,1
402.7625,87.53500000000001,840.0,210.0,1
402.7625,87.53500000000001,840.0,210.0,1
402.7625,87.53500000000001,840.0,210.0,1
402.7625,87.53500000000001,840.0,210.0,1
402.7625,87.53500000000001,840.0,210.0,1
402.7625,87.53500000000001,840.0,210.0,1
402.7625,87.53500000000001,840.0,210.0,1
402.7625,87.53500000000001,840.0,210.0,1
402.7625,87.53500000000001,840.0,210.0,1
402.7625,87.53500000000001,840.0,210.0,1
402.7625,87.53500000000001,840.0,210.0,1
402.7625,87.53500000000001,840.0,210.0,1
402.7625,87.53500000000001,840.0,210.0,1
402.7625,87.53500000000001,840.0,210.0,1
402.7625,87.53500000000001,840.0,210.0,1
402.7625,87.53500000000001,840.0,210.0,1
402.7625,87.53500000000001,840.0,210.0,1
402.7625,87.53500000000001,840.0,210.0,1
402.7625,87.53500000000001,840.0,210.0,1
402.7625,87.53500000000001,840.0,210.0,1
402.7625,87.53500000000001,840.0,210.0,1
402.7625,87.53500000000001,840.0,210.0,1
402.7625,87.53500000000001,840.0,210.0,1
402.7625,87.53500000000001,840.0,210.0,1
402.7625,87.53500000000001,840.0,210.0,1
402.7625,87.53500000000001,840.0,210.0,1
402.7625,87.53500000000001,840.0,210.0,1
402.7625,87.53500000000001,840.0,210.0,1
402.7625,87.53500000000001,840.0,210.0,1
402.7625,87.53500000000001,840.0,210.0,1
402.7625,87.53500000000001,840.0,210.0,1
402.7625,87.53500000000001,840.0,210.0,1
402.7625,87.53500000000001,840.0,210.0,1
402.7625,87.53500000000001,840.0,210.0,1
402.7625,87.53500000000001,840.0,210.0,1
402.7625,87.53500000000001,840.0,210.0,1
402.7625,87.53500000000001,840.0,210.0,1
402.7625,87.53500000000001,840.0,210.0,1
402.7625,87.53500000000001,840.0,210.0,1
402.7625,87.53500000000001,840.0,210.0,1
402.7625,87.53500000000001,840.0,210.0,1
402.7625,87.53500000000001,840.0,210.0,1
402.7625,87.53500000000001,840.0,210.0,1
402.7625,87.53500000000001,840.0,210.0,1
402.7625,87.53500000000001,840.0,210.0,1
402.7625,87.53500000000001,840.0,210.0,1
402.7625,87.53500000000001,840.0,210.0,1
402.7625,87.53500000000001,840.0,210.0,1
402.7625,87.53500000000001,840.0,210.0,1
402.7625,87.53500000000001,840.0,210.0,1
402.7625,87.53500000000001,840.0,210.0,1
402.7625,87.53500000000001,840.0,210.0,1
402.7625,87.53500000000001,840.0,210.0,1
402.7625,87.53500000000001,840.0,210.0,1
402.7625,87.53500000000001,840.0,210.0,1
402.7625,87.53500000000001,840.0,210.0,1
402.7625,87.53500000000001,840.0,210.0,1
402.7625,87.53500000000001,840.0,210.0,1
402.7625,87.53500000000001,840.0,210.0,1
402.7625,87.53500000000001,840.0,210.0,1
402.7625,87.53500000000001,840.0,210.0,1
402.7625,87.53500000000001,840.0,210.0,1
402.7625,87.53500000000001,840.0,210.0,1
402.7625,87.53500000000001,840.0,210.0,1
402.7625,87.53500000000001,840.0,210.0,1
402.7625,87.53500000000001,840.0,210.0,1
402.7625,87.53500000000001,840.0,210.0,1
402.7625,87.53500000000001,840.0,210.0,1
402.7625,87.53500000000001,840.0,210.0,1
402.7625,87.53500000000001,840.0,210.0,1
402.7625,87.53500000000001,840.0,210.0,1
402.7625,87.53500000000001,840.0,210.0,1
402.7625,87.53500000000001,840.0,210.0,1
402.7625,87.53500000000001,840.0,210.0,1
402.7625,87.53500000000001,840.0,210.0,1
402.7625,87.53500000000001,840.0,210.0,1
402.7625,87.53500000000001,840.0,210.0,1
402.7625,87.53500000000001,840.0,210.0,1
402.7625,87.53500000000001,840.0,210.0,1
402.7625,87.53500000000001,840.0,210.0,1
402.7625,87.53500000000001,840.0,210.0,1
402.7625,87.53500000000001,840.0,210.0,1
402.7625,87.53500000000001,840.0,210.0,1
402.7625,87.53500000000001,840.0,210.0,1
402.7625,87.53500000000001,840.0,210.0,1
402.7625,87.53500000000001,840.0,210.0,1
402.7625,87.53500000000001,840.0,210.0,1
402.7625,87.53500000000001,840.0,210.0,1
402.7625,87.53500000000001,840.0,210.0,1
402.7625,87.53500000000001,840.0,210.0,1
402.7625,87.53500000000001,840.0,210.0,1
402.7625,87.53500000000001,840.0,210.0,1
402.7625,87.53500000000001,840.0,210.0,1
402.7625,87.53500000000001,840.0,210.0,1
402.7625,87.53500000000001,840.0,210.0,1
402.7625,87.53500000000001,840.0,210.0,1
402.7625,87.53500000000001,840.0,210.0,1
402.7625,87.53500000000001,840.0,210.0,1
402.7625,87.53500000000001,840.0,210.0,1
402.7625,87.53500000000001,840.0,210.0,1
402.7625,87.53500000000001,840.0,210.0,1
402.7625,87.53500000000001,840.0,210.0,1
402.7625,87.53500000000001,840.0,210.0,1
402.7625,87.53500000000001,840.0,210.0,1
402.7625,87.53500000000001,840.0,210.0,1
402.7625,87.53500000000001,840.0,210.0,1
402.7625,87.53500000000001,840.0,210.0,1
402.7625,87.53500000000001,840.0,210.0,1
402.7625,87.53500000000001,840.0,210.0,1
402.7625,87.53500000000001,840.0,210.0,1
402.7625,87.53500000000001,840.0,210.0,1
402.7625,87.53500000000001,840.0,210.0,1
402.7625,87.53500000000001,840.0,210.0,1
402.7625,87.53500000000001,840.0,210.0,1
402.7625,87.53500000000001,840.0,210.0,1
402.7625,87.53500000000001,840.0,210.0,1
402.7625,87.53500000000001,840.0,210.0,1
402.7625,87.53500000000001,840.0,210.0,1
402.7625,87.53500000000001,840.0,210.0,1
402.7625,87.53500000000001,840.0,210.0,1
402.7625,87.53500000000001,840.0,210.0,1
402.7625,87.53500000000001,840.0,210.0,1
402.7625,87.53500000000001,840.0,210.0,1
402.7625,87.53500000000001,840.0,210.0,1
402.7625,87.53500000000001,840.0,210.0,1
402.7625,87.53500000000001,840.0,210.0,1
402.7625,87.53500000000001,840.0,210.0,1
402.7625,87.53500000000001,840.0,210.0,1
402.7625,87.53500000000001,840.0,210.0,1
402.7625,87.53500000000001,840.0,210.0,1
402.7625,87.53500000000001,840.0,210.0,1
402.7625,87.53500000000001,840.0,210.0,1
402.7625,87.53500000000001,840.0,210.0,1
402.7625,87.53500000000001,840.0,210.0,1
402.7625,87.53500000000001,840.0,210.0,1
402.7625,87.53500000000001,840.0,210.0,1
402.7625,87.53500000000001,840.0,210.0,1
402.7625,87.53500000000001,840.0,210.0,1
402.7625,87.53500000000001,840.0,210.0,1
402.7625,87.53500000000001,840.0,210.0,1
402.7625,87.53500000000001,840.0,210.0,1
402.7625,87.53500000000001,840.0,210.0,1
402.7625,87.53500000000001,840.0,210.0,1
402.7625,87.53500000000001,840.0,210.0,1
402.7625,87.53500000000001,840.0,210.0,1
402.7625,87.53500000000001,840.0,210.0,1
402.7625,87.53500000000001,840.0,210.0,1
402.7625,87.53500000000001,840.0,210.0,1
402.7625,87.53500000000001,840.0,210.0,1
402.7625,87.53500000000001,840.0,210.0,1
402.7625,87.53500000000001,840.0,210.0,1
402.7625,87.53500000000001,840.0,210.0,1
402.7625,87.53500000000001,840.0,210.0,1
402.7625,87.53500000000001,840.0,210.0,1
402.7625,87.53500000000001,840.0,210.0,1
402.7625,87.53500000000001,840.0,210.0,1
402.7625,87.53500000000001,840.0,210.0,1
402.7625,87.53500000000001,840.0,210.0,1
402.7625,87.53500000000001,840.0,210.0,1
402.7625,87.53500000000001,840.0,210.0,1
402.7625,87.53500000000001,840.0,210.0,1
402.7625,87.53500000000001,840.0,210.0,1
402.7625,87.53500000000001,840.0,210.0,1
402.7625,87.53500000000001,840.0,210.0,1
402.7625,87.53500000000001,840.0,210.0,1
402.7625,87.53500000000001,840.0,210.0,1
402.7625,87.53500000000001,840.0,210.0,1
402.7625,87.53500000000001,840.0,210.0,1
402.7625,87.53500000000001,840.0,210.0,1
402.7625,87.53500000000001,840.0,210.0,1
402.7625,87.53500000000001,840.0,210.0,1
402.7625,87.53500000000001,840.0,210.0,1
402.7625,87.53500000000001,840.0,210.0,1
402.7625,87.53500000000001,840.0,210.0,1
402.7625,87.53500000000001,840.0,210.0,1
402.7625,87.53500000000001,840.0,210.0,1
402.7625,87.53500000000001,840.0,210.0,1
402.7625,87.53500000000001,840.0,210.0,1
402.7625,87.53500000000001,840.0,210.0,1
402.7625,87.53500000000001,840.0,210.0,1
402.7625,87.53500000000001,840.0,210.0,1
402.7625,87.53500000000001,840.0,210.0,1
402.7625,87.53500000000001,840.0,210.0,1
402.7625,87.53500000000001,840.0,210.0,1
402.7625,87.53500000000001,840.0,210.0,1
402.7625,87.53500000000001,840.0,210.0,1
402.7625,87.53500000000001,840.0,210.0,1
402.7625,87.53500000000001,840.0,210.0,1
402.7625,87.53500000000001,840.0,210.0,1
402.7625,87.53500000000001,840.0,210.0,1
402.7625,87.53500000000001,840.0,210.0,1
402.7625,87.53500000000001,840.0,210.0,1
402.7625,87.53500000000001,840.0,210.0,1
402.7625,87.53500000000001,840.0,210.0,1
402.7625,87.53500000000001,840.0,210.0,1
402.7625,87.53500000000001,840.0,210.0,1
402.7625,87.53500000000001,840.0,210.0,1
402.7625,87.53500000000001,840.0,210.0,1
402.7625,87.53500000000001,840.0,210.0,1
402.7625,87.53500000000001,840.0,210.0,1
402.7625,87.53500000000001,840.0,210.0,1
402.7625,87.53500000000001,840.0,210.0,1
402.7625,87.53500000000001,840.0,210.0,1
402.7625,87.53500000000001,840.0,210.0,1
402.7625,87.53500000000001,840.0,210.0,1
402.7625,87.53500000000001,840.0,210.0,1
402.7625,87.53500000000001,840.0,210.0,1
402.7625,87.53500000000001,840.0,210.0,1
402.7625,87.53500000000001,840.0,210.0,1
402.7625,87.53500000000001,840.0,210.0,1
402.7625,87.53500000000001,840.0,210.0,1
402.7625,87.53500000000001,840.0,210.0,1
402.7625,87.53500000000001,840.0,210.0,1
402.7625,87.53500000000001,840.0,210.0,1
402.7625,87.53500000000001,840.0,210.0,1
402.7625,87.53500000000001,840.0,210.0,1
402.7625,87.53500000000001,840.0,210.0,1
402.7625,87.53500000000001,840.0,210.0,1
402.7625,87.53500000000001,840.0,210.0,1
402.7625,87.53500000000001,840.0,210.0,1
402.7625,87.53500000000001,840.0,210.0,1
402.7625,87.53500000000001,840.0,210.0,1
402.7625,87.53500000000001,840.0,210.0,1
402.7625,87.53500000000001,840.0,210.0,1
402.7625,87.53500000000001,840.0,210.0,1
402.7625,87.53500000000001,840.0,210.0,1
402.7625,87.53500000000001,840.0,210.0,1
402.7625,87.53500000000001,840.0,210.0,1
402.7625,87.53500000000001,840.0,210.0,1
402.7625,87.53500000000001,840.0,210.0,1
402.7625,87.53500000000001,840.0,210.0,1
402.7625,87.53500000000001,840.0,210.0,1
402.7625,87.53500000000001,840.0,210.0,1
402.7625,87.53500000000001,840.0,210.0,1
402.7625,87.53500000000001,840.0,210.0,1
402.7625,87.53500000000001,840.0,210.0,1
402.7625,87.53500000000001,840.0,210.0,1
402.7625,87.53500000000001,840.0,210.0,1
402.7625,87.53500000000001,840.0,210.0,1
402.7625,87.53500000000001,840.0,210.0,1
402.7625,87.53500000000001,840.0,210.0,1
402.7625,87.53500000000001,840.0,210.0,1
402.7625,87.53500000000001,840.0,210.0,1
402.7625,87.53500000000001,840.0,210.0,1
402.7625,87.53500000000001,840.0,210.0,1
402.7625,87.53500000000001,840.0,210.0,1
402.7625,87.53500000000001,840.0,210.0,1
402.7625,87.53500000000001,840.0,210.0,1
402.7625,87.53500000000001,840.0,210.0,1
402.7625,87.53500000000001,840.0,210.0,1
402.7625,87.53500000000001,840.0,210.0,1
402.7625,87.53500000000001,840.0,210.0,1
402.7625,87.53500000000001,840.0,210.0,1
402.7625,87.53500000000001,840.0,210.0,1
402.7625,87.53500000000001,840.0,210.0,1
402.7625,87.53500000000001,840.0,210.0,1
402.7625,87.53500000000001,840.0,210.0,1
402.7625,87.53500000000001,840.0,210.0,1
402.7625,87.53500000000001,840.0,210.0,1
402.7625,87.53500000000001,840.0,210.0,1
402.7625,87.53500000000001,840.0,210.0,1
402.7625,87.53500000000001,840.0,210.0,1
402.7625,87.53500000000001,840.0,210.0,1
402.7625,87.53500000000001,840.0,210.0,1
402.7625,87.53500000000001,840.0,210.0,1
402.7625,87.53500000000001,840.0,210.0,1
402.7625,87.53500000000001,840.0,210.0,1
402.7625,87.53500000000001,840.0,210.0,1
402.7625,87.53500000000001,840.0,210.0,1
402.7625,87.53500000000001,840.0,210.0,1
402.7625,87.53500000000001,840.0,210.0,1
402.7625,87.53500000000001,840.0,210.0,1
402.7625,87.53500000000001,840.0,210.0,1
402.7625,87.53500000000001,840.0,210.0,1
402.7625,87.53500000000001,840.0,210.0,1
402.7625,87.53500000000001,840.0,210.0,1
402.7625,87.53500000000001,840.0,210.0,1
402.7625,87.53500000000001,840.0,210.0,1
402.7625,87.53500000000001,840.0,210.0,1
402.7625,87.53500000000001,840.0,210.0,1
402.7625,87.53500000000001,840.0,210.0,1
402.7625,87.53500000000001,840.0,210.0,1
402.7625,87.53500000000001,840.0,210.0,1
402.7625,87.53500000000001,840.0,210.0,1
402.7625,87.53500000000001,840.0,210.0,1
402.7625,87.53500000000001,840.0,210.0,1
402.7625,87.53500000000001,840.0,210.0,1
402.7625,87.53500000000001,840.0,210.0,1
402.7625,87.53500000000001,840.0,210.0,1
402.7625,87.53500000000001,840.0,210.0,1
402.7625,87.53500000000001,840.0,210.0,1
402.7625,87.53500000000001,840.0,210.0,1
402.7625,87.53500000000001,840.0,210.0,1
402.7625,87.53500000000001,840.0,210.0,1
402.7625,87.53500000000001,840.0,210.0,1
402.7625,87.53500000000001,840.0,210.0,1
402.7625,87.53500000000001,840.0,210.0,1
402.7625,87.53500000000001,840.0,210.0,1
402.7625,87.53500000000001,840.0,210.0,1
402.7625,87.53500000000001,840.0,210.0,1
402.7625,87.53500000000001,840.0,210.0,1
402.7625,87.53500000000001,840.0,210.0,1
402.7625,87.53500000000001,840.0,210.0,1
402.7625,87.53500000000001,840.0,210.0,1
402.7625,87.53500000000001,840.0,210.0,1
402.7625,87.53500000000001,840.0,210.0,1
402.7625,87.53500000000001,840.0,210.0,1
402.7625,87.53500000000001,840.0,210.0,1
402.7625,87.53500000000001,840.0,210.0,1
402.7625,87.53500000000001,840.0,210.0,1
402.7625,87.53500000000001,840.0,210.0,1
402.7625,87.53500000000001,840.0,210.0,1
402.7625,87.53500000000001,840.0,210.0,1
402.7625,87.53500000000001,840.0,210.0,1
402.7625,87.53500000000001,840.0,210.0,1
402.7625,87.53500000000001,840.0,210.0,1
402.7625,87.53500000000001,840.0,210.0,1
402.7625,87.53500000000001,840.0,210.0,1
402.7625,87.53500000000001,840.0,210.0,1
402.7625,87.53500000000001,840.0,210.0,1
402.7625,87.53500000000001,840.0,210.0,1
402.7625,87.53500000000001,840.0,210.0,1
402.7625,87.53500000000001,840.0,210.0,1
402.7625,87.53500000000001,840.0,210.0,1
402.7625,87.53500000000001,840.0,210.0,1
402.7625,87.53500000000001,840.0,210.0,1
402.7625,87.53500000000001,840.0,210.0,1
402.7625,87.53500000000001,840.0,210.0,1
402.7625,87.53500000000001,840.0,210.0,1
402.7625,87.53500000000001,840.0,210.0,1
402.7625,87.53500000000001,840.0,210.0,1
402.7625,87.53500000000001,840.0,210.0,1
402.7625,87.53500000000001,840.0,210.0,1
402.7625,87.53500000000001,840.0,210.0,1
402.7625,87.53500000000001,840.0,210.0,1
402.7625,87.53500000000001,840.0,210.0,1
402.7625,87.53500000000001,840.0,210.0,1
402.7625,87.53500000000001,840.0,210.0,1
402.7625,87.53500000000001,840.0,210.0,1
402.7625,87.53500000000001,840.0,210.0,1
402.7625,87.53500000000001,840.0,210.0,1
402.7625,87.53500000000001,840.0,210.0,1
402.7625,87.53500000000001,840.0,210.0,1
402.7625,87.53500000000001,840.0,210.0,1
402.7625,87.53500000000001,840.0,210.0,1
402.7625,87.53500000000001,840.0,210.0,1
402.7625,87.53500000000001,840.0,210.0,1
402.7625,87.53500000000001,840.0,210.0,1
402.7625,87.53500000000001,840.0,210.0,1
402.7625,87.53500000000001,840.0,210.0,1
402.7625,87.53500000000001,840.0,210.0,1
402.7625,87.53500000000001,840.0,210.0,1
402.7625,87.53500000000001,840.0,210.0,1
402.7625,87.53500000000001,840.0,210.0,1
402.7625,87.53500000000001,840.0,210.0,1
402.7625,87.53500000000001,840.0,210.0,1
402.7625,87.53500000000001,840.0,210.0,1
402.7625,87.53500000000001,840.0,210.0,1
402.7625,87.53500000000001,840.0,210.0,1
402.7625,87.53500000000001,840.0,210.0,1
402.7625,87.53500000000001,840.0,210.0,1
402.7625,87.53500000000001,840.0,210.0,1
402.7625,87.53500000000001,840.0,210.0,1
402.7625,87.53500000000001,840.0,210.0,1
402.7625,87.53500000000001,840.0,210.0,1
402.7625,87.53500000000001,840.0,210.0,1
402.7625,87.53500000000001,840.0,210.0,1
402.7625,87.53500000000001,840.0,210.0,1
402.7625,87.53500000000001,840.0,210.0,1
402.7625,87.53500000000001,840.0,210.0,1
402.7625,87.53500000000001,840.0,210.0,1
402.7625,87.53500000000001,840.0,210.0,1
402.7625,87.53500000000001,840.0,210.0,1
402.7625,87.53500000000001,840.0,210.0,1
402.7625,87.53500000000001,840.0,210.0,1
402.7625,87.53500000000001,840.0,210.0,1
402.7625,87.53500000000001,840.0,210.0,1
402.7625,87.53500000000001,840.0,210.0,1
402.7625,87.53500000000001,840.0,210.0,1
402.7625,87.53500000000001,840.0,210.0,1
402.7625,87.53500000000001,840.0,210.0,1
402.7625,87.53500000000001,840.0,210.0,1
402.7625,87.53500000000001,840.0,210.0,1
402.7625,87.53500000000001,840.0,210.0,1
402.7625,87.53500000000001,840.0,210.0,1
402.7625,87.53500000000001,840.0,210.0,1
402.7625,87.53500000000001,840.0,210.0,1
402.7625,87.53500000000001,840.0,210.0,1
402.7625,87.53500000000001,840.0,210.0,1
402.7625,87.53500000000001,840.0,210.0,1
402.7625,87.53500000000001,840.0,210.0,1
402.7625,87.53500000000001,840.0,210.0,1
402.7625,87.53500000000001,840.0,210.0,1
402.7625,87.53500000000001,840.0,210.0,1
402.7625,87.53500000000001,840.0,210.0,1
402.7625,87.53500000000001,840.0,210.0,1
402.7625,87.53500000000001,840.0,210.0,1
402.7625,87.53500000000001,840.0,210.0,1
402.7625,87.53500000000001,840.0,210.0,1
402.7625,87.53500000000001,840.0,210.0,1
402.7625,87.53500000000001,840.0,210.0,1
402.7625,87.53500000000001,840.0,210.0,1
402.7625,87.53500000000001,840.0,210.0,1
402.7625,87.53500000000001,840.0,210.0,1
402.7625,87.53500000000001,840.0,210.0,1
402.7625,87.53500000000001,840.0,210.0,1
402.7625,87.53500000000001,840.0,210.0,1
402.7625,87.53500000000001,840.0,210.0,1
402.7625,87.53500000000001,840.0,210.0,1
402.7625,87.53500000000001,840.0,210.0,1
402.7625,87.53500000000001,840.0,210.0,1
402.7625,87.53500000000001,840.0,210.0,1
402.7625,87.53500000000001,840.0,210.0,1
402.7625,87.53500000000001,840.0,210.0,1
402.7625,87.53500000000001,840.0,210.0,1
402.7625,87.53500000000001,840.0,210.0,1
402.7625,87.53500000000001,840.0,210.0,1
402.7625,87.53500000000001,840.0,210.0,1
402.7625,87.53500000000001,840.0,210.0,1
402.7625,87.53500000000001,840.0,210.0,1
402.7625,87.53500000000001,840.0,210.0,1
402.7625,87.53500000000001,840.0,210.0,1
402.7625,87.53500000000001,840.0,210.0,1
402.7625,87.53500000000001,840.0,210.0,1
402.7625,87.53500000000001,840.0,210.0,1
402.7625,87.53500000000001,840.0,210.0,1
402.7625,87.53500000000001,840.0,210.0,1
402.7625,87.53500000000001,840.0,210.0,1
402.7625,87.53500000000001,840.0,210.0,1
402.7625,87.53500000000001,840.0,210.0,1
402.7625,87.53500000000001,840.0,210.0,1
402.7625,87.53500000000001,840.0,210.0,1
402.7625,87.53500000000001,840.0,210.0,1
402.7625,87.53500000000001,840.0,210.0,1
402.7625,87.53500000000001,840.0,210.0,1
402.7625,87.53500000000001,840.0,210.0,1
402.7625,87.53500000000001,840.0,210.0,1
402.7625,87.53500000000001,840.0,210.0,1
402.7625,87.53500000000001,840.0,210.0,1
402.7625,87.53500000000001,840.0,210.0,1
402.7625,87.53500000000001,840.0,210.0,1
402.7625,87.53500000000001,840.0,210.0,1
402.7625,87.53500000000001,840.0,210.0,1
402.7625,87.53500000000001,840.0,210.0,1
402.7625,87.53500000000001,840.0,210.0,1
402.7625,87.53500000000001,840.0,210.0,1
402.7625,87.53500000000001,840.0,210.0,1
402.7625,87.53500000000001,840.0,210.0,1
402.7625,87.53500000000001,840.0,210.0,1
402.7625,87.53500000000001,840.0,210.0,1
402.7625,87.53500000000001,840.0,210.0,1
402.7625,87.53500000000001,840.0,210.0,1
402.7625,87.53500000000001,840.0,210.0,1
402.7625,87.53500000000001,840.0,210.0,1
402.7625,87.53500000000001,840.0,210.0,1
402.7625,87.53500000000001,840.0,210.0,1
402.7625,87.53500000000001,840.0,210.0,1
402.7625,87.53500000000001,840.0,210.0,1
402.7625,87.53500000000001,840.0,210.0,1
402.7625,87.53500000000001,840.0,210.0,1
402.7625,87.53500000000001,840.0,210.0,1
402.7625,87.53500000000001,840.0,210.0,1
402.7625,87.53500000000001,840.0,210.0,1
402.7625,87.53500000000001,840.0,210.0,1
402.7625,87.53500000000001,840.0,210.0,1
402.7625,87.53500000000001,840.0,210.0,1
402.7625,87.53500000000001,840.0,210.0,1
402.7625,87.53500000000001,840.0,210.0,1
402.7625,87.53500000000001,840.0,210.0,1
402.7625,87.53500000000001,840.0,210.0,1
402.7625,87.53500000000001,840.0,210.0,1
402.7625,87.53500000000001,840.0,210.0,1
402.7625,87.53500000000001,840.0,210.0,1
402.7625,87.53500000000001,840.0,210.0,1
402.7625,87.53500000000001,840.0,210.0,1
402.7625,87.53500000000001,840.0,210.0,1
402.7625,87.53500000000001,840.0,210.0,1
402.7625,87.53500000000001,840.0,210.0,1
402.7625,87.53500000000001,840.0,210.0,1
402.7625,87.53500000000001,840.0,210.0,1
402.7625,87.53500000000001,840.0,210.0,1
402.7625,87.53500000000001,840.0,210.0,1
402.7625,87.53500000000001,840.0,210.0,1
402.7625,87.53500000000001,840.0,210.0,1
402.7625,87.53500000000001,840.0,210.0,1
402.7625,87.53500000000001,840.0,210.0,1
402.7625,87.53500000000001,840.0,210.0,1
402.7625,87.53500000000001,840.0,210.0,1
402.7625,87.53500000000001,840.0,210.0,1
402.7625,87.53500000000001,840.0,210.0,1
402.7625,87.53500000000001,840.0,210.0,1
402.7625,87.53500000000001,840.0,210.0,1
402.7625,87.53500000000001,840.0,210.0,1
402.7625,87.53500000000001,840.0,210.0,1
402.7625,87.53500000000001,840.0,210.0,1
402.7625,87.53500000000001,840.0,210.0,1
402.7625,87.53500000000001,840.0,210.0,1
402.7625,87.53500000000001,840.0,210.0,1
402.7625,87.53500000000001,840.0,210.0,1
402.7625,87.53500000000001,840.0,210.0,1
402.7625,87.53500000000001,840.0,210.0,1
402.7625,87.53500000000001,840.0,210.0,1
402.7625,87.53500000000001,840.0,210.0,1
402.7625,87.53500000000001,840.0,210.0,1
402.7625,87.53500000000001,840.0,210.0,1
402.7625,87.53500000000001,840.0,210.0,1
402.7625,87.53500000000001,840.0,210.0,1
402.7625,87.53500000000001,840.0,210.0,1
402.7625,87.53500000000001,840.0,210.0,1
402.7625,87.53500000000001,840.0,210.0,1
402.7625,87.53500000000001,840.0,210.0,1
402.7625,87.53500000000001,840.0,210.0,1
402.7625,87.53500000000001,840.0,210.0,1
402.7625,87.53500000000001,840.0,210.0,1
402.7625,87.53500000000001,840.0,210.0,1
402.7625,87.53500000000001,840.0,210.0,1
402.7625,87.53500000000001,840.0,210.0,1
402.7625,87.53500000000001,840.0,210.0,1
402.7625,87.53500000000001,840.0,210.0,1
402.7625,87.53500000000001,840.0,210.0,1
402.7625,87.53500000000001,840.0,210.0,1
402.7625,87.53500000000001,840.0,210.0,1
402.7625,87.53500000000001,840.0,210.0,1
402.7625,87.53500000000001,840.0,210.0,1
402.7625,87.53500000000001,840.0,210.0,1
402.7625,87.53500000000001,840.0,210.0,1
402.7625,87.53500000000001,840.0,210.0,1
402.7625,87.53500000000001,840.0,210.0,1
402.7625,87.53500000000001,840.0,210.0,1
402.7625,87.53500000000001,840.0,210.0,1
402.7625,87.53500000000001,840.0,210.0,1
402.7625,87.53500000000001,840.0,210.0,1
402.7625,87.53500000000001,840.0,210.0,1
402.7625,87.53500000000001,840.0,210.0,1
402.7625,87.53500000000001,840.0,210.0,1
402.7625,87.53500000000001,840.0,210.0,1
402.7625,87.53500000000001,840.0,210.0,1
402.7625,87.53500000000001,840.0,210.0,1
402.7625,87.53500000000001,840.0,210.0,1
402.7625,87.53500000000001,840.0,210.0,1
402.7625,87.53500000000001,840.0,210.0,1
402.7625,87.53500000000001,840.0,210.0,1
402.7625,87.53500000000001,840.0,210.0,1
402.7625,87.53500000000001,840.0,210.0,1
402.7625,87.53500000000001,840.0,210.0,1
402.7625,87.53500000000001,840.0,210.0,1
402.7625,87.53500000000001,840.0,210.0,1
402.7625,87.53500000000001,840.0,210.0,1
402.7625,87.53500000000001,840.0,210.0,1
402.7625,87.53500000000001,840.0,210.0,1
402.7625,87.53500000000001,840.0,210.0,1
402.7625,87.53500000000001,840.0,210.0,1
402.7625,87.53500000000001,840.0,210.0,1
402.7625,87.53500000000001,840.0,210.0,1
402.7625,87.53500000000001,840.0,210.0,1
402.7625,87.53500000000001,840.0,210.0,1
402.7625,87.53500000000001,840.0,210.0,1
402.7625,87.53500000000001,840.0,210.0,1
402.7625,87.53500000000001,840.0,210.0,1
402.7625,87.53500000000001,840.0,210.0,1
402.7625,87.53500000000001,840.0,210.0,1
402.7625,87.53500000000001,840.0,210.0,1
402.7625,87.53500000000001,840.0,210.0,1
402.7625,87.53500000000001,840.0,210.0,1
402.7625,87.53500000000001,840.0,210.0,1
402.7625,87.53500000000001,840.0,210.0,1
402.7625,87.53500000000001,840.0,210.0,1
402.7625,87.53500000000001,840.0,210.0,1
402.7625,87.53500000000001,840.0,210.0,1
402.7625,87.53500000000001,840.0,210.0,1
402.7625,87.53500000000001,840.0,210.0,1
402.7625,87.53500000000001,840.0,210.0,1
402.7625,87.53500000000001,840.0,210.0,1
402.7625,87.53500000000001,840.0,210.0,1
402.7625,87.53500000000001,840.0,210.0,1
402.7625,87.53500000000001,840.0,210.0,1
402.7625,87.53500000000001,840.0,210.0,1
402.7625,87.53500000000001,840.0,210.0,1
402.7625,87.53500000000001,840.0,210.0,1
402.7625,87.53500000000001,840.0,210.0,1
402.7625,87.53500000000001,840.0,210.0,1
402.7625,87.53500000000001,840.0,210.0,1
402.7625,87.53500000000001,840.0,210.0,1
402.7625,87.53500000000001,840.0,210.0,1
402.7625,87.53500000000001,840.0,210.0,1
402.7625,87.53500000000001,840.0,210.0,1
402.7625,87.53500000000001,840.0,210.0,1
402.7625,87.53500000000001,840.0,210.0,1
402.7625,87.53500000000001,840.0,210.0,1
402.7625,87.53500000000001,840.0,210.0,1
402.7625,87.53500000000001,840.0,210.0,1
402.7625,87.53500000000001,840.0,210.0,1
402.7625,87.53500000000001,840.0,210.0,1
402.7625,87.53500000000001,840.0,210.0,1
402.7625,87.53500000000001,840.0,210.0,1
402.7625,87.53500000000001,840.0,210.0,1
402.7625,87.53500000000001,840.0,210.0,1
402.7625,87.53500000000001,840.0,210.0,1
402.7625,87.53500000000001,840.0,210.0,1
402.7625,87.53500000000001,840.0,210.0,1
402.7625,87.53500000000001,840.0,210.0,1
402.7625,87.53500000000001,840.0,210.0,1
402.7625,87.53500000000001,840.0,210.0,1
402.7625,87.53500000000001,840.0,210.0,1
402.7625,87.53500000000001,840.0,210.0,1
402.7625,87.53500000000001,840.0,210.0,1
402.7625,87.53500000000001,840.0,210.0,1
402.7625,87.53500000000001,840.0,210.0,1
402.7625,87.53500000000001,840.0,210.0,1
402.7625,87.53500000000001,840.0,210.0,1
402.7625,87.53500000000001,840.0,210.0,1
402.7625,87.53500000000001,840.0,210.0,1
402.7625,87.53500000000001,840.0,210.0,1
402.7625,87.53500000000001,840.0,210.0,1
402.7625,87.53500000000001,840.0,210.0,1
402.7625,87.53500000000001,840.0,210.0,1
402.7625,87.53500000000001,840.0,210.0,1
402.7625,87.53500000000001,840.0,210.0,1
402.7625,87.53500000000001,840.0,210.0,1
402.7625,87.53500000000001,840.0,210.0,1
402.7625,87.53500000000001,840.0,210.0,1
402.7625,87.53500000000001,840.0,210.0,1
402.7625,87.53500000000001,840.0,210.0,1
402.7625,87.53500000000001,840.0,210.0,1
402.7625,87.53500000000001,840.0,210.0,1
402.7625,87.53500000000001,840.0,210.0,1
402.7625,87.53500000000001,840.0,210.0,1
402.7625,87.53500000000001,840.0,210.0,1
402.7625,87.53500000000001,840.0,210.0,1
402.7625,87.53500000000001,840.0,210.0,1
402.7625,87.53500000000001,840.0,210.0,1
402.7625,87.53500000000001,840.0,210.0,1
402.7625,87.53500000000001,840.0,210.0,1
402.7625,87.53500000000001,840.0,210.0,1
402.7625,87.53500000000001,840.0,210.0,1
402.7625,87.53500000000001,840.0,210.0,1
402.7625,87.53500000000001,840.0,210.0,1
402.7625,87.53500000000001,840.0,210.0,1
402.7625,87.53500000000001,840.0,210.0,1
402.7625,87.53500000000001,840.0,210.0,1
402.7625,87.53500000000001,840.0,210.0,1
402.7625,87.53500000000001,840.0,210.0,1
402.7625,87.53500000000001,840.0,210.0,1
402.7625,87.53500000000001,840.0,210.0,1
402.7625,87.53500000000001,840.0,210.0,1
402.7625,87.53500000000001,840.0,210.0,1
402.7625,87.53500000000001,840.0,210.0,1
402.7625,87.53500000000001,840.0,210.0,1
402.7625,87.53500000000001,840.0,210.0,1
402.7625,87.53500000000001,840.0,210.0,1
402.7625,87.53500000000001,840.0,210.0,1
402.7625,87.53500000000001,840.0,210.0,1
402.7625,87.53500000000001,840.0,210.0,1
402.7625,87.53500000000001,840.0,210.0,1
402.7625,87.53500000000001,840.0,210.0,1
402.7625,87.53500000000001,840.0,210.0,1
402.7625,87.53500000000001,840.0,210.0,1
402.7625,87.53500000000001,840.0,210.0,1
402.7625,87.53500000000001,840.0,210.0,1
402.7625,87.53500000000001,840.0,210.0,1
402.7625,87.53500000000001,840.0,210.0,1
402.7625,87.53500000000001,840.0,210.0,1
402.7625,87.53500000000001,840.0,210.0,1
402.7625,87.53500000000001,840.0,210.0,1
402.7625,87.53500000000001,840.0,210.0,1
402.7625,87.53500000000001,840.0,210.0,1
402.7625,87.53500000000001,840.0,210.0,1
402.7625,87.53500000000001,840.0,210.0,1
402.7625,87.53500000000001,840.0,210.0,1
402.7625,87.53500000000001,840.0,210.0,1
402.7625,87.53500000000001,840.0,210.0,1
402.7625,87.53500000000001,840.0,210.0,1
402.7625,87.53500000000001,840.0,210.0,1
402.7625,87.53500000000001,840.0,210.0,1
402.7625,87.53500000000001,840.0,210.0,1
402.7625,87.53500000000001,840.0,210.0,1
402.7625,87.53500000000001,840.0,210.0,1
402.7625,87.53500000000001,840.0,210.0,1
402.7625,87.53500000000001,840.0,210.0,1
402.7625,87.53500000000001,840.0,210.0,1
402.7625,87.53500000000001,840.0,210.0,1
402.7625,87.53500000000001,840.0,210.0,1
402.7625,87.53500000000001,840.0,210.0,1
402.7625,87.53500000000001,840.0,210.0,1
402.7625,87.53500000000001,840.0,210.0,1
402.7625,87.53500000000001,840.0,210.0,1
402.7625,87.53500000000001,840.0,210.0,1
402.7625,87.53500000000001,840.0,210.0,1
402.7625,87.53500000000001,840.0,210.0,1
402.7625,87.53500000000001,840.0,210.0,1
402.7625,87.53500000000001,840.0,210.0,1
402.7625,87.53500000000001,840.0,210.0,1
402.7625,87.53500000000001,840.0,210.0,1
402.7625,87.53500000000001,840.0,210.0,1
402.7625,87.53500000000001,840.0,210.0,1
402.7625,87.53500000000001,840.0,210.0,1
402.7625,87.53500000000001,840.0,210.0,1
402.7625,87.53500000000001,840.0,210.0,1
402.7625,87.53500000000001,840.0,210.0,1
402.7625,87.53500000000001,840.0,210.0,1
402.7625,87.53500000000001,840.0,210.0,1
402.7625,87.53500000000001,840.0,210.0,1
402.7625,87.53500000000001,840.0,210.0,1
402.7625,87.53500000000001,840.0,210.0,1
402.7625,87.53500000000001,840.0,210.0,1
402.7625,87.53500000000001,840.0,210.0,1
402.7625,87.53500000000001,840.0,210.0,1
402.7625,87.53500000000001,840.0,210.0,1
402.7625,87.53500000000001,840.0,210.0,1
402.7625,87.53500000000001,840.0,210.0,1
402.7625,87.53500000000001,840.0,210.0,1
402.7625,87.53500000000001,840.0,210.0,1
402.7625,87.53500000000001,840.0,210.0,1
402.7625,87.53500000000001,840.0,210.0,1
402.7625,87.53500000000001,840.0,210.0,1
402.7625,87.53500000000001,840.0,210.0,1
402.7625,87.53500000000001,840.0,210.0,1
402.7625,87.53500000000001,840.0,210.0,1
402.7625,87.53500000000001,840.0,210.0,1
402.7625,87.53500000000001,840.0,210.0,1
402.7625,87.53500000000001,840.0,210.0,1
402.7625,87.53500000000001,840.0,210.0,1
402.7625,87.53500000000001,840.0,210.0,1
402.7625,87.53500000000001,840.0,210.0,1
402.7625,87.53500000000001,840.0,210.0,1
402.7625,87.53500000000001,840.0,210.0,1
402.7625,87.53500000000001,840.0,210.0,1
402.7625,87.53500000000001,840.0,210.0,1
402.7625,87.53500000000001,840.0,210.0,1
402.7625,87.53500000000001,840.0,210.0,1
402.7625,87.53500000000001,840.0,210.0,1
402.7625,87.53500000000001,840.0,210.0,1
402.7625,87.53500000000001,840.0,210.0,1
402.7625,87.53500000000001,840.0,210.0,1
402.7625,87.53500000000001,840.0,210.0,1
402.7625,87.53500000000001,840.0,210.0,1
402.7625,87.53500000000001,840.0,210.0,1
402.7625,87.53500000000001,840.0,210.0,1
402.7625,87.53500000000001,840.0,210.0,1
402.7625,87.53500000000001,840.0,210.0,1
402.7625,87.53500000000001,840.0,210.0,1
402.7625,87.53500000000001,840.0,210.0,1
402.7625,87.53500000000001,840.0,210.0,1
402.7625,87.53500000000001,840.0,210.0,1
402.7625,87.53500000000001,840.0,210.0,1
402.7625,87.53500000000001,840.0,210.0,1
402.7625,87.53500000000001,840.0,210.0,1
402.7625,87.53500000000001,840.0,210.0,1
402.7625,87.53500000000001,840.0,210.0,1
402.7625,87.53500000000001,840.0,210.0,1
402.7625,87.53500000000001,840.0,210.0,1
402.7625,87.53500000000001,840.0,210.0,1
402.7625,87.53500000000001,840.0,210.0,1
402.7625,87.53500000000001,840.0,210.0,1
402.7625,87.53500000000001,840.0,210.0,1
402.7625,87.53500000000001,840.0,210.0,1
402.7625,87.53500000000001,840.0,210.0,1
402.7625,87.53500000000001,840.0,210.0,1
402.7625,87.53500000000001,840.0,210.0,1
402.7625,87.53500000000001,840.0,210.0,1
402.7625,87.53500000000001,840.0,210.0,1
402.7625,87.53500000000001,840.0,210.0,1
402.7625,87.53500000000001,840.0,210.0,1
402.7625,87.53500000000001,840.0,210.0,1
402.7625,87.53500000000001,840.0,210.0,1
402.7625,87.53500000000001,840.0,210.0,1
402.7625,87.53500000000001,840.0,210.0,1
402.7625,87.53500000000001,840.0,210.0,1
402.7625,87.53500000000001,840.0,210.0,1
402.7625,87.53500000000001,840.0,210.0,1
402.7625,87.53500000000001,840.0,210.0,1
402.7625,87.53500000000001,840.0,210.0,1
402.7625,87.53500000000001,840.0,210.0,1
402.7625,87.53500000000001,840.0,210.0,1
402.7625,87.53500000000001,840.0,210.0,1
402.7625,87.53500000000001,840.0,210.0,1
402.7625,87.53500000000001,840.0,210.0,1
402.7625,87.53500000000001,840.0,210.0,1
402.7625,87.53500000000001,840.0,210.0,1
402.7625,87.53500000000001,840.0,210.0,1
402.7625,87.53500000000001,840.0,210.0,1
402.7625,87.53500000000001,840.0,210.0,1
402.7625,87.53500000000001,840.0,210.0,1
402.7625,87.53500000000001,840.0,210.0,1
402.7625,87.53500000000001,840.0,210.0,1
402.7625,87.53500000000001,840.0,210.0,1
402.7625,87.53500000000001,840.0,210.0,1
402.7625,87.53500000000001,840.0,210.0,1
402.7625,87.53500000000001,840.0,210.0,1
402.7625,87.53500000000001,840.0,210.0,1
402.7625,87.53500000000001,840.0,210.0,1
402.7625,87.53500000000001,840.0,210.0,1
402.7625,87.53500000000001,840.0,210.0,1
402.7625,87.53500000000001,840.0,210.0,1
402.7625,87.53500000000001,840.0,210.0,1
402.7625,87.53500000000001,840.0,210.0,1
402.7625,87.53500000000001,840.0,210.0,1
402.7625,87.53500000000001,840.0,210.0,1
402.7625,87.53500000000001,840.0,210.0,1
402.7625,87.53500000000001,840.0,210.0,1
402.7625,87.53500000000001,840.0,210.0,1
402.7625,87.53500000000001,840.0,210.0,1
402.7625,87.53500000000001,840.0,210.0,1
402.7625,87.53500000000001,840.0,210.0,1
402.7625,87.53500000000001,840.0,210.0,1
402.7625,87.53500000000001,840.0,210.0,1
402.7625,87.53500000000001,840.0,210.0,1
402.7625,87.53500000000001,840.0,210.0,1
402.7625,87.53500000000001,840.0,210.0,1
402.7625,87.53500000000001,840.0,210.0,1
402.7625,87.53500000000001,840.0,210.0,1
402.7625,87.53500000000001,840.0,210.0,1
402.7625,87.53500000000001,840.0,210.0,1
402.7625,87.53500000000001,840.0,210.0,1
402.7625,87.53500000000001,840.0,210.0,1
402.7625,87.53500000000001,840.0,210.0,1
402.7625,87.53500000000001,840.0,210.0,1
402.7625,87.53500000000001,840.0,210.0,1
402.7625,87.53500000000001,840.0,210.0,1
402.7625,87.53500000000001,840.0,210.0,1
402.7625,87.53500000000001,840.0,210.0,1
402.7625,87.53500000000001,840.0,210.0,1
402.7625,87.53500000000001,840.0,210.0,1
402.7625,87.53500000000001,840.0,210.0,1
402.7625,87.53500000000001,840.0,210.0,1
402.7625,87.53500000000001,840.0,210.0,1
402.7625,87.53500000000001,840.0,210.0,1
402.7625,87.53500000000001,840.0,210.0,1
402.7625,87.53500000000001,840.0,210.0,1
402.7625,87.53500000000001,840.0,210.0,1
402.7625,87.53500000000001,840.0,210.0,1
402.7625,87.53500000000001,840.0,210.0,1
402.7625,87.53500000000001,840.0,210.0,1
402.7625,87.53500000000001,840.0,210.0,1
402.7625,87.53500000000001,840.0,210.0,1
402.7625,87.53500000000001,840.0,210.0,1
402.7625,87.53500000000001,840.0,210.0,1
402.7625,87.53500000000001,840.0,210.0,1
402.7625,87.53500000000001,840.0,210.0,1
402.7625,87.53500000000001,840.0,210.0,1
402.7625,87.53500000000001,840.0,210.0,1
402.7625,87.53500000000001,840.0,210.0,1
402.7625,87.53500000000001,840.0,210.0,1
402.7625,87.53500000000001,840.0,210.0,1
402.7625,87.53500000000001,840.0,210.0,1
402.7625,87.53500000000001,840.0,210.0,1
402.7625,87.53500000000001,840.0,210.0,1
402.7625,87.53500000000001,840.0,210.0,1
402.7625,87.53500000000001,840.0,210.0,1
402.7625,87.53500000000001,840.0,210.0,1
402.7625,87.53500000000001,840.0,210.0,1
402.7625,87.53500000000001,840.0,210.0,1
402.7625,87.53500000000001,840.0,210.0,1
402.7625,87.53500000000001,840.0,210.0,1
402.7625,87.53500000000001,840.0,210.0,1
402.7625,87.53500000000001,840.0,210.0,1
402.7625,87.53500000000001,840.0,210.0,1
402.7625,87.53500000000001,840.0,210.0,1
402.7625,87.53500000000001,840.0,210.0,1
402.7625,87.53500000000001,840.0,210.0,1
402.7625,87.53500000000001,840.0,210.0,1
402.7625,87.53500000000001,840.0,210.0,1
402.7625,87.53500000000001,840.0,210.0,1
402.7625,87.53500000000001,840.0,210.0,1
402.7625,87.53500000000001,840.0,210.0,1
402.7625,87.53500000000001,840.0,210.0,1
402.7625,87.53500000000001,840.0,210.0,1
402.7625,87.53500000000001,840.0,210.0,1
402.7625,87.53500000000001,840.0,210.0,1
402.7625,87.53500000000001,840.0,210.0,1
402.7625,87.53500000000001,840.0,210.0,1
402.7625,87.53500000000001,840.0,210.0,1
402.7625,87.53500000000001,840.0,210.0,1
402.7625,87.53500000000001,840.0,210.0,1
402.7625,87.53500000000001,840.0,210.0,1
402.7625,87.53500000000001,840.0,210.0,1
402.7625,87.53500000000001,840.0,210.0,1
402.7625,87.53500000000001,840.0,210.0,1
402.7625,87.53500000000001,840.0,210.0,1
402.7625,87.53500000000001,840.0,210.0,1
402.7625,87.53500000000001,840.0,210.0,1
402.7625,87.53500000000001,840.0,210.0,1
402.7625,87.53500000000001,840.0,210.0,1
402.7625,87.53500000000001,840.0,210.0,1
402.7625,87.53500000000001,840.0,210.0,1
402.7625,87.53500000000001,840.0,210.0,1
402.7625,87.53500000000001,840.0,210.0,1
402.7625,87.53500000000001,840.0,210.0,1
402.7625,87.53500000000001,840.0,210.0,1
402.7625,87.53500000000001,840.0,210.0,1
402.7625,87.53500000000001,840.0,210.0,1
402.7625,87.53500000000001,840.0,210.0,1
402.7625,87.53500000000001,840.0,210.0,1
402.7625,87.53500000000001,840.0,210.0,1
402.7625,87.53500000000001,840.0,210.0,1
402.7625,87.53500000000001,840.0,210.0,1
402.7625,87.53500000000001,840.0,210.0,1
402.7625,87.53500000000001,840.0,210.0,1
402.7625,87.53500000000001,840.0,210.0,1
402.7625,87.53500000000001,840.0,210.0,1
402.7625,87.53500000000001,840.0,210.0,1
402.7625,87.53500000000001,840.0,210.0,1
402.7625,87.53500000000001,840.0,210.0,1
402.7625,87.53500000000001,840.0,210.0,1
402.7625,87.53500000000001,840.0,210.0,1
402.7625,87.53500000000001,840.0,210.0,1
402.7625,87.53500000000001,840.0,210.0,1
402.7625,87.53500000000001,840.0,210.0,1
402.7625,87.53500000000001,840.0,210.0,1
402.7625,87.53500000000001,840.0,210.0,1
402.7625,87.53500000000001,840.0,210.0,1
402.7625,87.53500000000001,840.0,210.0,1
402.7625,87.53500000000001,840.0,210.0,1
402.7625,87.53500000000001,840.0,210.0,1
402.7625,87.53500000000001,840.0,210.0,1
402.7625,87.53500000000001,840.0,210.0,1
402.7625,87.53500000000001,840.0,210.0,1
402.7625,87.53500000000001,840.0,210.0,1
402.7625,87.53500000000001,840.0,210.0,1
402.7625,87.53500000000001,840.0,210.0,1
402.7625,87.53500000000001,840.0,210.0,1
402.7625,87.53500000000001,840.0,210.0,1
402.7625,87.53500000000001,840.0,210.0,1
402.7625,87.53500000000001,840.0,210.0,1
402.7625,87.53500000000001,840.0,210.0,1
402.7625,87.53500000000001,840.0,210.0,1
402.7625,87.53500000000001,840.0,210.0,1
402.7625,87.53500000000001,840.0,210.0,1
402.7625,87.53500000000001,840.0,210.0,1
402.7625,87.53500000000001,840.0,210.0,1
402.7625,87.53500000000001,840.0,210.0,1
402.7625,87.53500000000001,840.0,210.0,1
402.7625,87.53500000000001,840.0,210.0,1
402.7625,87.53500000000001,840.0,210.0,1
402.7625,87.53500000000001,840.0,210.0,1
402.7625,87.53500000000001,840.0,210.0,1
402.7625,87.53500000000001,840.0,210.0,1
402.7625,87.53500000000001,840.0,210.0,1
402.7625,87.53500000000001,840.0,210.0,1
402.7625,87.53500000000001,840.0,210.0,1
402.7625,87.53500000000001,840.0,210.0,1
402.7625,87.53500000000001,840.0,210.0,1
402.7625,87.53500000000001,840.0,210.0,1
402.7625,87.53500000000001,840.0,210.0,1
402.7625,87.53500000000001,840.0,210.0,1
402.7625,87.53500000000001,840.0,210.0,1
402.7625,87.53500000000001,840.0,210.0,1
402.7625,87.53500000000001,840.0,210.0,1
402.7625,87.53500000000001,840.0,210.0,1
402.7625,87.53500000000001,840.0,210.0,1
402.7625,87.53500000000001,840.0,210.0,1
402.7625,87.53500000000001,840.0,210.0,1
402.7625,87.53500000000001,840.0,210.0,1
402.7625,87.53500000000001,840.0,210.0,1
402.7625,87.53500000000001,840.0,210.0,1
402.7625,87.53500000000001,840.0,210.0,1
402.7625,87.53500000000001,840.0,210.0,1
402.7625,87.53500000000001,840.0,210.0,1
402.7625,87.53500000000001,840.0,210.0,1
402.7625,87.53500000000001,840.0,210.0,1
402.7625,87.53500000000001,840.0,210.0,1
402.7625,87.53500000000001,840.0,210.0,1
402.7625,87.53500000000001,840.0,210.0,1
402.7625,87.53500000000001,840.0,210.0,1
402.7625,87.53500000000001,840.0,210.0,1
402.7625,87.53500000000001,840.0,210.0,1
402.7625,87.53500000000001,840.0,210.0,1
402.7625,87.53500000000001,840.0,210.0,1
402.7625,87.53500000000001,840.0,210.0,1
402.7625,87.53500000000001,840.0,210.0,1
402.7625,87.53500000000001,840.0,210.0,1
402.7625,87.53500000000001,840.0,210.0,1
402.7625,87.53500000000001,840.0,210.0,1
402.7625,87.53500000000001,840.0,210.0,1
402.7625,87.53500000000001,840.0,210.0,1
402.7625,87.53500000000001,840.0,210.0,1
402.7625,87.53500000000001,840.0,210.0,1
402.7625,87.53500000000001,840.0,210.0,1
402.7625,87.53500000000001,840.0,210.0,1
402.7625,87.53500000000001,840.0,210.0,1
402.7625,87.53500000000001,840.0,210.0,1
402.7625,87.53500000000001,840.0,210.0,1
402.7625,87.53500000000001,840.0,210.0,1
402.7625,87.53500000000001,840.0,210.0,1
402.7625,87.53500000000001,840.0,210.0,1
402.7625,87.53500000000001,840.0,210.0,1
402.7625,87.53500000000001,840.0,210.0,1
402.7625,87.53500000000001,840.0,210.0,1
402.7625,87.53500000000001,840.0,210.0,1
402.7625,87.53500000000001,840.0,210.0,1
402.7625,87.53500000000001,840.0,210.0,1
402.7625,87.53500000000001,840.0,210.0,1
402.7625,87.53500000000001,840.0,210.0,1
402.7625,87.53500000000001,840.0,210.0,1
402.7625,87.53500000000001,840.0,210.0,1
402.7625,87.53500000000001,840.0,210.0,1
402.7625,87.53500000000001,840.0,210.0,1
402.7625,87.53500000000001,840.0,210.0,1
402.7625,87.53500000000001,840.0,210.0,1
402.7625,87.53500000000001,840.0,210.0,1
402.7625,87.53500000000001,840.0,210.0,1
402.7625,87.53500000000001,840.0,210.0,1
402.7625,87.53500000000001,840.0,210.0,1
402.7625,87.53500000000001,840.0,210.0,1
402.7625,87.53500000000001,840.0,210.0,1
402.7625,87.53500000000001,840.0,210.0,1
402.7625,87.53500000000001,840.0,210.0,1
402.7625,87.53500000000001,840.0,210.0,1
402.7625,87.53500000000001,840.0,210.0,1
402.7625,87.53500000000001,840.0,210.0,1
402.7625,87.53500000000001,840.0,210.0,1
402.7625,87.53500000000001,840.0,210.0,1
402.7625,87.53500000000001,840.0,210.0,1
402.7625,87.53500000000001,840.0,210.0,1
402.7625,87.53500000000001,840.0,210.0,1
402.7625,87.53500000000001,840.0,210.0,1
402.7625,87.53500000000001,840.0,210.0,1
402.7625,87.53500000000001,840.0,210.0,1
402.7625,87.53500000000001,840.0,210.0,1
402.7625,87.53500000000001,840.0,210.0,1
402.7625,87.53500000000001,840.0,210.0,1
402.7625,87.53500000000001,840.0,210.0,1
402.7625,87.53500000000001,840.0,210.0,1
402.7625,87.53500000000001,840.0,210.0,1
402.7625,87.53500000000001,840.0,210.0,1
402.7625,87.53500000000001,840.0,210.0,1
402.7625,87.53500000000001,840.0,210.0,1
402.7625,87.53500000000001,840.0,210.0,1
402.7625,87.53500000000001,840.0,210.0,1
402.7625,87.53500000000001,840.0,210.0,1
402.7625,87.53500000000001,840.0,210.0,1
402.7625,87.53500000000001,840.0,210.0,1
402.7625,87.53500000000001,840.0,210.0,1
402.7625,87.53500000000001,840.0,210.0,1
402.7625,87.53500000000001,840.0,210.0,1
402.7625,87.53500000000001,840.0,210.0,1
402.7625,87.53500000000001,840.0,210.0,1
402.7625,87.53500000000001,840.0,210.0,1
402.7625,87.53500000000001,840.0,210.0,1
402.7625,87.53500000000001,840.0,210.0,1
402.7625,87.53500000000001,840.0,210.0,1
402.7625,87.53500000000001,840.0,210.0,1
402.7625,87.53500000000001,840.0,210.0,1
402.7625,87.53500000000001,840.0,210.0,1
402.7625,87.53500000000001,840.0,210.0,1
402.7625,87.53500000000001,840.0,210.0,1
402.7625,87.53500000000001,840.0,210.0,1
402.7625,87.53500000000001,840.0,210.0,1
402.7625,87.53500000000001,840.0,210.0,1
402.7625,87.53500000000001,840.0,210.0,1
402.7625,87.53500000000001,840.0,210.0,1
402.7625,87.53500000000001,840.0,210.0,1
402.7625,87.53500000000001,840.0,210.0,1
402.7625,87.53500000000001,840.0,210.0,1
402.7625,87.53500000000001,840.0,210.0,1
402.7625,87.53500000000001,840.0,210.0,1
402.7625,87.53500000000001,840.0,210.0,1
402.7625,87.53500000000001,840.0,210.0,1
402.7625,87.53500000000001,840.0,210.0,1
402.7625,87.53500000000001,840.0,210.0,1
402.7625,87.53500000000001,840.0,210.0,1
402.7625,87.53500000000001,840.0,210.0,1
402.7625,87.53500000000001,840.0,210.0,1
402.7625,87.53500000000001,840.0,210.0,1
402.7625,87.53500000000001,840.0,210.0,1
402.7625,87.53500000000001,840.0,210.0,1
402.7625,87.53500000000001,840.0,210.0,1
402.7625,87.53500000000001,840.0,210.0,1
402.7625,87.53500000000001,840.0,210.0,1
402.7625,87.53500000000001,840.0,210.0,1
402.7625,87.53500000000001,840.0,210.0,1
402.7625,87.53500000000001,840.0,210.0,1
402.7625,87.53500000000001,840.0,210.0,1
402.7625,87.53500000000001,840.0,210.0,1
402.7625,87.53500000000001,840.0,210.0,1
402.7625,87.53500000000001,840.0,210.0,1
402.7625,87.53500000000001,840.0,210.0,1
402.7625,87.53500000000001,840.0,210.0,1
402.7625,87.53500000000001,840.0,210.0,1
402.7625,87.53500000000001,840.0,210.0,1
402.7625,87.53500000000001,840.0,210.0,1
402.7625,87.53500000000001,840.0,210.0,1
402.7625,87.53500000000001,840.0,210.0,1
402.7625,87.53500000000001,840.0,210.0,1
402.7625,87.53500000000001,840.0,210.0,1
402.7625,87.53500000000001,840.0,210.0,1
402.7625,87.53500000000001,840.0,210.0,1
402.7625,87.53500000000001,840.0,210.0,1
402.7625,87.53500000000001,840.0,210.0,1
402.7625,87.53500000000001,840.0,210.0,1
402.7625,87.53500000000001,840.0,210.0,1
402.7625,87.53500000000001,840.0,210.0,1
402.7625,87.53500000000001,840.0,210.0,1
402.7625,87.53500000000001,840.0,210.0,1
402.7625,87.53500000000001,840.0,210.0,1
402.7625,87.53500000000001,840.0,210.0,1
402.7625,87.53500000000001,840.0,210.0,1
402.7625,87.53500000000001,840.0,210.0,1
402.7625,87.53500000000001,840.0,210.0,1
402.7625,87.53500000000001,840.0,210.0,1
402.7625,87.53500000000001,840.0,210.0,1
402.7625,87.53500000000001,840.0,210.0,1
402.7625,87.53500000000001,840.0,210.0,1
402.7625,87.53500000000001,840.0,210.0,1
402.7625,87.53500000000001,840.0,210.0,1
402.7625,87.53500000000001,840.0,210.0,1
402.7625,87.53500000000001,840.0,210.0,1
402.7625,87.53500000000001,840.0,210.0,1
402.7625,87.53500000000001,840.0,210.0,1
402.7625,87.53500000000001,840.0,210.0,1
402.7625,87.53500000000001,840.0,210.0,1
402.7625,87.53500000000001,840.0,210.0,1
402.7625,87.53500000000001,840.0,210.0,1
402.7625,87.53500000000001,840.0,210.0,1
402.7625,87.53500000000001,840.0,210.0,1
402.7625,87.53500000000001,840.0,210.0,1
402.7625,87.53500000000001,840.0,210.0,1
402.7625,87.53500000000001,840.0,210.0,1
402.7625,87.53500000000001,840.0,210.0,1
402.7625,87.53500000000001,840.0,210.0,1
402.7625,87.53500000000001,840.0,210.0,1
402.7625,87.53500000000001,840.0,210.0,1
402.7625,87.53500000000001,840.0,210.0,1
402.7625,87.53500000000001,840.0,210.0,1
402.7625,87.53500000000001,840.0,210.0,1
402.7625,87.53500000000001,840.0,210.0,1
402.7625,87.53500000000001,840.0,210.0,1
402.7625,87.53500000000001,840.0,210.0,1
402.7625,87.53500000000001,840.0,210.0,1
402.7625,87.53500000000001,840.0,210.0,1
402.7625,87.53500000000001,840.0,210.0,1
402.7625,87.53500000000001,840.0,210.0,1
402.7625,87.53500000000001,840.0,210.0,1
402.7625,87.53500000000001,840.0,210.0,1
402.7625,87.53500000000001,840.0,210.0,1
402.7625,87.53500000000001,840.0,210.0,1
402.7625,87.53500000000001,840.0,210.0,1
402.7625,87.53500000000001,840.0,210.0,1
402.7625,87.53500000000001,840.0,210.0,1
402.7625,87.53500000000001,840.0,210.0,1
402.7625,87.53500000000001,840.0,210.0,1
402.7625,87.53500000000001,840.0,210.0,1
402.7625,87.53500000000001,840.0,210.0,1
402.7625,87.53500000000001,840.0,210.0,1
402.7625,87.53500000000001,840.0,210.0,1
402.7625,87.53500000000001,840.0,210.0,1
402.7625,87.53500000000001,840.0,210.0,1
402.7625,87.53500000000001,840.0,210.0,1
402.7625,87.53500000000001,840.0,210.0,1
402.7625,87.53500000000001,840.0,210.0,1
402.7625,87.53500000000001,840.0,210.0,1
402.7625,87.53500000000001,840.0,210.0,1
402.7625,87.53500000000001,840.0,210.0,1
402.7625,87.53500000000001,840.0,210.0,1
402.7625,87.53500000000001,840.0,210.0,1
402.7625,87.53500000000001,840.0,210.0,1
402.7625,87.53500000000001,840.0,210.0,1
402.7625,87.53500000000001,840.0,210.0,1
402.7625,87.53500000000001,840.0,210.0,1
402.7625,87.53500000000001,840.0,210.0,1
402.7625,87.53500000000001,840.0,210.0,1
402.7625,87.53500000000001,840.0,210.0,1
402.7625,87.53500000000001,840.0,210.0,1
402.7625,87.53500000000001,840.0,210.0,1
402.7625,87.53500000000001,840.0,210.0,1
402.7625,87.53500000000001,840.0,210.0,1
402.7625,87.53500000000001,840.0,210.0,1
402.7625,87.53500000000001,840.0,210.0,1
402.7625,87.53500000000001,840.0,210.0,1
402.7625,87.53500000000001,840.0,210.0,1
402.7625,87.53500000000001,840.0,210.0,1
402.7625,87.53500000000001,840.0,210.0,1
402.7625,87.53500000000001,840.0,210.0,1
402.7625,87.53500000000001,840.0,210.0,1
402.7625,87.53500000000001,840.0,210.0,1
402.7625,87.53500000000001,840.0,210.0,1
402.7625,87.53500000000001,840.0,210.0,1
402.7625,87.53500000000001,840.0,210.0,1
402.7625,87.53500000000001,840.0,210.0,1
402.7625,87.53500000000001,840.0,210.0,1
402.7625,87.53500000000001,840.0,210.0,1
402.7625,87.53500000000001,840.0,210.0,1
402.7625,87.53500000000001,840.0,210.0,1
402.7625,87.53500000000001,840.0,210.0,1
402.7625,87.53500000000001,840.0,210.0,1
402.7625,87.53500000000001,840.0,210.0,1
402.7625,87.53500000000001,840.0,210.0,1
402.7625,87.53500000000001,840.0,210.0,1
402.7625,87.53500000000001,840.0,210.0,1
402.7625,87.53500000000001,840.0,210.0,1
402.7625,87.53500000000001,840.0,210.0,1
402.7625,87.53500000000001,840.0,210.0,1
402.7625,87.53500000000001,840.0,210.0,1
402.7625,87.53500000000001,840.0,210.0,1
402.7625,87.53500000000001,840.0,210.0,1
402.7625,87.53500000000001,840.0,210.0,1
402.7625,87.53500000000001,840.0,210.0,1
402.7625,87.53500000000001,840.0,210.0,1
402.7625,87.53500000000001,840.0,210.0,1
402.7625,87.53500000000001,840.0,210.0,1
402.7625,87.53500000000001,840.0,210.0,1
402.7625,87.53500000000001,840.0,210.0,1
402.7625,87.53500000000001,840.0,210.0,1
402.7625,87.53500000000001,840.0,210.0,1
402.7625,87.53500000000001,840.0,210.0,1
402.7625,87.53500000000001,840.0,210.0,1
402.7625,87.53500000000001,840.0,210.0,1
402.7625,87.53500000000001,840.0,210.0,1
402.7625,87.53500000000001,840.0,210.0,1
402.7625,87.53500000000001,840.0,210.0,1
402.7625,87.53500000000001,840.0,210.0,1
402.7625,87.53500000000001,840.0,210.0,1
402.7625,87.53500000000001,840.0,210.0,1
402.7625,87.53500000000001,840.0,210.0,1
402.7625,87.53500000000001,840.0,210.0,1
402.7625,87.53500000000001,840.0,210.0,1
402.7625,87.53500000000001,840.0,210.0,1
402.7625,87.53500000000001,840.0,210.0,1
402.7625,87.53500000000001,840.0,210.0,1
402.7625,87.53500000000001,840.0,210.0,1
402.7625,87.53500000000001,840.0,210.0,1
402.7625,87.53500000000001,840.0,210.0,1
402.7625,87.53500000000001,840.0,210.0,1
402.7625,87.53500000000001,840.0,210.0,1
402.7625,87.53500000000001,840.0,210.0,1
402.7625,87.53500000000001,840.0,210.0,1
402.7625,87.53500000000001,840.0,210.0,1
402.7625,87.53500000000001,840.0,210.0,1
402.7625,87.53500000000001,840.0,210.0,1
402.7625,87.53500000000001,840.0,210.0,1
402.7625,87.53500000000001,840.0,210.0,1
402.7625,87.53500000000001,840.0,210.0,1
402.7625,87.53500000000001,840.0,210.0,1
402.7625,87.53500000000001,840.0,210.0,1
402.7625,87.53500000000001,840.0,210.0,1
402.7625,87.53500000000001,840.0,210.0,1
402.7625,87.53500000000001,840.0,210.0,1
402.7625,87.53500000000001,840.0,210.0,1
402.7625,87.53500000000001,840.0,210.0,1
402.7625,87.53500000000001,840.0,210.0,1
402.7625,87.53500000000001,840.0,210.0,1
402.7625,87.53500000000001,840.0,210.0,1
402.7625,87.53500000000001,840.0,210.0,1
402.7625,87.53500000000001,840.0,210.0,1
402.7625,87.53500000000001,840.0,210.0,1
402.7625,87.53500000000001,840.0,210.0,1
402.7625,87.53500000000001,840.0,210.0,1
402.7625,87.53500000000001,840.0,210.0,1
402.7625,87.53500000000001,840.0,210.0,1
402.7625,87.53500000000001,840.0,210.0,1
402.7625,87.53500000000001,840.0,210.0,1
402.7625,87.53500000000001,840.0,210.0,1
402.7625,87.53500000000001,840.0,210.0,1
402.7625,87.53500000000001,840.0,210.0,1
402.7625,87.53500000000001,840.0,210.0,1
402.7625,87.53500000000001,840.0,210.0,1
402.7625,87.53500000000001,840.0,210.0,1
402.7625,87.53500000000001,840.0,210.0,1
402.7625,87.53500000000001,840.0,210.0,1
402.7625,87.53500000000001,840.0,210.0,1
402.7625,87.53500000000001,840.0,210.0,1
402.7625,87.53500000000001,840.0,210.0,1
402.7625,87.53500000000001,840.0,210.0,1
402.7625,87.53500000000001,840.0,210.0,1
402.7625,87.53500000000001,840.0,210.0,1
402.7625,87.53500000000001,840.0,210.0,1
402.7625,87.53500000000001,840.0,210.0,1
402.7625,87.53500000000001,840.0,210.0,1
402.7625,87.53500000000001,840.0,210.0,1
402.7625,87.53500000000001,840.0,210.0,1
402.7625,87.53500000000001,840.0,210.0,1
402.7625,87.53500000000001,840.0,210.0,1
402.7625,87.53500000000001,840.0,210.0,1
402.7625,87.53500000000001,840.0,210.0,1
402.7625,87.53500000000001,840.0,210.0,1
402.7625,87.53500000000001,840.0,210.0,1
402.7625,87.53500000000001,840.0,210.0,1
402.7625,87.53500000000001,840.0,210.0,1
402.7625,87.53500000000001,840.0,210.0,1
402.7625,87.53500000000001,840.0,210.0,1
402.7625,87.53500000000001,840.0,210.0,1
402.7625,87.53500000000001,840.0,210.0,1
402.7625,87.53500000000001,840.0,210.0,1
402.7625,87.53500000000001,840.0,210.0,1
402.7625,87.53500000000001,840.0,210.0,1
402.7625,87.53500000000001,840.0,210.0,1
402.7625,87.53500000000001,840.0,210.0,1
402.7625,87.53500000000001,840.0,210.0,1
402.7625,87.53500000000001,840.0,210.0,1
402.7625,87.53500000000001,840.0,210.0,1
402.7625,87.53500000000001,840.0,210.0,1
402.7625,87.53500000000001,840.0,210.0,1
402.7625,87.53500000000001,840.0,210.0,1
402.7625,87.53500000000001,840.0,210.0,1
402.7625,87.53500000000001,840.0,210.0,1
402.7625,87.53500000000001,840.0,210.0,1
402.7625,87.53500000000001,840.0,210.0,1
402.7625,87.53500000000001,840.0,210.0,1
402.7625,87.53500000000001,840.0,210.0,1
402.7625,87.53500000000001,840.0,210.0,1
402.7625,87.53500000000001,840.0,210.0,1
402.7625,87.53500000000001,840.0,210.0,1
402.7625,87.53500000000001,840.0,210.0,1
402.7625,87.53500000000001,840.0,210.0,1
402.7625,87.53500000000001,840.0,210.0,1
402.7625,87.53500000000001,840.0,210.0,1
402.7625,87.53500000000001,840.0,210.0,1
402.7625,87.53500000000001,840.0,210.0,1
402.7625,87.53500000000001,840.0,210.0,1
402.7625,87.53500000000001,840.0,210.0,1
402.7625,87.53500000000001,840.0,210.0,1
402.7625,87.53500000000001,840.0,210.0,1
402.7625,87.53500000000001,840.0,210.0,1
402.7625,87.53500000000001,840.0,210.0,1
402.7625,87.53500000000001,840.0,210.0,1
402.7625,87.53500000000001,840.0,210.0,1
402.7625,87.53500000000001,840.0,210.0,1
402.7625,87.53500000000001,840.0,210.0,1
402.7625,87.53500000000001,840.0,210.0,1
402.7625,87.53500000000001,840.0,210.0,1
402.7625,87.53500000000001,840.0,210.0,1
402.7625,87.53500000000001,840.0,210.0,1
402.7625,87.53500000000001,840.0,210.0,1
402.7625,87.53500000000001,840.0,210.0,1
402.7625,87.53500000000001,840.0,210.0,1
402.7625,87.53500000000001,840.0,210.0,1
402.7625,87.53500000000001,840.0,210.0,1
402.7625,87.53500000000001,840.0,210.0,1
402.7625,87.53500000000001,840.0,210.0,1
402.7625,87.53500000000001,840.0,210.0,1
402.7625,87.53500000000001,840.0,210.0,1
402.7625,87.53500000000001,840.0,210.0,1
402.7625,87.53500000000001,840.0,210.0,1
402.7625,87.53500000000001,840.0,210.0,1
402.7625,87.53500000000001,840.0,210.0,1
402.7625,87.53500000000001,840.0,210.0,1
402.7625,87.53500000000001,840.0,210.0,1
402.7625,87.53500000000001,840.0,210.0,1
402.7625,87.53500000000001,840.0,210.0,1
402.7625,87.53500000000001,840.0,210.0,1
402.7625,87.53500000000001,840.0,210.0,1
402.7625,87.53500000000001,840.0,210.0,1
402.7625,87.53500000000001,840.0,210.0,1
402.7625,87.53500000000001,840.0,210.0,1
402.7625,87.53500000000001,840.0,210.0,1
402.7625,87.53500000000001,840.0,210.0,1
402.7625,87.53500000000001,840.0,210.0,1
402.7625,87.53500000000001,840.0,210.0,1
402.7625,87.53500000000001,840.0,210.0,1
402.7625,87.53500000000001,840.0,210.0,1
402.7625,87.53500000000001,840.0,210.0,1
402.7625,87.53500000000001,840.0,210.0,1
402.7625,87.53500000000001,840.0,210.0,1
402.7625,87.53500000000001,840.0,210.0,1
402.7625,87.53500000000001,840.0,210.0,1
402.7625,87.53500000000001,840.0,210.0,1
402.7625,87.53500000000001,840.0,210.0,1
402.7625,87.53500000000001,840.0,210.0,1
402.7625,87.53500000000001,840.0,210.0,1
402.7625,87.53500000000001,840.0,210.0,1
402.7625,87.53500000000001,840.0,210.0,1
402.7625,87.53500000000001,840.0,210.0,1
402.7625,87.53500000000001,840.0,210.0,1
402.7625,87.53500000000001,840.0,210.0,1
402.7625,87.53500000000001,840.0,210.0,1
402.7625,87.53500000000001,840.0,210.0,1
402.7625,87.53500000000001,840.0,210.0,1
402.7625,87.53500000000001,840.0,210.0,1
402.7625,87.53500000000001,840.0,210.0,1
402.7625,87.53500000000001,840.0,210.0,1
402.7625,87.53500000000001,840.0,210.0,1
402.7625,87.53500000000001,840.0,210.0,1
402.7625,87.53500000000001,840.0,210.0,1
402.7625,87.53500000000001,840.0,210.0,1
402.7625,87.53500000000001,840.0,210.0,1
402.7625,87.53500000000001,840.0,210.0,1
402.7625,87.53500000000001,840.0,210.0,1
402.7625,87.53500000000001,840.0,210.0,1
402.7625,87.53500000000001,840.0,210.0,1
402.7625,87.53500000000001,840.0,210.0,1
402.7625,87.53500000000001,840.0,210.0,1
402.7625,87.53500000000001,840.0,210.0,1
402.7625,87.53500000000001,840.0,210.0,1
402.7625,87.53500000000001,840.0,210.0,1
402.7625,87.53500000000001,840.0,210.0,1
402.7625,87.53500000000001,840.0,210.0,1
402.7625,87.53500000000001,840.0,210.0,1
402.7625,87.53500000000001,840.0,210.0,1
402.7625,87.53500000000001,840.0,210.0,1
402.7625,87.53500000000001,840.0,210.0,1
402.7625,87.53500000000001,840.0,210.0,1
402.7625,87.53500000000001,840.0,210.0,1
402.7625,87.53500000000001,840.0,210.0,1
402.7625,87.53500000000001,840.0,210.0,1
402.7625,87.53500000000001,840.0,210.0,1
402.7625,87.53500000000001,840.0,210.0,1
402.7625,87.53500000000001,840.0,210.0,1
402.7625,87.53500000000001,840.0,210.0,1
402.7625,87.53500000000001,840.0,210.0,1
402.7625,87.53500000000001,840.0,210.0,1
402.7625,87.53500000000001,840.0,210.0,1
402.7625,87.53500000000001,840.0,210.0,1
402.7625,87.53500000000001,840.0,210.0,1
402.7625,87.53500000000001,840.0,210.0,1
402.7625,87.53500000000001,840.0,210.0,1
402.7625,87.53500000000001,840.0,210.0,1
402.7625,87.53500000000001,840.0,210.0,1
402.7625,87.53500000000001,840.0,210.0,1
402.7625,87.53500000000001,840.0,210.0,1
402.7625,87.53500000000001,840.0,210.0,1
402.7625,87.53500000000001,840.0,210.0,1
402.7625,87.53500000000001,840.0,210.0,1
402.7625,87.53500000000001,840.0,210.0,1
402.7625,87.53500000000001,840.0,210.0,1
402.7625,87.53500000000001,840.0,210.0,1
402.7625,87.53500000000001,840.0,210.0,1
402.7625,87.53500000000001,840.0,210.0,1
402.7625,87.53500000000001,840.0,210.0,1
402.7625,87.53500000000001,840.0,210.0,1
402.7625,87.53500000000001,840.0,210.0,1
402.7625,87.53500000000001,840.0,210.0,1
402.7625,87.53500000000001,840.0,210.0,1
402.7625,87.53500000000001,840.0,210.0,1
402.7625,87.53500000000001,840.0,210.0,1
402.7625,87.53500000000001,840.0,210.0,1
402.7625,87.53500000000001,840.0,210.0,1
402.7625,87.53500000000001,840.0,210.0,1
402.7625,87.53500000000001,840.0,210.0,1
402.7625,87.53500000000001,840.0,210.0,1
402.7625,87.53500000000001,840.0,210.0,1
402.7625,87.53500000000001,840.0,210.0,1
402.7625,87.53500000000001,840.0,210.0,1
402.7625,87.53500000000001,840.0,210.0,1
402.7625,87.53500000000001,840.0,210.0,1
402.7625,87.53500000000001,840.0,210.0,1
402.7625,87.53500000000001,840.0,210.0,1
402.7625,87.53500000000001,840.0,210.0,1
402.7625,87.53500000000001,840.0,210.0,1
402.7625,87.53500000000001,840.0,210.0,1
402.7625,87.53500000000001,840.0,210.0,1
402.7625,87.53500000000001,840.0,210.0,1
402.7625,87.53500000000001,840.0,210.0,1
402.7625,87.53500000000001,840.0,210.0,1
402.7625,87.53500000000001,840.0,210.0,1
402.7625,87.53500000000001,840.0,210.0,1
402.7625,87.53500000000001,840.0,210.0,1
402.7625,87.53500000000001,840.0,210.0,1
402.7625,87.53500000000001,840.0,210.0,1
402.7625,87.53500000000001,840.0,210.0,1
402.7625,87.53500000000001,840.0,210.0,1
402.7625,87.53500000000001,840.0,210.0,1
402.7625,87.53500000000001,840.0,210.0,1
402.7625,87.53500000000001,840.0,210.0,1
402.7625,87.53500000000001,840.0,210.0,1
402.7625,87.53500000000001,840.0,210.0,1
402.7625,87.53500000000001,840.0,210.0,1
402.7625,87.53500000000001,840.0,210.0,1
402.7625,87.53500000000001,840.0,210.0,1
402.7625,87.53500000000001,840.0,210.0,1
402.7625,87.53500000000001,840.0,210.0,1
402.7625,87.53500000000001,840.0,210.0,1
402.7625,87.53500000000001,840.0,210.0,1
402.7625,87.53500000000001,840.0,210.0,1
402.7625,87.53500000000001,840.0,210.0,1
402.7625,87.53500000000001,840.0,210.0,1
402.7625,87.53500000000001,840.0,210.0,1
402.7625,87.53500000000001,840.0,210.0,1
402.7625,87.53500000000001,840.0,210.0,1
402.7625,87.53500000000001,840.0,210.0,1
402.7625,87.53500000000001,840.0,210.0,1
402.7625,87.53500000000001,840.0,210.0,1
402.7625,87.53500000000001,840.0,210.0,1
402.7625,87.53500000000001,840.0,210.0,1
402.7625,87.53500000000001,840.0,210.0,1
402.7625,87.53500000000001,840.0,210.0,1
402.7625,87.53500000000001,840.0,210.0,1
402.7625,87.53500000000001,840.0,210.0,1
402.7625,87.53500000000001,840.0,210.0,1
402.7625,87.53500000000001,840.0,210.0,1
402.7625,87.53500000000001,840.0,210.0,1
402.7625,87.53500000000001,840.0,210.0,1
402.7625,87.53500000000001,840.0,210.0,1
402.7625,87.53500000000001,840.0,210.0,1
402.7625,87.53500000000001,840.0,210.0,1
402.7625,87.53500000000001,840.0,210.0,1
402.7625,87.53500000000001,840.0,210.0,1
402.7625,87.53500000000001,840.0,210.0,1
402.7625,87.53500000000001,840.0,210.0,1
402.7625,87.53500000000001,840.0,210.0,1
402.7625,87.53500000000001,840.0,210.0,1
402.7625,87.53500000000001,840.0,210.0,1
402.7625,87.53500000000001,840.0,210.0,1
402.7625,87.53500000000001,840.0,210.0,1
402.7625,87.53500000000001,840.0,210.0,1
402.7625,87.53500000000001,840.0,210.0,1
402.7625,87.53500000000001,840.0,210.0,1
402.7625,87.53500000000001,840.0,210.0,1
402.7625,87.53500000000001,840.0,210.0,1
402.7625,87.53500000000001,840.0,210.0,1
402.7625,87.53500000000001,840.0,210.0,1
402.7625,87.53500000000001,840.0,210.0,1
402.7625,87.53500000000001,840.0,210.0,1
402.7625,87.53500000000001,840.0,210.0,1
402.7625,87.53500000000001,840.0,210.0,1
402.7625,87.53500000000001,840.0,210.0,1
402.7625,87.53500000000001,840.0,210.0,1
402.7625,87.53500000000001,840.0,210.0,1
402.7625,87.53500000000001,840.0,210.0,1
402.7625,87.53500000000001,840.0,210.0,1
402.7625,87.53500000000001,840.0,210.0,1
402.7625,87.53500000000001,840.0,210.0,1
402.7625,87.53500000000001,840.0,210.0,1
402.7625,87.53500000000001,840.0,210.0,1
402.7625,87.53500000000001,840.0,210.0,1
402.7625,87.53500000000001,840.0,210.0,1
402.7625,87.53500000000001,840.0,210.0,1
402.7625,87.53500000000001,840.0,210.0,1
402.7625,87.53500000000001,840.0,210.0,1
402.7625,87.53500000000001,840.0,210.0,1
402.7625,87.53500000000001,840.0,210.0,1
402.7625,87.53500000000001,840.0,210.0,1
402.7625,87.53500000000001,840.0,210.0,1
402.7625,87.53500000000001,840.0,210.0,1
402.7625,87.53500000000001,840.0,210.0,1
402.7625,87.53500000000001,840.0,210.0,1
402.7625,87.53500000000001,840.0,210.0,1
402.7625,87.53500000000001,840.0,210.0,1
402.7625,87.53500000000001,840.0,210.0,1
402.7625,87.53500000000001,840.0,210.0,1
402.7625,87.53500000000001,840.0,210.0,1
402.7625,87.53500000000001,840.0,210.0,1
402.7625,87.53500000000001,840.0,210.0,1
402.7625,87.53500000000001,840.0,210.0,1
402.7625,87.53500000000001,840.0,210.0,1
402.7625,87.53500000000001,840.0,210.0,1
402.7625,87.53500000000001,840.0,210.0,1
402.7625,87.53500000000001,840.0,210.0,1
402.7625,87.53500000000001,840.0,210.0,1
402.7625,87.53500000000001,840.0,210.0,1
402.7625,87.53500000000001,840.0,210.0,1
402.7625,87.53500000000001,840.0,210.0,1
402.7625,87.53500000000001,840.0,210.0,1
402.7625,87.53500000000001,840.0,210.0,1
402.7625,87.53500000000001,840.0,210.0,1
402.7625,87.53500000000001,840.0,210.0,1
402.7625,87.53500000000001,840.0,210.0,1
402.7625,87.53500000000001,840.0,210.0,1
402.7625,87.53500000000001,840.0,210.0,1
402.7625,87.53500000000001,840.0,210.0,1
402.7625,87.53500000000001,840.0,210.0,1
402.7625,87.53500000000001,840.0,210.0,1
402.7625,87.53500000000001,840.0,210.0,1
402.7625,87.53500000000001,840.0,210.0,1
402.7625,87.53500000000001,840.0,210.0,1
402.7625,87.53500000000001,840.0,210.0,1
402.7625,87.53500000000001,840.0,210.0,1
402.7625,87.53500000000001,840.0,210.0,1
402.7625,87.53500000000001,840.0,210.0,1
402.7625,87.53500000000001,840.0,210.0,1
402.7625,87.53500000000001,840.0,210.0,1
402.7625,87.53500000000001,840.0,210.0,1
402.7625,87.53500000000001,840.0,210.0,1
402.7625,87.53500000000001,840.0,210.0,1
402.7625,87.53500000000001,840.0,210.0,1
402.7625,87.53500000000001,840.0,210.0,1
402.7625,87.53500000000001,840.0,210.0,1
402.7625,87.53500000000001,840.0,210.0,1
402.7625,87.53500000000001,840.0,210.0,1
402.7625,87.53500000000001,840.0,210.0,1
402.7625,87.53500000000001,840.0,210.0,1
402.7625,87.53500000000001,840.0,210.0,1
402.7625,87.53500000000001,840.0,210.0,1
402.7625,87.53500000000001,840.0,210.0,1
402.7625,87.53500000000001,840.0,210.0,1
402.7625,87.53500000000001,840.0,210.0,1
402.7625,87.53500000000001,840.0,210.0,1
402.7625,87.53500000000001,840.0,210.0,1
402.7625,87.53500000000001,840.0,210.0,1
402.7625,87.53500000000001,840.0,210.0,1
402.7625,87.53500000000001,840.0,210.0,1
402.7625,87.53500000000001,840.0,210.0,1
402.7625,87.53500000000001,840.0,210.0,1
402.7625,87.53500000000001,840.0,210.0,1
402.7625,87.53500000000001,840.0,210.0,1
402.7625,87.53500000000001,840.0,210.0,1
402.7625,87.53500000000001,840.0,210.0,1
402.7625,87.53500000000001,840.0,210.0,1
402.7625,87.53500000000001,840.0,210.0,1
402.7625,87.53500000000001,840.0,210.0,1
402.7625,87.53500000000001,840.0,210.0,1
402.7625,87.53500000000001,840.0,210.0,1
402.7625,87.53500000000001,840.0,210.0,1
402.7625,87.53500000000001,840.0,210.0,1
402.7625,87.53500000000001,840.0,210.0,1
402.7625,87.53500000000001,840.0,210.0,1
402.7625,87.53500000000001,840.0,210.0,1
402.7625,87.53500000000001,840.0,210.0,1
402.7625,87.53500000000001,840.0,210.0,1
402.7625,87.53500000000001,840.0,210.0,1
402.7625,87.53500000000001,840.0,210.0,1
402.7625,87.53500000000001,840.0,210.0,1
402.7625,87.53500000000001,840.0,210.0,1
402.7625,87.53500000000001,840.0,210.0,1
402.7625,87.53500000000001,840.0,210.0,1
402.7625,87.53500000000001,840.0,210.0,1
402.7625,87.53500000000001,840.0,210.0,1
402.7625,87.53500000000001,840.0,210.0,1
402.7625,87.53500000000001,840.0,210.0,1
402.7625,87.53500000000001,840.0,210.0,1
402.7625,87.53500000000001,840.0,210.0,1
402.7625,87.53500000000001,840.0,210.0,1
402.7625,87.53500000000001,840.0,210.0,1
402.7625,87.53500000000001,840.0,210.0,1
402.7625,87.53500000000001,840.0,210.0,1
402.7625,87.53500000000001,840.0,210.0,1
402.7625,87.53500000000001,840.0,210.0,1
402.7625,87.53500000000001,840.0,210.0,1
402.7625,87.53500000000001,840.0,210.0,1
402.7625,87.53500000000001,840.0,210.0,1
402.7625,87.53500000000001,840.0,210.0,1
402.7625,87.53500000000001,840.0,210.0,1
402.7625,87.53500000000001,840.0,210.0,1
402.7625,87.53500000000001,840.0,210.0,1
402.7625,87.53500000000001,840.0,210.0,1
402.7625,87.53500000000001,840.0,210.0,1
402.7625,87.53500000000001,840.0,210.0,1
402.7625,87.53500000000001,840.0,210.0,1
402.7625,87.53500000000001,840.0,210.0,1
402.7625,87.53500000000001,840.0,210.0,1
402.7625,87.53500000000001,840.0,210.0,1
402.7625,87.53500000000001,840.0,210.0,1
402.7625,87.53500000000001,840.0,210.0,1
402.7625,87.53500000000001,840.0,210.0,1
402.7625,87.53500000000001,840.0,210.0,1
402.7625,87.53500000000001,840.0,210.0,1
402.7625,87.53500000000001,840.0,210.0,1
402.7625,87.53500000000001,840.0,210.0,1
402.7625,87.53500000000001,840.0,210.0,1
402.7625,87.53500000000001,840.0,210.0,1
402.7625,87.53500000000001,840.0,210.0,1
402.7625,87.53500000000001,840.0,210.0,1
402.7625,87.53500000000001,840.0,210.0,1
402.7625,87.53500000000001,840.0,210.0,1
402.7625,87.53500000000001,840.0,210.0,1
402.7625,87.53500000000001,840.0,210.0,1
402.7625,87.53500000000001,840.0,210.0,1
402.7625,87.53500000000001,840.0,210.0,1
402.7625,87.53500000000001,840.0,210.0,1
402.7625,87.53500000000001,840.0,210.0,1
402.7625,87.53500000000001,840.0,210.0,1
402.7625,87.53500000000001,840.0,210.0,1
402.7625,87.53500000000001,840.0,210.0,1
402.7625,87.53500000000001,840.0,210.0,1
402.7625,87.53500000000001,840.0,210.0,1
402.7625,87.53500000000001,840.0,210.0,1
402.7625,87.53500000000001,840.0,210.0,1
402.7625,87.53500000000001,840.0,210.0,1
402.7625,87.53500000000001,840.0,210.0,1
402.7625,87.53500000000001,840.0,210.0,1
402.7625,87.53500000000001,840.0,210.0,1
402.7625,87.53500000000001,840.0,210.0,1
402.7625,87.53500000000001,840.0,210.0,1
402.7625,87.53500000000001,840.0,210.0,1
402.7625,87.53500000000001,840.0,210.0,1
402.7625,87.53500000000001,840.0,210.0,1
402.7625,87.53500000000001,840.0,210.0,1
402.7625,87.53500000000001,840.0,210.0,1
402.7625,87.53500000000001,840.0,210.0,1
402.7625,87.53500000000001,840.0,210.0,1
402.7625,87.53500000000001,840.0,210.0,1
402.7625,87.53500000000001,840.0,210.0,1
402.7625,87.53500000000001,840.0,210.0,1
402.7625,87.53500000000001,840.0,210.0,1
402.7625,87.53500000000001,840.0,210.0,1
402.7625,87.53500000000001,840.0,210.0,1
402.7625,87.53500000000001,840.0,210.0,1
402.7625,87.53500000000001,840.0,210.0,1
402.7625,87.53500000000001,840.0,210.0,1
402.7625,87.53500000000001,840.0,210.0,1
402.7625,87.53500000000001,840.0,210.0,1
402.7625,87.53500000000001,840.0,210.0,1
402.7625,87.53500000000001,840.0,210.0,1
402.7625,87.53500000000001,840.0,210.0,1
402.7625,87.53500000000001,840.0,210.0,1
402.7625,87.53500000000001,840.0,210.0,1
402.7625,87.53500000000001,840.0,210.0,1
402.7625,87.53500000000001,840.0,210.0,1
402.7625,87.53500000000001,840.0,210.0,1
402.7625,87.53500000000001,840.0,210.0,1
402.7625,87.53500000000001,840.0,210.0,1
402.7625,87.53500000000001,840.0,210.0,1
402.7625,87.53500000000001,840.0,210.0,1
402.7625,87.53500000000001,840.0,210.0,1
402.7625,87.53500000000001,840.0,210.0,1
402.7625,87.53500000000001,840.0,210.0,1
402.7625,87.53500000000001,840.0,210.0,1
402.7625,87.53500000000001,840.0,210.0,1
402.7625,87.53500000000001,840.0,210.0,1
402.7625,87.53500000000001,840.0,210.0,1
402.7625,87.53500000000001,840.0,210.0,1
402.7625,87.53500000000001,840.0,210.0,1
402.7625,87.53500000000001,840.0,210.0,1
402.7625,87.53500000000001,840.0,210.0,1
402.7625,87.53500000000001,840.0,210.0,1
402.7625,87.53500000000001,840.0,210.0,1
402.7625,87.53500000000001,840.0,210.0,1
402.7625,87.53500000000001,840.0,210.0,1
402.7625,87.53500000000001,840.0,210.0,1
402.7625,87.53500000000001,840.0,210.0,1
402.7625,87.53500000000001,840.0,210.0,1
402.7625,87.53500000000001,840.0,210.0,1
402.7625,87.53500000000001,840.0,210.0,1
402.7625,87.53500000000001,840.0,210.0,1
402.7625,87.53500000000001,840.0,210.0,1
402.7625,87.53500000000001,840.0,210.0,1
402.7625,87.53500000000001,840.0,210.0,1
402.7625,87.53500000000001,840.0,210.0,1
402.7625,87.53500000000001,840.0,210.0,1
402.7625,87.53500000000001,840.0,210.0,1
402.7625,87.53500000000001,840.0,210.0,1
402.7625,87.53500000000001,840.0,210.0,1
402.7625,87.53500000000001,840.0,210.0,1
402.7625,87.53500000000001,840.0,210.0,1
402.7625,87.53500000000001,840.0,210.0,1
402.7625,87.53500000000001,840.0,210.0,1
402.7625,87.53500000000001,840.0,210.0,1
402.7625,87.53500000000001,840.0,210.0,1
402.7625,87.53500000000001,840.0,210.0,1
402.7625,87.53500000000001,840.0,210.0,1
402.7625,87.53500000000001,840.0,210.0,1
402.7625,87.53500000000001,840.0,210.0,1
402.7625,87.53500000000001,840.0,210.0,1
402.7625,87.53500000000001,840.0,210.0,1
402.7625,87.53500000000001,840.0,210.0,1
402.7625,87.53500000000001,840.0,210.0,1
402.7625,87.53500000000001,840.0,210.0,1
402.7625,87.53500000000001,840.0,210.0,1
402.7625,87.53500000000001,840.0,210.0,1
402.7625,87.53500000000001,840.0,210.0,1
402.7625,87.53500000000001,840.0,210.0,1
402.7625,87.53500000000001,840.0,210.0,1
402.7625,87.53500000000001,840.0,210.0,1
402.7625,87.53500000000001,840.0,210.0,1
402.7625,87.53500000000001,840.0,210.0,1
402.7625,87.53500000000001,840.0,210.0,1
402.7625,87.53500000000001,840.0,210.0,1
402.7625,87.53500000000001,840.0,210.0,1
402.7625,87.53500000000001,840.0,210.0,1
402.7625,87.53500000000001,840.0,210.0,1
402.7625,87.53500000000001,840.0,210.0,1
402.7625,87.53500000000001,840.0,210.0,1
402.7625,87.53500000000001,840.0,210.0,1
402.7625,87.53500000000001,840.0,210.0,1
402.7625,87.53500000000001,840.0,210.0,1
402.7625,87.53500000000001,840.0,210.0,1
402.7625,87.53500000000001,840.0,210.0,1
402.7625,87.53500000000001,840.0,210.0,1
402.7625,87.53500000000001,840.0,210.0,1
402.7625,87.53500000000001,840.0,210.0,1
402.7625,87.53500000000001,840.0,210.0,1
402.7625,87.53500000000001,840.0,210.0,1
402.7625,87.53500000000001,840.0,210.0,1
402.7625,87.53500000000001,840.0,210.0,1
402.7625,87.53500000000001,840.0,210.0,1
402.7625,87.53500000000001,840.0,210.0,1
402.7625,87.53500000000001,840.0,210.0,1
402.7625,87.53500000000001,840.0,210.0,1
402.7625,87.53500000000001,840.0,210.0,1
402.7625,87.53500000000001,840.0,210.0,1
402.7625,87.53500000000001,840.0,210.0,1
402.7625,87.53500000000001,840.0,210.0,1
402.7625,87.53500000000001,840.0,210.0,1
402.7625,87.53500000000001,840.0,210.0,1
402.7625,87.53500000000001,840.0,210.0,1
402.7625,87.53500000000001,840.0,210.0,1
402.7625,87.53500000000001,840.0,210.0,1
402.7625,87.53500000000001,840.0,210.0,1
402.7625,87.53500000000001,840.0,210.0,1
402.7625,87.53500000000001,840.0,210.0,1
402.7625,87.53500000000001,840.0,210.0,1
402.7625,87.53500000000001,840.0,210.0,1
402.7625,87.53500000000001,840.0,210.0,1
402.7625,87.53500000000001,840.0,210.0,1
402.7625,87.53500000000001,840.0,210.0,1
402.7625,87.53500000000001,840.0,210.0,1
402.7625,87.53500000000001,840.0,210.0,1
402.7625,87.53500000000001,840.0,210.0,1
402.7625,87.53500000000001,840.0,210.0,1
402.7625,87.53500000000001,840.0,210.0,1
402.7625,87.53500000000001,840.0,210.0,1
402.7625,87.53500000000001,840.0,210.0,1
402.7625,87.53500000000001,840.0,210.0,1
402.7625,87.53500000000001,840.0,210.0,1
402.7625,87.53500000000001,840.0,210.0,1
402.7625,87.53500000000001,840.0,210.0,1
402.7625,87.53500000000001,840.0,210.0,1
402.7625,87.53500000000001,840.0,210.0,1
402.7625,87.53500000000001,840.0,210.0,1
402.7625,87.53500000000001,840.0,210.0,1
402.7625,87.53500000000001,840.0,210.0,1
402.7625,87.53500000000001,840.0,210.0,1
402.7625,87.53500000000001,840.0,210.0,1
402.7625,87.53500000000001,840.0,210.0,1
402.7625,87.53500000000001,840.0,210.0,1
402.7625,87.53500000000001,840.0,210.0,1
402.7625,87.53500000000001,840.0,210.0,1
402.7625,87.53500000000001,840.0,210.0,1
402.7625,87.53500000000001,840.0,210.0,1
402.7625,87.53500000000001,840.0,210.0,1
402.7625,87.53500000000001,840.0,210.0,1
402.7625,87.53500000000001,840.0,210.0,1
402.7625,87.53500000000001,840.0,210.0,1
402.7625,87.53500000000001,840.0,210.0,1
402.7625,87.53500000000001,840.0,210.0,1
402.7625,87.53500000000001,840.0,210.0,1
402.7625,87.53500000000001,840.0,210.0,1
402.7625,87.53500000000001,840.0,210.0,1
402.7625,87.53500000000001,840.0,210.0,1
402.7625,87.53500000000001,840.0,210.0,1
402.7625,87.53500000000001,840.0,210.0,1
402.7625,87.53500000000001,840.0,210.0,1
402.7625,87.53500000000001,840.0,210.0,1
402.7625,87.53500000000001,840.0,210.0,1
402.7625,87.53500000000001,840.0,210.0,1
402.7625,87.53500000000001,840.0,210.0,1
402.7625,87.53500000000001,840.0,210.0,1
402.7625,87.53500000000001,840.0,210.0,1
402.7625,87.53500000000001,840.0,210.0,1
402.7625,87.53500000000001,840.0,210.0,1
402.7625,87.53500000000001,840.0,210.0,1
402.7625,87.53500000000001,840.0,210.0,1
402.7625,87.53500000000001,840.0,210.0,1
402.7625,87.53500000000001,840.0,210.0,1
402.7625,87.53500000000001,840.0,210.0,1
402.7625,87.53500000000001,840.0,210.0,1
402.7625,87.53500000000001,840.0,210.0,1
402.7625,87.53500000000001,840.0,210.0,1
402.7625,87.53500000000001,840.0,210.0,1
402.7625,87.53500000000001,840.0,210.0,1
402.7625,87.53500000000001,840.0,210.0,1
402.7625,87.53500000000001,840.0,210.0,1
402.7625,87.53500000000001,840.0,210.0,1
402.7625,87.53500000000001,840.0,210.0,1
402.7625,87.53500000000001,840.0,210.0,1
402.7625,87.53500000000001,840.0,210.0,1
402.7625,87.53500000000001,840.0,210.0,1
402.7625,87.53500000000001,840.0,210.0,1
402.7625,87.53500000000001,840.0,210.0,1
402.7625,87.53500000000001,840.0,210.0,1
402.7625,87.53500000000001,840.0,210.0,1
402.7625,87.53500000000001,840.0,210.0,1
402.7625,87.53500000000001,840.0,210.0,1
402.7625,87.53500000000001,840.0,210.0,1
402.7625,87.53500000000001,840.0,210.0,1
402.7625,87.53500000000001,840.0,210.0,1
402.7625,87.53500000000001,840.0,210.0,1
402.7625,87.53500000000001,840.0,210.0,1
402.7625,87.53500000000001,840.0,210.0,1
402.7625,87.53500000000001,840.0,210.0,1
402.7625,87.53500000000001,840.0,210.0,1
402.7625,87.53500000000001,840.0,210.0,1
402.7625,87.53500000000001,840.0,210.0,1
402.7625,87.53500000000001,840.0,210.0,1
402.7625,87.53500000000001,840.0,210.0,1
402.7625,87.53500000000001,840.0,210.0,1
402.7625,87.53500000000001,840.0,210.0,1
402.7625,87.53500000000001,840.0,210.0,1
402.7625,87.53500000000001,840.0,210.0,1
402.7625,87.53500000000001,840.0,210.0,1
402.7625,87.53500000000001,840.0,210.0,1
402.7625,87.53500000000001,840.0,210.0,1
402.7625,87.53500000000001,840.0,210.0,1
402.7625,87.53500000000001,840.0,210.0,1
402.7625,87.53500000000001,840.0,210.0,1
402.7625,87.53500000000001,840.0,210.0,1
402.7625,87.53500000000001,840.0,210.0,1
402.7625,87.53500000000001,840.0,210.0,1
402.7625,87.53500000000001,840.0,210.0,1
402.7625,87.53500000000001,840.0,210.0,1
402.7625,87.53500000000001,840.0,210.0,1
402.7625,87.53500000000001,840.0,210.0,1
402.7625,87.53500000000001,840.0,210.0,1
402.7625,87.53500000000001,840.0,210.0,1
402.7625,87.53500000000001,840.0,210.0,1
402.7625,87.53500000000001,840.0,210.0,1
402.7625,87.53500000000001,840.0,210.0,1
402.7625,87.53500000000001,840.0,210.0,1
402.7625,87.53500000000001,840.0,210.0,1
402.7625,87.53500000000001,840.0,210.0,1
402.7625,87.53500000000001,840.0,210.0,1
402.7625,87.53500000000001,840.0,210.0,1
402.7625,87.53500000000001,840.0,210.0,1
402.7625,87.53500000000001,840.0,210.0,1
402.7625,87.53500000000001,840.0,210.0,1
402.7625,87.53500000000001,840.0,210.0,1
402.7625,87.53500000000001,840.0,210.0,1
402.7625,87.53500000000001,840.0,210.0,1
402.7625,87.53500000000001,840.0,210.0,1
402.7625,87.53500000000001,840.0,210.0,1
402.7625,87.53500000000001,840.0,210.0,1
402.7625,87.53500000000001,840.0,210.0,1
402.7625,87.53500000000001,840.0,210.0,1
402.7625,87.53500000000001,840.0,210.0,1
402.7625,87.53500000000001,840.0,210.0,1
402.7625,87.53500000000001,840.0,210.0,1
402.7625,87.53500000000001,840.0,210.0,1
402.7625,87.53500000000001,840.0,210.0,1
402.7625,87.53500000000001,840.0,210.0,1
402.7625,87.53500000000001,840.0,210.0,1
402.7625,87.53500000000001,840.0,210.0,1
402.7625,87.53500000000001,840.0,210.0,1
402.7625,87.53500000000001,840.0,210.0,1
402.7625,87.53500000000001,840.0,210.0,1
402.7625,87.53500000000001,840.0,210.0,1
402.7625,87.53500000000001,840.0,210.0,1
402.7625,87.53500000000001,840.0,210.0,1
402.7625,87.53500000000001,840.0,210.0,1
402.7625,87.53500000000001,840.0,210.0,1
402.7625,87.53500000000001,840.0,210.0,1
402.7625,87.53500000000001,840.0,210.0,1
402.7625,87.53500000000001,840.0,210.0,1
402.7625,87.53500000000001,840.0,210.0,1
402.7625,87.53500000000001,840.0,210.0,1
402.7625,87.53500000000001,840.0,210.0,1
402.7625,87.53500000000001,840.0,210.0,1
402.7625,87.53500000000001,840.0,210.0,1
402.7625,87.53500000000001,840.0,210.0,1
402.7625,87.53500000000001,840.0,210.0,1
402.7625,87.53500000000001,840.0,210.0,1
402.7625,87.53500000000001,840.0,210.0,1
402.7625,87.53500000000001,840.0,210.0,1
402.7625,87.53500000000001,840.0,210.0,1
402.7625,87.53500000000001,840.0,210.0,1
402.7625,87.53500000000001,840.0,210.0,1
402.7625,87.53500000000001,840.0,210.0,1
402.7625,87.53500000000001,840.0,210.0,1
402.7625,87.53500000000001,840.0,210.0,1
402.7625,87.53500000000001,840.0,210.0,1
402.7625,87.53500000000001,840.0,210.0,1
402.7625,87.53500000000001,840.0,210.0,1
402.7625,87.53500000000001,840.0,210.0,1
402.7625,87.53500000000001,840.0,210.0,1
402.7625,87.53500000000001,840.0,210.0,1
402.7625,87.53500000000001,840.0,210.0,1
402.7625,87.53500000000001,840.0,210.0,1
402.7625,87.53500000000001,840.0,210.0,1
402.7625,87.53500000000001,840.0,210.0,1
402.7625,87.53500000000001,840.0,210.0,1
402.7625,87.53500000000001,840.0,210.0,1
402.7625,87.53500000000001,840.0,210.0,1
402.7625,87.53500000000001,840.0,210.0,1
402.7625,87.53500000000001,840.0,210.0,1
402.7625,87.53500000000001,840.0,210.0,1
402.7625,87.53500000000001,840.0,210.0,1
402.7625,87.53500000000001,840.0,210.0,1
402.7625,87.53500000000001,840.0,210.0,1
402.7625,87.53500000000001,840.0,210.0,1
402.7625,87.53500000000001,840.0,210.0,1
402.7625,87.53500000000001,840.0,210.0,1
402.7625,87.53500000000001,840.0,210.0,1
402.7625,87.53500000000001,840.0,210.0,1
402.7625,87.53500000000001,840.0,210.0,1
402.7625,87.53500000000001,840.0,210.0,1
402.7625,87.53500000000001,840.0,210.0,1
402.7625,87.53500000000001,840.0,210.0,1
402.7625,87.53500000000001,840.0,210.0,1
402.7625,87.53500000000001,840.0,210.0,1
402.7625,87.53500000000001,840.0,210.0,1
402.7625,87.53500000000001,840.0,210.0,1
402.7625,87.53500000000001,840.0,210.0,1
402.7625,87.53500000000001,840.0,210.0,1
402.7625,87.53500000000001,840.0,210.0,1
402.7625,87.53500000000001,840.0,210.0,1
402.7625,87.53500000000001,840.0,210.0,1
402.7625,87.53500000000001,840.0,210.0,1
402.7625,87.53500000000001,840.0,210.0,1
402.7625,87.53500000000001,840.0,210.0,1
402.7625,87.53500000000001,840.0,210.0,1
402.7625,87.53500000000001,840.0,210.0,1
402.7625,87.53500000000001,840.0,210.0,1
402.7625,87.53500000000001,840.0,210.0,1
402.7625,87.53500000000001,840.0,210.0,1
402.7625,87.53500000000001,840.0,210.0,1
402.7625,87.53500000000001,840.0,210.0,1
402.7625,87.53500000000001,840.0,210.0,1
402.7625,87.53500000000001,840.0,210.0,1
402.7625,87.53500000000001,840.0,210.0,1
402.7625,87.53500000000001,840.0,210.0,1
402.7625,87.53500000000001,840.0,210.0,1
402.7625,87.53500000000001,840.0,210.0,1
402.7625,87.53500000000001,840.0,210.0,1
402.7625,87.53500000000001,840.0,210.0,1
402.7625,87.53500000000001,840.0,210.0,1
402.7625,87.53500000000001,840.0,210.0,1
402.7625,87.53500000000001,840.0,210.0,1
402.7625,87.53500000000001,840.0,210.0,1
402.7625,87.53500000000001,840.0,210.0,1
402.7625,87.53500000000001,840.0,210.0,1
402.7625,87.53500000000001,840.0,210.0,1
402.7625,87.53500000000001,840.0,210.0,1
402.7625,87.53500000000001,840.0,210.0,1
402.7625,87.53500000000001,840.0,210.0,1
402.7625,87.53500000000001,840.0,210.0,1
402.7625,87.53500000000001,840.0,210.0,1
402.7625,87.53500000000001,840.0,210.0,1
402.7625,87.53500000000001,840.0,210.0,1
402.7625,87.53500000000001,840.0,210.0,1
402.7625,87.53500000000001,840.0,210.0,1
402.7625,87.53500000000001,840.0,210.0,1
402.7625,87.53500000000001,840.0,210.0,1
402.7625,87.53500000000001,840.0,210.0,1
402.7625,87.53500000000001,840.0,210.0,1
402.7625,87.53500000000001,840.0,210.0,1
402.7625,87.53500000000001,840.0,210.0,1
402.7625,87.53500000000001,840.0,210.0,1
402.7625,87.53500000000001,840.0,210.0,1
402.7625,87.53500000000001,840.0,210.0,1
402.7625,87.53500000000001,840.0,210.0,1
402.7625,87.53500000000001,840.0,210.0,1
402.7625,87.53500000000001,840.0,210.0,1
402.7625,87.53500000000001,840.0,210.0,1
402.7625,87.53500000000001,840.0,210.0,1
402.7625,87.53500000000001,840.0,210.0,1
402.7625,87.53500000000001,840.0,210.0,1
402.7625,87.53500000000001,840.0,210.0,1
402.7625,87.53500000000001,840.0,210.0,1
402.7625,87.53500000000001,840.0,210.0,1
402.7625,87.53500000000001,840.0,210.0,1
402.7625,87.53500000000001,840.0,210.0,1
402.7625,87.53500000000001,840.0,210.0,1
402.7625,87.53500000000001,840.0,210.0,1
402.7625,87.53500000000001,840.0,210.0,1
402.7625,87.53500000000001,840.0,210.0,1
402.7625,87.53500000000001,840.0,210.0,1
402.7625,87.53500000000001,840.0,210.0,1
402.7625,87.53500000000001,840.0,210.0,1
402.7625,87.53500000000001,840.0,210.0,1
402.7625,87.53500000000001,840.0,210.0,1
402.7625,87.53500000000001,840.0,210.0,1
402.7625,87.53500000000001,840.0,210.0,1
402.7625,87.53500000000001,840.0,210.0,1
402.7625,87.53500000000001,840.0,210.0,1
402.7625,87.53500000000001,840.0,210.0,1
402.7625,87.53500000000001,840.0,210.0,1
402.7625,87.53500000000001,840.0,210.0,1
402.7625,87.53500000000001,840.0,210.0,1
402.7625,87.53500000000001,840.0,210.0,1
402.7625,87.53500000000001,840.0,210.0,1
402.7625,87.53500000000001,840.0,210.0,1
402.7625,87.53500000000001,840.0,210.0,1
402.7625,87.53500000000001,840.0,210.0,1
402.7625,87.53500000000001,840.0,210.0,1
402.7625,87.53500000000001,840.0,210.0,1
402.7625,87.53500000000001,840.0,210.0,1
402.7625,87.53500000000001,840.0,210.0,1
402.7625,87.53500000000001,840.0,210.0,1
402.7625,87.53500000000001,840.0,210.0,1
402.7625,87.53500000000001,840.0,210.0,1
402.7625,87.53500000000001,840.0,210.0,1
402.7625,87.53500000000001,840.0,210.0,1
402.7625,87.53500000000001,840.0,210.0,1
402.7625,87.53500000000001,840.0,210.0,1
402.7625,87.53500000000001,840.0,210.0,1
402.7625,87.53500000000001,840.0,210.0,1
402.7625,87.53500000000001,840.0,210.0,1
402.7625,87.53500000000001,840.0,210.0,1
402.7625,87.53500000000001,840.0,210.0,1
402.7625,87.53500000000001,840.0,210.0,1
402.7625,87.53500000000001,840.0,210.0,1
402.7625,87.53500000000001,840.0,210.0,1
402.7625,87.53500000000001,840.0,210.0,1
402.7625,87.53500000000001,840.0,210.0,1
402.7625,87.53500000000001,840.0,210.0,1
402.7625,87.53500000000001,840.0,210.0,1
402.7625,87.53500000000001,840.0,210.0,1
402.7625,87.53500000000001,840.0,210.0,1
402.7625,87.53500000000001,840.0,210.0,1
402.7625,87.53500000000001,840.0,210.0,1
402.7625,87.53500000000001,840.0,210.0,1
402.7625,87.53500000000001,840.0,210.0,1
402.7625,87.53500000000001,840.0,210.0,1
402.7625,87.53500000000001,840.0,210.0,1
402.7625,87.53500000000001,840.0,210.0,1
402.7625,87.53500000000001,840.0,210.0,1
402.7625,87.53500000000001,840.0,210.0,1
402.7625,87.53500000000001,840.0,210.0,1
402.7625,87.53500000000001,840.0,210.0,1
402.7625,87.53500000000001,840.0,210.0,1
402.7625,87.53500000000001,840.0,210.0,1
402.7625,87.53500000000001,840.0,210.0,1
402.7625,87.53500000000001,840.0,210.0,1
402.7625,87.53500000000001,840.0,210.0,1
402.7625,87.53500000000001,840.0,210.0,1
402.7625,87.53500000000001,840.0,210.0,1
402.7625,87.53500000000001,840.0,210.0,1
402.7625,87.53500000000001,840.0,210.0,1
402.7625,87.53500000000001,840.0,210.0,1
402.7625,87.53500000000001,840.0,210.0,1
402.7625,87.53500000000001,840.0,210.0,1
402.7625,87.53500000000001,840.0,210.0,1
402.7625,87.53500000000001,840.0,210.0,1
402.7625,87.53500000000001,840.0,210.0,1
402.7625,87.53500000000001,840.0,210.0,1
402.7625,87.53500000000001,840.0,210.0,1
402.7625,87.53500000000001,840.0,210.0,1
402.7625,87.53500000000001,840.0,210.0,1
402.7625,87.53500000000001,840.0,210.0,1
402.7625,87.53500000000001,840.0,210.0,1
402.7625,87.53500000000001,840.0,210.0,1
402.7625,87.53500000000001,840.0,210.0,1
402.7625,87.53500000000001,840.0,210.0,1
402.7625,87.53500000000001,840.0,210.0,1
402.7625,87.53500000000001,840.0,210.0,1
402.7625,87.53500000000001,840.0,210.0,1
402.7625,87.53500000000001,840.0,210.0,1
402.7625,87.53500000000001,840.0,210.0,1
402.7625,87.53500000000001,840.0,210.0,1
402.7625,87.53500000000001,840.0,210.0,1
402.7625,87.53500000000001,840.0,210.0,1
402.7625,87.53500000000001,840.0,210.0,1
402.7625,87.53500000000001,840.0,210.0,1
402.7625,87.53500000000001,840.0,210.0,1
402.7625,87.53500000000001,840.0,210.0,1
402.7625,87.53500000000001,840.0,210.0,1
402.7625,87.53500000000001,840.0,210.0,1
402.7625,87.53500000000001,840.0,210.0,1
402.7625,87.53500000000001,840.0,210.0,1
402.7625,87.53500000000001,840.0,210.0,1
402.7625,87.53500000000001,840.0,210.0,1
402.7625,87.53500000000001,840.0,210.0,1
402.7625,87.53500000000001,840.0,210.0,1
402.7625,87.53500000000001,840.0,210.0,1
402.7625,87.53500000000001,840.0,210.0,1
402.7625,87.53500000000001,840.0,210.0,1
402.7625,87.53500000000001,840.0,210.0,1
402.7625,87.53500000000001,840.0,210.0,1
402.7625,87.53500000000001,840.0,210.0,1
402.7625,87.53500000000001,840.0,210.0,1
402.7625,87.53500000000001,840.0,210.0,1
402.7625,87.53500000000001,840.0,210.0,1
402.7625,87.53500000000001,840.0,210.0,1
402.7625,87.53500000000001,840.0,210.0,1
402.7625,87.53500000000001,840.0,210.0,1
402.7625,87.53500000000001,840.0,210.0,1
402.7625,87.53500000000001,840.0,210.0,1
402.7625,87.53500000000001,840.0,210.0,1
402.7625,87.53500000000001,840.0,210.0,1
402.7625,87.53500000000001,840.0,210.0,1
402.7625,87.53500000000001,840.0,210.0,1
402.7625,87.53500000000001,840.0,210.0,1
402.7625,87.53500000000001,840.0,210.0,1
402.7625,87.53500000000001,840.0,210.0,1
402.7625,87.53500000000001,840.0,210.0,1
402.7625,87.53500000000001,840.0,210.0,1
402.7625,87.53500000000001,840.0,210.0,1
402.7625,87.53500000000001,840.0,210.0,1
402.7625,87.53500000000001,840.0,210.0,1
402.7625,87.53500000000001,840.0,210.0,1
402.7625,87.53500000000001,840.0,210.0,1
402.7625,87.53500000000001,840.0,210.0,1
402.7625,87.53500000000001,840.0,210.0,1
402.7625,87.53500000000001,840.0,210.0,1
402.7625,87.53500000000001,840.0,210.0,1
402.7625,87.53500000000001,840.0,210.0,1
402.7625,87.53500000000001,840.0,210.0,1
402.7625,87.53500000000001,840.0,210.0,1
402.7625,87.53500000000001,840.0,210.0,1
402.7625,87.53500000000001,840.0,210.0,1
402.7625,87.53500000000001,840.0,210.0,1
402.7625,87.53500000000001,840.0,210.0,1
402.7625,87.53500000000001,840.0,210.0,1
402.7625,87.53500000000001,840.0,210.0,1
402.7625,87.53500000000001,840.0,210.0,1
402.7625,87.53500000000001,840.0,210.0,1
402.7625,87.53500000000001,840.0,210.0,1
402.7625,87.53500000000001,840.0,210.0,1
402.7625,87.53500000000001,840.0,210.0,1
402.7625,87.53500000000001,840.0,210.0,1
402.7625,87.53500000000001,840.0,210.0,1
402.7625,87.53500000000001,840.0,210.0,1
402.7625,87.53500000000001,840.0,210.0,1
402.7625,87.53500000000001,840.0,210.0,1
402.7625,87.53500000000001,840.0,210.0,1
402.7625,87.53500000000001,840.0,210.0,1
402.7625,87.53500000000001,840.0,210.0,1
402.7625,87.53500000000001,840.0,210.0,1
402.7625,87.53500000000001,840.0,210.0,1
402.7625,87.53500000000001,840.0,210.0,1
402.7625,87.53500000000001,840.0,210.0,1
402.7625,87.53500000000001,840.0,210.0,1
402.7625,87.53500000000001,840.0,210.0,1
402.7625,87.53500000000001,840.0,210.0,1
402.7625,87.53500000000001,840.0,210.0,1
402.7625,87.53500000000001,840.0,210.0,1
402.7625,87.53500000000001,840.0,210.0,1
402.7625,87.53500000000001,840.0,210.0,1
402.7625,87.53500000000001,840.0,210.0,1
402.7625,87.53500000000001,840.0,210.0,1
402.7625,87.53500000000001,840.0,210.0,1
402.7625,87.53500000000001,840.0,210.0,1
402.7625,87.53500000000001,840.0,210.0,1
402.7625,87.53500000000001,840.0,210.0,1
402.7625,87.53500000000001,840.0,210.0,1
402.7625,87.53500000000001,840.0,210.0,1
402.7625,87.53500000000001,840.0,210.0,1
402.7625,87.53500000000001,840.0,210.0,1
402.7625,87.53500000000001,840.0,210.0,1
402.7625,87.53500000000001,840.0,210.0,1
402.7625,87.53500000000001,840.0,210.0,1
402.7625,87.53500000000001,840.0,210.0,1
402.7625,87.53500000000001,840.0,210.0,1
402.7625,87.53500000000001,840.0,210.0,1
402.7625,87.53500000000001,840.0,210.0,1
402.7625,87.53500000000001,840.0,210.0,1
402.7625,87.53500000000001,840.0,210.0,1
402.7625,87.53500000000001,840.0,210.0,1
402.7625,87.53500000000001,840.0,210.0,1
402.7625,87.53500000000001,840.0,210.0,1
402.7625,87.53500000000001,840.0,210.0,1
402.7625,87.53500000000001,840.0,210.0,1
402.7625,87.53500000000001,840.0,210.0,1
402.7625,87.53500000000001,840.0,210.0,1
402.7625,87.53500000000001,840.0,210.0,1
402.7625,87.53500000000001,840.0,210.0,1
402.7625,87.53500000000001,840.0,210.0,1
402.7625,87.53500000000001,840.0,210.0,1
402.7625,87.53500000000001,840.0,210.0,1
402.7625,87.53500000000001,840.0,210.0,1
402.7625,87.53500000000001,840.0,210.0,1
402.7625,87.53500000000001,840.0,210.0,1
402.7625,87.53500000000001,840.0,210.0,1
402.7625,87.53500000000001,840.0,210.0,1
402.7625,87.53500000000001,840.0,210.0,1
402.7625,87.53500000000001,840.0,210.0,1
402.7625,87.53500000000001,840.0,210.0,1
402.7625,87.53500000000001,840.0,210.0,1
402.7625,87.53500000000001,840.0,210.0,1
402.7625,87.53500000000001,840.0,210.0,1
402.7625,87.53500000000001,840.0,210.0,1
402.7625,87.53500000000001,840.0,210.0,1
402.7625,87.53500000000001,840.0,210.0,1
402.7625,87.53500000000001,840.0,210.0,1
402.7625,87.53500000000001,840.0,210.0,1
402.7625,87.53500000000001,840.0,210.0,1
402.7625,87.53500000000001,840.0,210.0,1
402.7625,87.53500000000001,840.0,210.0,1
402.7625,87.53500000000001,840.0,210.0,1
402.7625,87.53500000000001,840.0,210.0,1
402.7625,87.53500000000001,840.0,210.0,1
402.7625,87.53500000000001,840.0,210.0,1
402.7625,87.53500000000001,840.0,210.0,1
402.7625,87.53500000000001,840.0,210.0,1
402.7625,87.53500000000001,840.0,210.0,1
402.7625,87.53500000000001,840.0,210.0,1
402.7625,87.53500000000001,840.0,210.0,1
402.7625,87.53500000000001,840.0,210.0,1
402.7625,87.53500000000001,840.0,210.0,1
402.7625,87.53500000000001,840.0,210.0,1
402.7625,87.53500000000001,840.0,210.0,1
402.7625,87.53500000000001,840.0,210.0,1
402.7625,87.53500000000001,840.0,210.0,1
402.7625,87.53500000000001,840.0,210.0,1
402.7625,87.53500000000001,840.0,210.0,1
402.7625,87.53500000000001,840.0,210.0,1
402.7625,87.53500000000001,840.0,210.0,1
402.7625,87.53500000000001,840.0,210.0,1
402.7625,87.53500000000001,840.0,210.0,1
402.7625,87.53500000000001,840.0,210.0,1
402.7625,87.53500000000001,840.0,210.0,1
402.7625,87.53500000000001,840.0,210.0,1
402.7625,87.53500000000001,840.0,210.0,1
402.7625,87.53500000000001,840.0,210.0,1
402.7625,87.53500000000001,840.0,210.0,1
402.7625,87.53500000000001,840.0,210.0,1
402.7625,87.53500000000001,840.0,210.0,1
402.7625,87.53500000000001,840.0,210.0,1
402.7625,87.53500000000001,840.0,210.0,1
402.7625,87.53500000000001,840.0,210.0,1
402.7625,87.53500000000001,840.0,210.0,1
402.7625,87.53500000000001,840.0,210.0,1
402.7625,87.53500000000001,840.0,210.0,1
402.7625,87.53500000000001,840.0,210.0,1
402.7625,87.53500000000001,840.0,210.0,1
402.7625,87.53500000000001,840.0,210.0,1
402.7625,87.53500000000001,840.0,210.0,1
402.7625,87.53500000000001,840.0,210.0,1
402.7625,87.53500000000001,840.0,210.0,1
402.7625,87.53500000000001,840.0,210.0,1
402.7625,87.53500000000001,840.0,210.0,1
402.7625,87.53500000000001,840.0,210.0,1
402.7625,87.53500000000001,840.0,210.0,1
402.7625,87.53500000000001,840.0,210.0,1
402.7625,87.53500000000001,840.0,210.0,1
402.7625,87.53500000000001,840.0,210.0,1
402.7625,87.53500000000001,840.0,210.0,1
402.7625,87.53500000000001,840.0,210.0,1
402.7625,87.53500000000001,840.0,210.0,1
402.7625,87.53500000000001,840.0,210.0,1
402.7625,87.53500000000001,840.0,210.0,1
402.7625,87.53500000000001,840.0,210.0,1
402.7625,87.53500000000001,840.0,210.0,1
402.7625,87.53500000000001,840.0,210.0,1
402.7625,87.53500000000001,840.0,210.0,1
402.7625,87.53500000000001,840.0,210.0,1
402.7625,87.53500000000001,840.0,210.0,1
402.7625,87.53500000000001,840.0,210.0,1
402.7625,87.53500000000001,840.0,210.0,1
402.7625,87.53500000000001,840.0,210.0,1
402.7625,87.53500000000001,840.0,210.0,1
402.7625,87.53500000000001,840.0,210.0,1
402.7625,87.53500000000001,840.0,210.0,1
402.7625,87.53500000000001,840.0,210.0,1
402.7625,87.53500000000001,840.0,210.0,1
402.7625,87.53500000000001,840.0,210.0,1
402.7625,87.53500000000001,840.0,210.0,1
402.7625,87.53500000000001,840.0,210.0,1
402.7625,87.53500000000001,840.0,210.0,1
402.7625,87.53500000000001,840.0,210.0,1
402.7625,87.53500000000001,840.0,210.0,1
402.7625,87.53500000000001,840.0,210.0,1
402.7625,87.53500000000001,840.0,210.0,1
402.7625,87.53500000000001,840.0,210.0,1
402.7625,87.53500000000001,840.0,210.0,1
402.7625,87.53500000000001,840.0,210.0,1
402.7625,87.53500000000001,840.0,210.0,1
402.7625,87.53500000000001,840.0,210.0,1
402.7625,87.53500000000001,840.0,210.0,1
402.7625,87.53500000000001,840.0,210.0,1
402.7625,87.53500000000001,840.0,210.0,1
402.7625,87.53500000000001,840.0,210.0,1
402.7625,87.53500000000001,840.0,210.0,1
402.7625,87.53500000000001,840.0,210.0,1
402.7625,87.53500000000001,840.0,210.0,1
402.7625,87.53500000000001,840.0,210.0,1
402.7625,87.53500000000001,840.0,210.0,1
402.7625,87.53500000000001,840.0,210.0,1
402.7625,87.53500000000001,840.0,210.0,1
402.7625,87.53500000000001,840.0,210.0,1
402.7625,87.53500000000001,840.0,210.0,1
402.7625,87.53500000000001,840.0,210.0,1
402.7625,87.53500000000001,840.0,210.0,1
402.7625,87.53500000000001,840.0,210.0,1
402.7625,87.53500000000001,840.0,210.0,1
402.7625,87.53500000000001,840.0,210.0,1
402.7625,87.53500000000001,840.0,210.0,1
402.7625,87.53500000000001,840.0,210.0,1
402.7625,87.53500000000001,840.0,210.0,1
402.7625,87.53500000000001,840.0,210.0,1
402.7625,87.53500000000001,840.0,210.0,1
402.7625,87.53500000000001,840.0,210.0,1
402.7625,87.53500000000001,840.0,210.0,1
402.7625,87.53500000000001,840.0,210.0,1
402.7625,87.53500000000001,840.0,210.0,1
402.7625,87.53500000000001,840.0,210.0,1
402.7625,87.53500000000001,840.0,210.0,1
402.7625,87.53500000000001,840.0,210.0,1
402.7625,87.53500000000001,840.0,210.0,1
402.7625,87.53500000000001,840.0,210.0,1
402.7625,87.53500000000001,840.0,210.0,1
402.7625,87.53500000000001,840.0,210.0,1
402.7625,87.53500000000001,840.0,210.0,1
402.7625,87.53500000000001,840.0,210.0,1
402.7625,87.53500000000001,840.0,210.0,1
402.7625,87.53500000000001,840.0,210.0,1
402.7625,87.53500000000001,840.0,210.0,1
402.7625,87.53500000000001,840.0,210.0,1
402.7625,87.53500000000001,840.0,210.0,1
402.7625,87.53500000000001,840.0,210.0,1
402.7625,87.53500000000001,840.0,210.0,1
402.7625,87.53500000000001,840.0,210.0,1
402.7625,87.53500000000001,840.0,210.0,1
402.7625,87.53500000000001,840.0,210.0,1
402.7625,87.53500000000001,840.0,210.0,1
402.7625,87.53500000000001,840.0,210.0,1
402.7625,87.53500000000001,840.0,210.0,1
402.7625,87.53500000000001,840.0,210.0,1
402.7625,87.53500000000001,840.0,210.0,1
402.7625,87.53500000000001,840.0,210.0,1
402.7625,87.53500000000001,840.0,210.0,1
402.7625,87.53500000000001,840.0,210.0,1
402.7625,87.53500000000001,840.0,210.0,1
402.7625,87.53500000000001,840.0,210.0,1
402.7625,87.53500000000001,840.0,210.0,1
402.7625,87.53500000000001,840.0,210.0,1
402.7625,87.53500000000001,840.0,210.0,1
402.7625,87.53500000000001,840.0,210.0,1
402.7625,87.53500000000001,840.0,210.0,1
402.7625,87.53500000000001,840.0,210.0,1
402.7625,87.53500000000001,840.0,210.0,1
402.7625,87.53500000000001,840.0,210.0,1
402.7625,87.53500000000001,840.0,210.0,1
402.7625,87.53500000000001,840.0,210.0,1
402.7625,87.53500000000001,840.0,210.0,1
402.7625,87.53500000000001,840.0,210.0,1
402.7625,87.53500000000001,840.0,210.0,1
402.7625,87.53500000000001,840.0,210.0,1
402.7625,87.53500000000001,840.0,210.0,1
402.7625,87.53500000000001,840.0,210.0,1
402.7625,87.53500000000001,840.0,210.0,1
402.7625,87.53500000000001,840.0,210.0,1
402.7625,87.53500000000001,840.0,210.0,1
402.7625,87.53500000000001,840.0,210.0,1
402.7625,87.53500000000001,840.0,210.0,1
402.7625,87.53500000000001,840.0,210.0,1
402.7625,87.53500000000001,840.0,210.0,1
402.7625,87.53500000000001,840.0,210.0,1
402.7625,87.53500000000001,840.0,210.0,1
402.7625,87.53500000000001,840.0,210.0,1
402.7625,87.53500000000001,840.0,210.0,1
402.7625,87.53500000000001,840.0,210.0,1
402.7625,87.53500000000001,840.0,210.0,1
402.7625,87.53500000000001,840.0,210.0,1
402.7625,87.53500000000001,840.0,210.0,1
402.7625,87.53500000000001,840.0,210.0,1
402.7625,87.53500000000001,840.0,210.0,1
402.7625,87.53500000000001,840.0,210.0,1
402.7625,87.53500000000001,840.0,210.0,1
402.7625,87.53500000000001,840.0,210.0,1
402.7625,87.53500000000001,840.0,210.0,1
402.7625,87.53500000000001,840.0,210.0,1
402.7625,87.53500000000001,840.0,210.0,1
402.7625,87.53500000000001,840.0,210.0,1
402.7625,87.53500000000001,840.0,210.0,1
402.7625,87.53500000000001,840.0,210.0,1
402.7625,87.53500000000001,840.0,210.0,1
402.7625,87.53500000000001,840.0,210.0,1
402.7625,87.53500000000001,840.0,210.0,1
402.7625,87.53500000000001,840.0,210.0,1
402.7625,87.53500000000001,840.0,210.0,1
402.7625,87.53500000000001,840.0,210.0,1
402.7625,87.53500000000001,840.0,210.0,1
402.7625,87.53500000000001,840.0,210.0,1
402.7625,87.53500000000001,840.0,210.0,1
402.7625,87.53500000000001,840.0,210.0,1
402.7625,87.53500000000001,840.0,210.0,1
402.7625,87.53500000000001,840.0,210.0,1
402.7625,87.53500000000001,840.0,210.0,1
402.7625,87.53500000000001,840.0,210.0,1
402.7625,87.53500000000001,840.0,210.0,1
402.7625,87.53500000000001,840.0,210.0,1
402.7625,87.53500000000001,840.0,210.0,1
402.7625,87.53500000000001,840.0,210.0,1
402.7625,87.53500000000001,840.0,210.0,1
402.7625,87.53500000000001,840.0,210.0,1
402.7625,87.53500000000001,840.0,210.0,1
402.7625,87.53500000000001,840.0,210.0,1
402.7625,87.53500000000001,840.0,210.0,1
402.7625,87.53500000000001,840.0,210.0,1
402.7625,87.53500000000001,840.0,210.0,1
402.7625,87.53500000000001,840.0,210.0,1
402.7625,87.53500000000001,840.0,210.0,1
402.7625,87.53500000000001,840.0,210.0,1
402.7625,87.53500000000001,840.0,210.0,1
402.7625,87.53500000000001,840.0,210.0,1
402.7625,87.53500000000001,840.0,210.0,1
402.7625,87.53500000000001,840.0,210.0,1
402.7625,87.53500000000001,840.0,210.0,1
402.7625,87.53500000000001,840.0,210.0,1
402.7625,87.53500000000001,840.0,210.0,1
402.7625,87.53500000000001,840.0,210.0,1
402.7625,87.53500000000001,840.0,210.0,1
402.7625,87.53500000000001,840.0,210.0,1
402.7625,87.53500000000001,840.0,210.0,1
402.7625,87.53500000000001,840.0,210.0,1
402.7625,87.53500000000001,840.0,210.0,1
402.7625,87.53500000000001,840.0,210.0,1
402.7625,87.53500000000001,840.0,210.0,1
402.7625,87.53500000000001,840.0,210.0,1
402.7625,87.53500000000001,840.0,210.0,1
402.7625,87.53500000000001,840.0,210.0,1
402.7625,87.53500000000001,840.0,210.0,1
402.7625,87.53500000000001,840.0,210.0,1
402.7625,87.53500000000001,840.0,210.0,1
402.7625,87.53500000000001,840.0,210.0,1
402.7625,87.53500000000001,840.0,210.0,1
402.7625,87.53500000000001,840.0,210.0,1
402.7625,87.53500000000001,840.0,210.0,1
402.7625,87.53500000000001,840.0,210.0,1
402.7625,87.53500000000001,840.0,210.0,1
402.7625,87.53500000000001,840.0,210.0,1
402.7625,87.53500000000001,840.0,210.0,1
402.7625,87.53500000000001,840.0,210.0,1
402.7625,87.53500000000001,840.0,210.0,1
402.7625,87.53500000000001,840.0,210.0,1
402.7625,87.53500000000001,840.0,210.0,1
402.7625,87.53500000000001,840.0,210.0,1
402.7625,87.53500000000001,840.0,210.0,1
402.7625,87.53500000000001,840.0,210.0,1
402.7625,87.53500000000001,840.0,210.0,1
402.7625,87.53500000000001,840.0,210.0,1
402.7625,87.53500000000001,840.0,210.0,1
402.7625,87.53500000000001,840.0,210.0,1
402.7625,87.53500000000001,840.0,210.0,1
402.7625,87.53500000000001,840.0,210.0,1
402.7625,87.53500000000001,840.0,210.0,1
402.7625,87.53500000000001,840.0,210.0,1
402.7625,87.53500000000001,840.0,210.0,1
402.7625,87.53500000000001,840.0,210.0,1
402.7625,87.53500000000001,840.0,210.0,1
402.7625,87.53500000000001,840.0,210.0,1
402.7625,87.53500000000001,840.0,210.0,1
402.7625,87.53500000000001,840.0,210.0,1
402.7625,87.53500000000001,840.0,210.0,1
402.7625,87.53500000000001,840.0,210.0,1
402.7625,87.53500000000001,840.0,210.0,1
402.7625,87.53500000000001,840.0,210.0,1
402.7625,87.53500000000001,840.0,210.0,1
402.7625,87.53500000000001,840.0,210.0,1
402.7625,87.53500000000001,840.0,210.0,1
402.7625,87.53500000000001,840.0,210.0,1
402.7625,87.53500000000001,840.0,210.0,1
402.7625,87.53500000000001,840.0,210.0,1
402.7625,87.53500000000001,840.0,210.0,1
402.7625,87.53500000000001,840.0,210.0,1
402.7625,87.53500000000001,840.0,210.0,1
402.7625,87.53500000000001,840.0,210.0,1
402.7625,87.53500000000001,840.0,210.0,1
402.7625,87.53500000000001,840.0,210.0,1
402.7625,87.53500000000001,840.0,210.0,1
402.7625,87.53500000000001,840.0,210.0,1
402.7625,87.53500000000001,840.0,210.0,1
402.7625,87.53500000000001,840.0,210.0,1
402.7625,87.53500000000001,840.0,210.0,1
402.7625,87.53500000000001,840.0,210.0,1
402.7625,87.53500000000001,840.0,210.0,1
402.7625,87.53500000000001,840.0,210.0,1
402.7625,87.53500000000001,840.0,210.0,1
402.7625,87.53500000000001,840.0,210.0,1
402.7625,87.53500000000001,840.0,210.0,1
402.7625,87.53500000000001,840.0,210.0,1
402.7625,87.53500000000001,840.0,210.0,1
402.7625,87.53500000000001,840.0,210.0,1
402.7625,87.53500000000001,840.0,210.0,1
402.7625,87.53500000000001,840.0,210.0,1
402.7625,87.53500000000001,840.0,210.0,1
402.7625,87.53500000000001,840.0,210.0,1
402.7625,87.53500000000001,840.0,210.0,1
402.7625,87.53500000000001,840.0,210.0,1
402.7625,87.53500000000001,840.0,210.0,1
402.7625,87.53500000000001,840.0,210.0,1
402.7625,87.53500000000001,840.0,210.0,1
402.7625,87.53500000000001,840.0,210.0,1
402.7625,87.53500000000001,840.0,210.0,1
402.7625,87.53500000000001,840.0,210.0,1
402.7625,87.53500000000001,840.0,210.0,1
402.7625,87.53500000000001,840.0,210.0,1
402.7625,87.53500000000001,840.0,210.0,1
402.7625,87.53500000000001,840.0,210.0,1
402.7625,87.53500000000001,840.0,210.0,1
402.7625,87.53500000000001,840.0,210.0,1
402.7625,87.53500000000001,840.0,210.0,1
402.7625,87.53500000000001,840.0,210.0,1
402.7625,87.53500000000001,840.0,210.0,1
402.7625,87.53500000000001,840.0,210.0,1
402.7625,87.53500000000001,840.0,210.0,1
402.7625,87.53500000000001,840.0,210.0,1
402.7625,87.53500000000001,840.0,210.0,1
402.7625,87.53500000000001,840.0,210.0,1
402.7625,87.53500000000001,840.0,210.0,1
402.7625,87.53500000000001,840.0,210.0,1
402.7625,87.53500000000001,840.0,210.0,1
402.7625,87.53500000000001,840.0,210.0,1
402.7625,87.53500000000001,840.0,210.0,1
402.7625,87.53500000000001,840.0,210.0,1
402.7625,87.53500000000001,840.0,210.0,1
402.7625,87.53500000000001,840.0,210.0,1
402.7625,87.53500000000001,840.0,210.0,1
402.7625,87.53500000000001,840.0,210.0,1
402.7625,87.53500000000001,840.0,210.0,1
402.7625,87.53500000000001,840.0,210.0,1
402.7625,87.53500000000001,840.0,210.0,1
402.7625,87.53500000000001,840.0,210.0,1
402.7625,87.53500000000001,840.0,210.0,1
402.7625,87.53500000000001,840.0,210.0,1
402.7625,87.53500000000001,840.0,210.0,1
402.7625,87.53500000000001,840.0,210.0,1
402.7625,87.53500000000001,840.0,210.0,1
402.7625,87.53500000000001,840.0,210.0,1
402.7625,87.53500000000001,840.0,210.0,1
402.7625,87.53500000000001,840.0,210.0,1
402.7625,87.53500000000001,840.0,210.0,1
402.7625,87.53500000000001,840.0,210.0,1
402.7625,87.53500000000001,840.0,210.0,1
402.7625,87.53500000000001,840.0,210.0,1
402.7625,87.53500000000001,840.0,210.0,1
402.7625,87.53500000000001,840.0,210.0,1
402.7625,87.53500000000001,840.0,210.0,1
402.7625,87.53500000000001,840.0,210.0,1
402.7625,87.53500000000001,840.0,210.0,1
402.7625,87.53500000000001,840.0,210.0,1
402.7625,87.53500000000001,840.0,210.0,1
402.7625,87.53500000000001,840.0,210.0,1
402.7625,87.53500000000001,840.0,210.0,1
402.7625,87.53500000000001,840.0,210.0,1
402.7625,87.53500000000001,840.0,210.0,1
402.7625,87.53500000000001,840.0,210.0,1
402.7625,87.53500000000001,840.0,210.0,1
402.7625,87.53500000000001,840.0,210.0,1
402.7625,87.53500000000001,840.0,210.0,1
402.7625,87.53500000000001,840.0,210.0,1
402.7625,87.53500000000001,840.0,210.0,1
402.7625,87.53500000000001,840.0,210.0,1
402.7625,87.53500000000001,840.0,210.0,1
402.7625,87.53500000000001,840.0,210.0,1
402.7625,87.53500000000001,840.0,210.0,1
402.7625,87.53500000000001,840.0,210.0,1
402.7625,87.53500000000001,840.0,210.0,1
402.7625,87.53500000000001,840.0,210.0,1
402.7625,87.53500000000001,840.0,210.0,1
402.7625,87.53500000000001,840.0,210.0,1
402.7625,87.53500000000001,840.0,210.0,1
402.7625,87.53500000000001,840.0,210.0,1
402.7625,87.53500000000001,840.0,210.0,1
402.7625,87.53500000000001,840.0,210.0,1
402.7625,87.53500000000001,840.0,210.0,1
402.7625,87.53500000000001,840.0,210.0,1
402.7625,87.53500000000001,840.0,210.0,1
402.7625,87.53500000000001,840.0,210.0,1
402.7625,87.53500000000001,840.0,210.0,1
402.7625,87.53500000000001,840.0,210.0,1
402.7625,87.53500000000001,840.0,210.0,1
402.7625,87.53500000000001,840.0,210.0,1
402.7625,87.53500000000001,840.0,210.0,1
402.7625,87.53500000000001,840.0,210.0,1
402.7625,87.53500000000001,840.0,210.0,1
402.7625,87.53500000000001,840.0,210.0,1
402.7625,87.53500000000001,840.0,210.0,1
402.7625,87.53500000000001,840.0,210.0,1
402.7625,87.53500000000001,840.0,210.0,1
402.7625,87.53500000000001,840.0,210.0,1
402.7625,87.53500000000001,840.0,210.0,1
402.7625,87.53500000000001,840.0,210.0,1
402.7625,87.53500000000001,840.0,210.0,1
402.7625,87.53500000000001,840.0,210.0,1
402.7625,87.53500000000001,840.0,210.0,1
402.7625,87.53500000000001,840.0,210.0,1
402.7625,87.53500000000001,840.0,210.0,1
402.7625,87.53500000000001,840.0,210.0,1
402.7625,87.53500000000001,840.0,210.0,1
402.7625,87.53500000000001,840.0,210.0,1
402.7625,87.53500000000001,840.0,210.0,1
402.7625,87.53500000000001,840.0,210.0,1
402.7625,87.53500000000001,840.0,210.0,1
402.7625,87.53500000000001,840.0,210.0,1
402.7625,87.53500000000001,840.0,210.0,1
402.7625,87.53500000000001,840.0,210.0,1
402.7625,87.53500000000001,840.0,210.0,1
402.7625,87.53500000000001,840.0,210.0,1
402.7625,87.53500000000001,840.0,210.0,1
402.7625,87.53500000000001,840.0,210.0,1
402.7625,87.53500000000001,840.0,210.0,1
402.7625,87.53500000000001,840.0,210.0,1
402.7625,87.53500000000001,840.0,210.0,1
402.7625,87.53500000000001,840.0,210.0,1
402.7625,87.53500000000001,840.0,210.0,1
402.7625,87.53500000000001,840.0,210.0,1
402.7625,87.53500000000001,840.0,210.0,1
402.7625,87.53500000000001,840.0,210.0,1
402.7625,87.53500000000001,840.0,210.0,1
402.7625,87.53500000000001,840.0,210.0,1
402.7625,87.53500000000001,840.0,210.0,1
402.7625,87.53500000000001,840.0,210.0,1
402.7625,87.53500000000001,840.0,210.0,1
402.7625,87.53500000000001,840.0,210.0,1
402.7625,87.53500000000001,840.0,210.0,1
402.7625,87.53500000000001,840.0,210.0,1
402.7625,87.53500000000001,840.0,210.0,1
402.7625,87.53500000000001,840.0,210.0,1
402.7625,87.53500000000001,840.0,210.0,1
402.7625,87.53500000000001,840.0,210.0,1
402.7625,87.53500000000001,840.0,210.0,1
402.7625,87.53500000000001,840.0,210.0,1
402.7625,87.53500000000001,840.0,210.0,1
402.7625,87.53500000000001,840.0,210.0,1
402.7625,87.53500000000001,840.0,210.0,1
402.7625,87.53500000000001,840.0,210.0,1
402.7625,87.53500000000001,840.0,210.0,1
402.7625,87.53500000000001,840.0,210.0,1
402.7625,87.53500000000001,840.0,210.0,1
402.7625,87.53500000000001,840.0,210.0,1
402.7625,87.53500000000001,840.0,210.0,1
402.7625,87.53500000000001,840.0,210.0,1
402.7625,87.53500000000001,840.0,210.0,1
402.7625,87.53500000000001,840.0,210.0,1
402.7625,87.53500000000001,840.0,210.0,1
402.7625,87.53500000000001,840.0,210.0,1
402.7625,87.53500000000001,840.0,210.0,1
402.7625,87.53500000000001,840.0,210.0,1
402.7625,87.53500000000001,840.0,210.0,1
402.7625,87.53500000000001,840.0,210.0,1
402.7625,87.53500000000001,840.0,210.0,1
402.7625,87.53500000000001,840.0,210.0,1
402.7625,87.53500000000001,840.0,210.0,1
402.7625,87.53500000000001,840.0,210.0,1
402.7625,87.53500000000001,840.0,210.0,1
402.7625,87.53500000000001,840.0,210.0,1
402.7625,87.53500000000001,840.0,210.0,1
402.7625,87.53500000000001,840.0,210.0,1
402.7625,87.53500000000001,840.0,210.0,1
402.7625,87.53500000000001,840.0,210.0,1
402.7625,87.53500000000001,840.0,210.0,1
402.7625,87.53500000000001,840.0,210.0,1
402.7625,87.53500000000001,840.0,210.0,1
402.7625,87.53500000000001,840.0,210.0,1
402.7625,87.53500000000001,840.0,210.0,1
402.7625,87.53500000000001,840.0,210.0,1
402.7625,87.53500000000001,840.0,210.0,1
402.7625,87.53500000000001,840.0,210.0,1
402.7625,87.53500000000001,840.0,210.0,1
402.7625,87.53500000000001,840.0,210.0,1
402.7625,87.53500000000001,840.0,210.0,1
402.7625,87.53500000000001,840.0,210.0,1
402.7625,87.53500000000001,840.0,210.0,1
402.7625,87.53500000000001,840.0,210.0,1
402.7625,87.53500000000001,840.0,210.0,1
402.7625,87.53500000000001,840.0,210.0,1
402.7625,87.53500000000001,840.0,210.0,1
402.7625,87.53500000000001,840.0,210.0,1
402.7625,87.53500000000001,840.0,210.0,1
402.7625,87.53500000000001,840.0,210.0,1
402.7625,87.53500000000001,840.0,210.0,1
402.7625,87.53500000000001,840.0,210.0,1
402.7625,87.53500000000001,840.0,210.0,1
402.7625,87.53500000000001,840.0,210.0,1
402.7625,87.53500000000001,840.0,210.0,1
402.7625,87.53500000000001,840.0,210.0,1
402.7625,87.53500000000001,840.0,210.0,1
402.7625,87.53500000000001,840.0,210.0,1
402.7625,87.53500000000001,840.0,210.0,1
402.7625,87.53500000000001,840.0,210.0,1
402.7625,87.53500000000001,840.0,210.0,1
402.7625,87.53500000000001,840.0,210.0,1
402.7625,87.53500000000001,840.0,210.0,1
402.7625,87.53500000000001,840.0,210.0,1
402.7625,87.53500000000001,840.0,210.0,1
402.7625,87.53500000000001,840.0,210.0,1
402.7625,87.53500000000001,840.0,210.0,1
402.7625,87.53500000000001,840.0,210.0,1
402.7625,87.53500000000001,840.0,210.0,1
402.7625,87.53500000000001,840.0,210.0,1
402.7625,87.53500000000001,840.0,210.0,1
402.7625,87.53500000000001,840.0,210.0,1
402.7625,87.53500000000001,840.0,210.0,1
402.7625,87.53500000000001,840.0,210.0,1
402.7625,87.53500000000001,840.0,210.0,1
402.7625,87.53500000000001,840.0,210.0,1
402.7625,87.53500000000001,840.0,210.0,1
402.7625,87.53500000000001,840.0,210.0,1
402.7625,87.53500000000001,840.0,210.0,1
402.7625,87.53500000000001,840.0,210.0,1
402.7625,87.53500000000001,840.0,210.0,1
402.7625,87.53500000000001,840.0,210.0,1
402.7625,87.53500000000001,840.0,210.0,1
402.7625,87.53500000000001,840.0,210.0,1
402.7625,87.53500000000001,840.0,210.0,1
402.7625,87.53500000000001,840.0,210.0,1
402.7625,87.53500000000001,840.0,210.0,1
402.7625,87.53500000000001,840.0,210.0,1
402.7625,87.53500000000001,840.0,210.0,1
402.7625,87.53500000000001,840.0,210.0,1
402.7625,87.53500000000001,840.0,210.0,1
402.7625,87.53500000000001,840.0,210.0,1
402.7625,87.53500000000001,840.0,210.0,1
402.7625,87.53500000000001,840.0,210.0,1
402.7625,87.53500000000001,840.0,210.0,1
402.7625,87.53500000000001,840.0,210.0,1
402.7625,87.53500000000001,840.0,210.0,1
402.7625,87.53500000000001,840.0,210.0,1
402.7625,87.53500000000001,840.0,210.0,1
402.7625,87.53500000000001,840.0,210.0,1
402.7625,87.53500000000001,840.0,210.0,1
402.7625,87.53500000000001,840.0,210.0,1
402.7625,87.53500000000001,840.0,210.0,1
402.7625,87.53500000000001,840.0,210.0,1
402.7625,87.53500000000001,840.0,210.0,1
402.7625,87.53500000000001,840.0,210.0,1
402.7625,87.53500000000001,840.0,210.0,1
402.7625,87.53500000000001,840.0,210.0,1
402.7625,87.53500000000001,840.0,210.0,1
402.7625,87.53500000000001,840.0,210.0,1
402.7625,87.53500000000001,840.0,210.0,1
402.7625,87.53500000000001,840.0,210.0,1
402.7625,87.53500000000001,840.0,210.0,1
402.7625,87.53500000000001,840.0,210.0,1
402.7625,87.53500000000001,840.0,210.0,1
402.7625,87.53500000000001,840.0,210.0,1
402.7625,87.53500000000001,840.0,210.0,1
402.7625,87.53500000000001,840.0,210.0,1
402.7625,87.53500000000001,840.0,210.0,1
402.7625,87.53500000000001,840.0,210.0,1
402.7625,87.53500000000001,840.0,210.0,1
402.7625,87.53500000000001,840.0,210.0,1
402.7625,87.53500000000001,840.0,210.0,1
402.7625,87.53500000000001,840.0,210.0,1
402.7625,87.53500000000001,840.0,210.0,1
402.7625,87.53500000000001,840.0,210.0,1
402.7625,87.53500000000001,840.0,210.0,1
402.7625,87.53500000000001,840.0,210.0,1
402.7625,87.53500000000001,840.0,210.0,1
402.7625,87.53500000000001,840.0,210.0,1
402.7625,87.53500000000001,840.0,210.0,1
402.7625,87.53500000000001,840.0,210.0,1
402.7625,87.53500000000001,840.0,210.0,1
402.7625,87.53500000000001,840.0,210.0,1
402.7625,87.53500000000001,840.0,210.0,1
402.7625,87.53500000000001,840.0,210.0,1
402.7625,87.53500000000001,840.0,210.0,1
402.7625,87.53500000000001,840.0,210.0,1
402.7625,87.53500000000001,840.0,210.0,1
402.7625,87.53500000000001,840.0,210.0,1
402.7625,87.53500000000001,840.0,210.0,1
402.7625,87.53500000000001,840.0,210.0,1
402.7625,87.53500000000001,840.0,210.0,1
402.7625,87.53500000000001,840.0,210.0,1
402.7625,87.53500000000001,840.0,210.0,1
402.7625,87.53500000000001,840.0,210.0,1
402.7625,87.53500000000001,840.0,210.0,1
402.7625,87.53500000000001,840.0,210.0,1
402.7625,87.53500000000001,840.0,210.0,1
402.7625,87.53500000000001,840.0,210.0,1
402.7625,87.53500000000001,840.0,210.0,1
402.7625,87.53500000000001,840.0,210.0,1
402.7625,87.53500000000001,840.0,210.0,1
402.7625,87.53500000000001,840.0,210.0,1
402.7625,87.53500000000001,840.0,210.0,1
402.7625,87.53500000000001,840.0,210.0,1
402.7625,87.53500000000001,840.0,210.0,1
402.7625,87.53500000000001,840.0,210.0,1
402.7625,87.53500000000001,840.0,210.0,1
402.7625,87.53500000000001,840.0,210.0,1
402.7625,87.53500000000001,840.0,210.0,1
402.7625,87.53500000000001,840.0,210.0,1
402.7625,87.53500000000001,840.0,210.0,1
402.7625,87.53500000000001,840.0,210.0,1
402.7625,87.53500000000001,840.0,210.0,1
402.7625,87.53500000000001,840.0,210.0,1
402.7625,87.53500000000001,840.0,210.0,1
402.7625,87.53500000000001,840.0,210.0,1
402.7625,87.53500000000001,840.0,210.0,1
402.7625,87.53500000000001,840.0,210.0,1
402.7625,87.53500000000001,840.0,210.0,1
402.7625,87.53500000000001,840.0,210.0,1
402.7625,87.53500000000001,840.0,210.0,1
402.7625,87.53500000000001,840.0,210.0,1
